salary_avg_norm,location_legitimacy,loc_len,loc_word_count,has_us_prefix,has_state_code,starts_with_direction,contains_digits,industry_group_Education,industry_group_Engineering/Construction,industry_group_Finance,industry_group_Government/Nonprofit,industry_group_Healthcare,industry_group_Manufacturing/Industrial,industry_group_Other,industry_group_Other Business/Services,industry_group_Retail/Hospitality,industry_group_Technology,industry_group_Transportation,rf_pred_fraud
0.00034439173409971037,5,24,85,0,1,0,1,1,0,0,0,0,0,0,0,0,0,0,0
0.00111091360383886,5,14,3,0,1,0,0,1,0,0,0,0,0,0,0,0,0,0,0
0.000983159958882335,5,48,9,0,1,0,1,1,0,0,0,0,0,0,0,0,0,0,0
7.529441876664754e-07,5,49,7,0,1,0,1,1,0,0,0,0,0,0,0,0,0,0,0
0.00039993679712428643,5,11,2,0,1,0,0,1,0,0,0,0,0,0,0,0,0,0,0
0.0005431196262543047,1,9,1,0,0,0,0,1,0,0,0,0,0,0,0,0,0,0,0
0.000899842364345471,5,13,3,0,1,0,0,1,0,0,0,0,0,0,0,0,0,0,0
0.0007332071752717428,5,10,2,0,1,0,0,1,0,0,0,0,0,0,0,0,0,0,0
0.0012960638139207802,5,-22,38,0,1,0,0,1,0,0,0,0,0,0,0,0,0,0,0
0.0006221170492225907,3,81,10,0,0,0,0,1,0,0,0,0,0,0,0,0,0,0,0
0.0013330938559371643,5,13,2,0,1,0,0,1,0,0,0,0,0,0,0,0,0,0,0
0.0005221359357783537,1,21,3,0,0,0,0,1,0,0,0,0,0,0,0,0,0,0,0
0.0006418664049646621,5,15,2,0,1,0,0,1,0,0,0,0,0,0,0,0,0,0,0
0.0,5,11,2,0,1,0,0,1,0,0,0,0,0,0,0,0,0,0,0
0.0005554629735930994,5,11,2,0,1,0,0,1,0,0,0,0,0,0,0,0,0,0,0
0.0005554629735930994,5,11,2,0,1,0,0,1,0,0,0,0,0,0,0,0,0,0,0
0.000377718771914456,5,16,2,0,1,0,0,1,0,0,0,0,0,0,0,0,0,0,0
0.0008949050254099531,5,11,2,0,1,0,0,1,0,0,0,0,0,0,0,0,0,0,0
0.0007109891500619123,5,15,3,0,1,0,0,1,0,0,0,0,0,0,0,0,0,0,0
0.0004665908727537777,5,13,3,0,1,0,0,1,0,0,0,0,0,0,0,0,0,0,0
0.0005924930156094835,3,36,4,0,0,0,0,1,0,0,0,0,0,0,0,0,0,0,0
0.0007220981626668276,5,11,2,0,1,0,0,1,0,0,0,0,0,0,0,0,0,0,0
0.000881327343337279,3,26,4,0,1,0,0,1,0,0,0,0,0,0,0,0,0,0,0
0.0003332827214947952,5,11,2,0,1,0,0,1,0,0,0,0,0,0,0,0,0,0,0
0.00023330160805055822,5,-69,117,0,1,0,1,1,0,0,0,0,0,0,0,0,0,0,0
0.00039993679712428643,5,64,11,0,1,0,0,1,0,0,0,0,0,0,0,0,0,0,0
0.0,5,13,2,0,1,0,0,1,0,0,0,0,0,0,0,0,0,0,0
0.00039993679712428643,5,13,2,0,1,0,0,1,0,0,0,0,0,0,0,0,0,0,0
0.001083141072326572,2,41,8,0,0,0,1,1,0,0,0,0,0,0,0,0,0,0,0
0.0,5,12,2,0,1,0,0,1,0,0,0,0,0,0,0,0,0,0,0
0.0004443728475439473,1,9,1,0,0,0,0,1,0,0,0,0,0,0,0,0,0,0,0
0.0,5,41,6,0,1,0,0,1,0,0,0,0,0,0,0,0,0,0,0
0.001523798572321542,5,10,2,0,1,0,0,1,0,0,0,0,0,0,0,0,0,0,0
0.0,5,13,2,0,1,0,0,1,0,0,0,0,0,0,0,0,0,0,0
0.0006986458027231177,5,16,2,0,1,0,0,1,0,0,0,0,0,0,0,0,0,0,0
0.0005417371713523597,5,15,2,0,1,0,0,1,0,0,0,0,0,0,0,0,0,0,0
0.0005665719861980146,5,11,2,0,1,0,0,1,0,0,0,0,0,0,0,0,0,0,0
0.0005523771367584008,1,12,2,0,0,1,0,1,0,0,0,0,0,0,0,0,0,0,0
0.0004443728475439473,5,38,6,0,1,0,0,1,0,0,0,0,0,0,0,0,0,0,0
0.0,3,109,44,0,1,0,0,1,0,0,0,0,0,0,0,0,0,0,0
0.0005863213419400861,5,10,2,0,1,0,0,1,0,0,0,0,0,0,0,0,0,0,0
7.776308823440648e-07,5,11,3,0,1,0,0,1,0,0,0,0,0,0,0,0,0,0,0
0.0008640466570629664,3,33,4,0,0,0,0,1,0,0,0,0,0,0,0,0,0,0,0
0.0012960638139207802,1,41,6,0,0,0,0,1,0,0,0,0,0,0,0,0,0,0,0
0.0004885928893851793,1,12,2,0,1,0,0,1,0,0,0,0,0,0,0,0,0,0,0
0.0007332071752717428,5,84,12,0,1,0,0,1,0,0,0,0,0,0,0,0,0,0,0
0.0006665530996422515,3,28,3,0,0,0,0,1,0,0,0,0,0,0,0,0,0,0,0
3.394420518168537e-07,3,24,4,0,0,0,0,1,0,0,0,0,0,0,0,0,0,0,0
0.0005554629735930994,5,9,2,0,1,0,0,1,0,0,0,0,0,0,0,0,0,0,0
0.00043326383493903206,1,18,2,0,1,0,0,1,0,0,0,0,0,0,0,0,0,0,0
0.0004976467346581851,1,6,1,0,0,0,0,1,0,0,0,0,0,0,0,0,0,0,0
0.0005647204840971954,1,24,3,0,0,0,0,1,0,0,0,0,0,0,0,0,0,0,0
0.0007220981626668276,1,111,16,0,1,0,0,1,0,0,0,0,0,0,0,0,0,0,0
0.0005332449483832689,5,14,3,0,1,0,0,1,0,0,0,0,0,0,0,0,0,0,0
0.0,3,33,4,0,0,0,0,1,0,0,0,0,0,0,0,0,0,0,0
0.00035550074670462556,3,20,3,0,1,0,0,1,0,0,0,0,0,0,0,0,0,0,0
0.0006221170492225907,3,56,8,0,0,0,0,1,0,0,0,0,0,0,0,0,0,0,0
2.8327982142533788e-06,5,12,2,0,1,0,0,1,0,0,0,0,0,0,0,0,0,0,0
0.0008949050254099531,4,15,3,0,1,0,0,1,0,0,0,0,0,0,0,0,0,0,0
0.0005998990240127603,3,84,9,0,0,0,0,1,0,0,0,0,0,0,0,0,0,0,0
0.0,3,41,7,0,1,0,0,1,0,0,0,0,0,0,0,0,0,0,0
0.0008109702635061492,1,22,4,0,0,0,0,1,0,0,0,0,0,0,0,0,0,0,0
0.0005332449483832689,3,19,3,0,0,0,0,1,0,0,0,0,0,0,0,0,0,0,0
0.0005332449483832689,3,25,3,0,0,0,0,1,0,0,0,0,0,0,0,0,0,0,0
0.0006542097523034568,1,70,10,0,0,0,0,1,0,0,0,0,0,0,0,0,0,0,0
0.0020366646542484606,5,10,2,0,1,0,0,1,0,0,0,0,0,0,0,0,0,0,0
0.0003610552530070832,1,6,1,0,0,0,0,1,0,0,0,0,0,0,0,0,0,0,0
0.0004443728475439473,5,12,2,0,1,0,0,1,0,0,0,0,0,0,0,0,0,0,0
0.0,3,15,3,0,0,0,0,1,0,0,0,0,0,0,0,0,0,0,0
0.001728080970778594,3,19,2,0,0,0,0,1,0,0,0,0,0,0,0,0,0,0,0
0.0007406131836750196,4,20,3,0,1,0,0,1,0,0,0,0,0,0,0,0,0,0,0
0.0005332449483832689,5,10,2,0,1,0,0,1,0,0,0,0,0,0,0,0,0,0,0
0.0009887144651847927,5,10,2,0,1,0,0,1,0,0,0,0,0,0,0,0,0,0,0
0.0009387239084626742,5,-48,-88,0,1,0,1,1,0,0,0,0,0,0,0,0,0,0,0
0.0004888088979636082,3,61,7,0,0,0,0,1,0,0,0,0,0,0,0,0,0,0,0
0.0008887333517405558,5,15,3,0,1,0,0,1,0,0,0,0,0,0,0,0,0,0,0
0.00039993679712428643,5,21,40,0,1,0,0,1,0,0,0,0,0,0,0,0,0,0,0
0.00071654365636437,5,50,8,0,1,0,1,1,0,0,0,0,0,0,0,0,0,0,0
0.0,5,12,2,0,1,0,0,1,0,0,0,0,0,0,0,0,0,0,0
0.0,5,12,2,0,1,0,0,1,0,0,0,0,0,0,0,0,0,0,0
0.0,5,11,2,0,1,0,0,1,0,0,0,0,0,0,0,0,0,0,0
0.0,5,12,2,0,1,0,0,1,0,0,0,0,0,0,0,0,0,0,0
0.0,5,11,2,0,1,0,0,1,0,0,0,0,0,0,0,0,0,0,0
7.467725139970781e-07,5,14,2,0,1,0,0,1,0,0,0,0,0,0,0,0,0,0,0
0.0007159264889974302,5,13,2,0,1,0,0,1,0,0,0,0,0,0,0,0,0,0,0
0.00047769988535869293,5,55,8,0,1,0,0,1,0,0,0,0,0,0,0,0,0,0,0
0.0007776432256914037,5,23,3,0,1,0,0,1,0,0,0,0,0,0,0,0,0,0,0
0.0,5,11,2,0,1,0,0,1,0,0,0,0,0,0,0,0,0,0,0
0.0007665342130864884,5,10,2,0,1,0,0,1,0,0,0,0,0,0,0,0,0,0,0
0.0008640466570629664,5,51,8,0,1,0,1,1,0,0,0,0,0,0,0,0,0,0,0
0.0006887711248520819,5,15,3,0,1,0,0,1,0,0,0,0,0,0,0,0,0,0,0
0.0005998990240127603,5,9,2,0,1,0,0,1,0,0,0,0,0,0,0,0,0,0,0
0.0,1,13,2,0,0,0,0,1,0,0,0,0,0,0,0,0,0,0,0
0.0,5,13,3,0,1,0,0,1,0,0,0,0,0,0,0,0,0,0,0
0.0007554252004815732,5,14,2,0,1,0,0,1,0,0,0,0,0,0,0,0,0,0,0
0.0,5,12,2,0,1,0,0,1,0,0,0,0,0,0,0,0,0,0,0
0.0005221359357783537,5,13,2,0,1,0,0,1,0,0,0,0,0,0,0,0,0,0,0
7.035707983112967e-07,5,13,3,0,1,0,0,1,0,0,0,0,0,0,0,0,0,0,0
0.00042215482233411687,5,13,3,0,1,0,0,1,0,0,0,0,0,0,0,0,0,0,0
0.0010430251934754893,5,12,2,0,1,0,0,1,0,0,0,0,0,0,0,0,0,0,0
0.0004443728475439473,5,9,2,0,1,0,0,1,0,0,0,0,0,0,0,0,0,0,0
0.0,5,12,3,0,1,0,0,1,0,0,0,0,0,0,0,0,0,0,0
5.369356092375685e-07,5,16,2,0,1,0,0,1,0,0,0,0,0,0,0,0,0,0,0
9.751244397647797e-07,5,17,3,0,1,0,0,1,0,0,0,0,0,0,0,0,0,0,0
5.431072829069658e-07,5,9,2,0,1,0,0,1,0,0,0,0,0,0,0,0,0,0,0
0.0004554818601488625,1,26,3,0,0,0,0,1,0,0,0,0,0,0,0,0,0,0,0
0.0004443728475439473,5,9,2,0,1,0,0,1,0,0,0,0,0,0,0,0,0,0,0
0.0006733234256575804,5,16,3,0,1,0,0,1,0,0,0,0,0,0,0,0,0,0,0
0.0,5,41,7,0,1,0,0,1,0,0,0,0,0,0,0,0,0,0,0
0.0007406131836750196,5,9,2,0,1,0,0,1,0,0,0,0,0,0,0,0,0,0,0
0.0,5,41,7,0,1,0,0,1,0,0,0,0,0,0,0,0,0,0,0
0.000607305032416037,5,9,2,0,1,0,0,1,0,0,0,0,0,0,0,0,0,0,0
0.001083141072326572,3,50,7,0,1,0,0,1,0,0,0,0,0,0,0,0,0,0,0
0.0005221359357783537,5,10,2,0,1,0,0,1,0,0,0,0,0,0,0,0,0,0,0
0.0008480003055225333,5,22,4,0,1,0,0,1,0,0,0,0,0,0,0,0,0,0,0
0.0005221976525150477,3,24,3,0,0,0,0,1,0,0,0,0,0,0,0,0,0,0,0
0.0009467470842328908,5,17,3,0,1,0,0,1,0,0,0,0,0,0,0,0,0,0,0
0.0006733234256575804,5,16,3,0,1,0,0,1,0,0,0,0,0,0,0,0,0,0,0
0.0008480003055225333,5,11,2,0,1,0,0,1,0,0,0,0,0,0,0,0,0,0,0
6.480257352867206e-07,5,11,2,0,1,0,0,1,0,0,0,0,0,0,0,0,0,0,0
0.0005110269231734386,3,22,2,0,0,0,0,1,0,0,0,0,0,0,0,0,0,0,0
0.0007529565310138142,5,54,8,0,1,0,0,1,0,0,0,0,0,0,0,0,0,0,0
0.0011232569511776546,5,15,2,0,1,0,0,1,0,0,0,0,0,0,0,0,0,0,0
0.0005332449483832689,5,9,2,0,1,0,0,1,0,0,0,0,0,0,0,0,0,0,0
0.0004665908727537777,5,14,2,0,1,0,0,1,0,0,0,0,0,0,0,0,0,0,0
0.0005443539609881842,5,11,2,0,1,0,0,1,0,0,0,0,0,0,0,0,0,0,0
0.0006443350744324211,5,16,2,0,1,0,0,1,0,0,0,0,0,0,0,0,0,0,0
7.467725139970781e-07,5,11,2,0,1,0,0,1,0,0,0,0,0,0,0,0,0,0,0
0.000830102451881281,2,51,10,0,0,0,0,1,0,0,0,0,0,0,0,0,0,0,0
0.0011775676794683512,5,11,2,0,1,0,0,1,0,0,0,0,0,0,0,0,0,0,0
0.00039993679712428643,4,19,3,0,1,0,0,1,0,0,0,0,0,0,0,0,0,0,0
0.0016972226024316072,1,13,2,0,0,0,0,1,0,0,0,0,0,0,0,0,0,0,0
0.0005221359357783537,1,35,4,0,0,0,0,1,0,0,0,0,0,0,0,0,0,0,0
0.0008331882887159797,3,32,4,0,0,0,0,1,0,0,0,0,0,0,0,0,0,0,0
0.000377718771914456,5,20,3,0,1,0,0,1,0,0,0,0,0,0,0,0,0,0,0
1.363939880936812e-06,5,10,2,0,1,0,0,1,0,0,0,0,0,0,0,0,0,0,0
0.0017219092971091966,5,18,3,0,1,0,0,1,0,0,0,0,0,0,0,0,0,0,0
0.00038882778451937124,5,39,6,0,1,0,0,1,0,0,0,0,0,0,0,0,0,0,0
0.0004110458097292016,5,68,11,0,1,0,0,1,0,0,0,0,0,0,0,0,0,0,0
0.000660998593339794,5,10,2,0,1,0,0,1,0,0,0,0,0,0,0,0,0,0,0
0.00042215482233411687,5,12,2,0,1,0,0,1,0,0,0,0,0,0,0,0,0,0,0
0.0004665908727537777,5,15,2,0,1,0,0,1,0,0,0,0,0,0,0,0,0,0,0
0.00039993679712428643,3,17,2,0,1,0,0,1,0,0,0,0,0,0,0,0,0,0,0
0.00039993679712428643,2,14,1,0,1,0,0,1,0,0,0,0,0,0,0,0,0,0,0
7.406008403276808e-07,5,12,3,0,1,0,0,1,0,0,0,0,0,0,0,0,0,0,0
0.0008665153265307253,5,-86,27,0,1,0,0,1,0,0,0,0,0,0,0,0,0,0,0
0.00039993679712428643,5,14,2,0,1,0,0,1,0,0,0,0,0,0,0,0,0,0,0
0.0006665530996422515,5,9,2,0,1,0,0,1,0,0,0,0,0,0,0,0,0,0,0
0.00038882778451937124,5,8,2,0,1,0,0,1,0,0,0,0,0,0,0,0,0,0,0
1.1355879551691106e-06,5,38,7,0,1,0,0,1,0,0,0,0,0,0,0,0,0,0,0
0.0005057851150035638,5,13,3,0,1,0,0,1,0,0,0,0,0,0,0,0,0,0,0
0.0004999179105685234,5,11,2,0,1,0,0,1,0,0,0,0,0,0,0,0,0,0,0
0.0004554818601488625,5,18,3,0,1,0,0,1,0,0,0,0,0,0,0,0,0,0,0
0.0005665719861980146,5,11,2,0,1,0,0,1,0,0,0,0,0,0,0,0,0,0,0
8.640343137156275e-07,5,22,4,0,1,0,0,1,0,0,0,0,0,0,0,0,0,0,0
0.000359172892537917,5,11,2,0,1,0,0,1,0,0,0,0,0,0,0,0,0,0,0
0.00038882778451937124,5,8,2,0,1,0,0,1,0,0,0,0,0,0,0,0,0,0,0
0.0006665530996422515,5,12,2,0,1,0,0,1,0,0,0,0,0,0,0,0,0,0,0
0.0004665908727537777,5,14,2,0,1,0,0,1,0,0,0,0,0,0,0,0,0,0,0
0.0004665908727537777,5,12,2,0,1,0,0,1,0,0,0,0,0,0,0,0,0,0,0
0.0005554629735930994,5,14,2,0,1,0,0,1,0,0,0,0,0,0,0,0,0,0,0
0.003177189948353089,2,46,7,0,0,0,1,1,0,0,0,0,0,0,0,0,0,0,0
0.0006171797102870728,4,14,3,0,1,0,0,1,0,0,0,0,0,0,0,0,0,0,0
0.0007776432256914037,1,11,1,0,0,0,0,1,0,0,0,0,0,0,0,0,0,0,0
0.0004443728475439473,5,12,2,0,1,0,0,1,0,0,0,0,0,0,0,0,0,0,0
0.000493746236899126,4,17,3,0,1,0,0,1,0,0,0,0,0,0,0,0,0,0,0
0.0007467848573444169,5,13,3,0,1,0,0,1,0,0,0,0,0,0,0,0,0,0,0
0.0007319728405378633,1,36,4,0,0,0,0,1,0,0,0,0,0,0,0,0,0,0,0
0.0006665530996422515,5,11,2,0,1,0,0,1,0,0,0,0,0,0,0,0,0,0,0
0.0010183384987978998,3,24,3,0,0,0,0,1,0,0,0,0,0,0,0,0,0,0,0
0.0006110080366176755,5,10,2,0,1,0,0,1,0,0,0,0,0,0,0,0,0,0,0
0.0007776432256914037,1,7,1,0,0,0,0,1,0,0,0,0,0,0,0,0,0,0,0
0.00047769988535869293,5,13,3,0,1,0,0,1,0,0,0,0,0,0,0,0,0,0,0
0.0005110269231734386,5,50,8,0,1,0,0,1,0,0,0,0,0,0,0,0,0,0,0
8.455192927074356e-07,5,16,2,0,1,0,0,1,0,0,0,0,0,0,0,0,0,0,0
0.0004665908727537777,5,13,2,0,1,0,0,1,0,0,0,0,0,0,0,0,0,0,0
0.0005776809988029298,5,13,2,0,1,0,0,1,0,0,0,0,0,0,0,0,0,0,0
1.8144720588028178e-06,5,46,7,0,1,0,0,1,0,0,0,0,0,0,0,0,0,0,0
0.0005499084672906418,2,14,1,0,1,0,0,1,0,0,0,0,0,0,0,0,0,0,0
7.220858193194887e-07,5,18,3,0,1,0,0,1,0,0,0,0,0,0,0,0,0,0,0
7.652875350052701e-07,3,14,2,0,1,0,0,1,0,0,0,0,0,0,0,0,0,0,0
4.1350213584962175e-07,5,14,3,0,1,1,0,1,0,0,0,0,0,0,0,0,0,0,0
0.0009566217621039265,3,17,2,0,0,0,0,1,0,0,0,0,0,0,0,0,0,0,0
0.0008887333517405558,1,37,7,0,0,0,1,1,0,0,0,0,0,0,0,0,0,0,0
0.00042956083073739364,5,12,2,0,1,0,0,1,0,0,0,0,0,0,0,0,0,0,0
0.000607305032416037,3,24,4,0,1,0,0,1,0,0,0,0,0,0,0,0,0,0,0
0.00039993679712428643,3,14,2,0,1,0,0,1,0,0,0,0,0,0,0,0,0,0,0
0.00039993679712428643,2,18,1,0,1,0,0,1,0,0,0,0,0,0,0,0,0,0,0
0.0005499084672906418,2,16,1,0,1,0,0,1,0,0,0,0,0,0,0,0,0,0,0
0.0003277282151923376,5,22,3,0,1,0,0,1,0,0,0,0,0,0,0,0,0,0,0
0.0005499084672906418,3,20,2,0,1,0,0,1,0,0,0,0,0,0,0,0,0,0,0
0.0005499084672906418,2,19,1,0,1,0,0,1,0,0,0,0,0,0,0,0,0,0,0
7.406008403276808e-07,5,12,3,0,1,0,0,1,0,0,0,0,0,0,0,0,0,0,0
7.776308823440648e-07,5,8,2,0,1,0,0,1,0,0,0,0,0,0,0,0,0,0,0
0.0008331882887159797,5,45,7,0,1,0,0,1,0,0,0,0,0,0,0,0,0,0,0
0.0007776432256914037,1,36,5,0,0,0,0,1,0,0,0,0,0,0,0,0,0,0,0
0.0004888088979636082,5,12,2,0,1,0,0,1,0,0,0,0,0,0,0,0,0,0,0
0.0005110269231734386,5,12,3,0,1,0,0,1,0,0,0,0,0,0,0,0,0,0,0
0.0003332827214947952,3,14,3,0,1,0,0,1,0,0,0,0,0,0,0,0,0,0,0
0.0007332071752717428,1,32,4,0,0,0,0,1,0,0,0,0,0,0,0,0,0,0,0
0.0010886955786290297,5,15,3,0,1,0,0,1,0,0,0,0,0,0,0,0,0,0,0
0.0007893694056632586,3,39,6,0,1,0,0,1,0,0,0,0,0,0,0,0,0,0,0
0.0008165247698086068,5,15,2,0,1,0,0,1,0,0,0,0,0,0,0,0,0,0,0
0.0004554818601488625,5,18,4,0,1,0,0,1,0,0,0,0,0,0,0,0,0,0,0
0.0008165247698086068,5,44,6,0,1,0,0,1,0,0,0,0,0,0,0,0,0,0,0
7.838025560134621e-07,1,13,2,0,0,0,0,1,0,0,0,0,0,0,0,0,0,0,0
0.000799861250901234,1,7,1,0,0,0,0,1,0,0,0,0,0,0,0,0,0,0,0
0.0007776432256914037,1,59,8,0,0,0,0,1,0,0,0,0,0,0,0,0,0,0,0
6.603690826255153e-07,5,16,3,0,1,0,0,1,0,0,0,0,0,0,0,0,0,0,0
7.529441876664754e-07,5,12,3,0,1,0,0,1,0,0,0,0,0,0,0,0,0,0,0
0.0005554629735930994,5,12,2,0,1,0,0,1,0,0,0,0,0,0,0,0,0,0,0
0.0008887333517405558,3,31,4,0,1,0,0,1,0,0,0,0,0,0,0,0,0,0,0
0.0004443728475439473,5,9,2,0,1,0,0,1,0,0,0,0,0,0,0,0,0,0,0
0.0002666286458653039,4,108,71,0,1,0,1,1,0,0,0,0,0,0,0,0,0,0,0
1.1232446078303157e-06,5,12,2,0,1,0,0,1,0,0,0,0,0,0,0,0,0,0,0
1.400969922953196e-06,5,11,2,0,1,0,0,1,0,0,0,0,0,0,0,0,0,0,0
0.0005443539609881842,5,78,13,0,1,0,0,1,0,0,0,0,0,0,0,0,0,0,0
1.7836136904558313e-06,5,10,2,0,1,0,0,1,0,0,0,0,0,0,0,0,0,0,0
0.0004665908727537777,5,18,3,0,1,0,0,1,0,0,0,0,0,0,0,0,0,0,0
0.0005554629735930994,5,12,2,0,1,0,0,1,0,0,0,0,0,0,0,0,0,0,0
0.0005554629735930994,5,12,2,0,1,0,0,1,0,0,0,0,0,0,0,0,0,0,0
0.0004554818601488625,5,11,2,0,1,0,0,1,0,0,0,0,0,0,0,0,0,0,0
0.0005554629735930994,5,12,2,0,1,0,0,1,0,0,0,0,0,0,0,0,0,0,0
0.0004110458097292016,5,8,2,0,1,0,0,1,0,0,0,0,0,0,0,0,0,0,0
7.220858193194887e-07,5,12,2,0,1,0,0,1,0,0,0,0,0,0,0,0,0,0,0
0.00029995568368004956,5,-97,65,0,1,0,1,1,0,0,0,0,0,0,0,0,0,0,0
0.0007387616815742004,3,45,47,0,1,0,1,1,0,0,0,0,0,0,0,0,0,0,0
0.0007406131836750196,5,11,3,0,1,0,0,1,0,0,0,0,0,0,0,0,0,0,0
0.0010942500849314871,5,9,2,0,1,0,0,1,0,0,0,0,0,0,0,0,0,0,0
0.0007665342130864884,5,11,2,0,1,0,0,1,0,0,0,0,0,0,0,0,0,0,0
0.0010775865660241142,5,13,2,0,1,0,0,1,0,0,0,0,0,0,0,0,0,0,0
6.048240196009393e-07,5,9,2,0,1,0,0,1,0,0,0,0,0,0,0,0,0,0,0
0.0009776054525798775,1,8,1,0,0,0,0,1,0,0,0,0,0,0,0,0,0,0,0
6.7271242996431e-07,5,11,2,0,1,0,0,1,0,0,0,0,0,0,0,0,0,0,0
0.0004443728475439473,5,15,3,0,1,0,0,1,0,0,0,0,0,0,0,0,0,0,0
6.7271242996431e-07,5,11,2,0,1,0,0,1,0,0,0,0,0,0,0,0,0,0,0
0.0005776809988029298,5,9,2,0,1,0,0,1,0,0,0,0,0,0,0,0,0,0,0
5.677939775845552e-07,5,12,2,0,1,0,0,1,0,0,0,0,0,0,0,0,0,0,0
0.0005417371713523597,5,15,2,0,1,0,0,1,0,0,0,0,0,0,0,0,0,0,0
0.0006776621122471667,5,14,2,0,1,0,0,1,0,0,0,0,0,0,0,0,0,0,0
0.0008331882887159797,5,11,3,0,1,0,0,1,0,0,0,0,0,0,0,0,0,0,0
6.603690826255153e-07,5,11,2,0,1,0,0,1,0,0,0,0,0,0,0,0,0,0,0
6.7271242996431e-07,5,10,2,0,1,0,0,1,0,0,0,0,0,0,0,0,0,0,0
0.0004879510353235619,5,14,3,0,1,0,0,1,0,0,0,0,0,0,0,0,0,0,0
0.0007776432256914037,5,17,3,0,1,0,0,1,0,0,0,0,0,0,0,0,0,0,0
0.0008331882887159797,1,16,3,0,0,0,0,1,0,0,0,0,0,0,0,0,0,0,0
8.146609243604488e-07,5,12,2,0,1,0,0,1,0,0,0,0,0,0,0,0,0,0,0
0.0010886955786290297,1,13,2,0,0,0,0,1,0,0,0,0,0,0,0,0,0,0,0
0.0005443539609881842,5,76,12,0,1,0,0,1,0,0,0,0,0,0,0,0,0,0,0
0.0003666097593095408,4,32,5,0,1,0,1,1,0,0,0,0,0,0,0,0,0,0,0
0.0005443539609881842,5,11,2,0,1,0,0,1,0,0,0,0,0,0,0,0,0,0,0
5.554506302457605e-07,5,15,2,0,1,0,0,1,0,0,0,0,0,0,0,0,0,0,0
1.0306695027893558e-06,5,12,2,0,1,0,0,1,0,0,0,0,0,0,0,0,0,0,0
0.0005776809988029298,5,11,2,0,1,0,0,1,0,0,0,0,0,0,0,0,0,0,0
0.0004888088979636082,5,126,21,0,1,0,0,1,0,0,0,0,0,0,0,0,0,0,0
0.0005554629735930994,5,14,2,0,1,0,0,1,0,0,0,0,0,0,0,0,0,0,0
0.0012220037298880122,1,13,2,0,0,0,0,1,0,0,0,0,0,0,0,0,0,0,0
0.000848617472889473,5,10,2,0,1,0,0,1,0,0,0,0,0,0,0,0,0,0,0
1.4997167016635535e-06,5,40,6,0,1,0,0,1,0,0,0,0,0,0,0,0,0,0,0
0.000377718771914456,5,16,3,0,1,0,0,1,0,0,0,0,0,0,0,0,0,0,0
0.0007344415100056222,1,13,3,0,1,0,0,1,0,0,0,0,0,0,0,0,0,0,0
0.0016046474973906472,5,13,3,0,1,0,0,1,0,0,0,0,0,0,0,0,0,0,0
0.0005665719861980146,5,10,2,0,1,0,0,1,0,0,0,0,0,0,0,0,0,0,0
0.0005665719861980146,5,15,3,0,1,0,0,1,0,0,0,0,0,0,0,0,0,0,0
0.0015552741080354685,1,12,1,0,1,0,0,1,0,0,0,0,0,0,0,0,0,0,0
0.0007776432256914037,3,41,6,0,1,0,1,1,0,0,0,0,0,0,0,0,0,0,0
0.0004443728475439473,5,10,2,0,1,0,0,1,0,0,0,0,0,0,0,0,0,0,0
0.0004554818601488625,5,14,2,0,1,0,0,1,0,0,0,0,0,0,0,0,0,0,0
0.00042215482233411687,5,64,8,0,1,0,0,1,0,0,0,0,0,0,0,0,0,0,0
0.0004665908727537777,5,-34,37,0,1,0,0,1,0,0,0,0,0,0,0,0,0,0,0
0.0006887711248520819,3,25,3,0,0,0,0,1,0,0,0,0,0,0,0,0,0,0,0
0.00047769988535869293,5,14,2,0,1,0,0,1,0,0,0,0,0,0,0,0,0,0,0
5.863089985927472e-07,5,13,2,0,1,0,0,1,0,0,0,0,0,0,0,0,0,0,0
0.0011331316290486904,5,10,2,0,1,0,0,1,0,0,0,0,0,0,0,0,0,0,0
0.0004443728475439473,5,11,2,0,1,0,0,1,0,0,0,0,0,0,0,0,0,0,0
0.00039993679712428643,5,11,2,0,1,0,0,1,0,0,0,0,0,0,0,0,0,0,0
7.591158613358727e-07,5,15,3,0,1,0,0,1,0,0,0,0,0,0,0,0,0,0,0
0.00041660031603165927,3,53,6,0,0,0,0,1,0,0,0,0,0,0,0,0,0,0,0
0.00039993679712428643,5,11,2,0,1,0,0,1,0,0,0,0,0,0,0,0,0,0,0
0.0,5,15,3,0,1,0,0,1,0,0,0,0,0,0,0,0,0,0,0
0.0012331127424929274,3,21,3,0,0,0,0,1,0,0,0,0,0,0,0,0,0,0,0
0.0004665908727537777,1,14,2,0,0,0,0,1,0,0,0,0,0,0,0,0,0,0,0
0.00042215482233411687,5,28,5,0,1,0,1,1,0,0,0,0,0,0,0,0,0,0,0
1.0294351680554763e-05,5,14,3,0,1,0,0,1,0,0,0,0,0,0,0,0,0,0,0
0.001289892140251383,5,17,3,0,1,0,1,1,0,0,0,0,0,0,0,0,0,0,0
0.0027772654945761414,5,17,3,0,1,1,0,1,0,0,0,0,0,0,0,0,0,0,0
0.0007220981626668276,5,20,3,0,1,0,0,1,0,0,0,0,0,0,0,0,0,0,0
0.000588790011407845,5,16,2,0,1,0,0,1,0,0,0,0,0,0,0,0,0,0,0
0.0004443728475439473,3,21,3,0,0,0,0,1,0,0,0,0,0,0,0,0,0,0,0
0.0006332260618275059,3,14,2,0,1,0,0,1,0,0,0,0,0,0,0,0,0,0,0
0.00042215482233411687,5,62,8,0,1,0,0,1,0,0,0,0,0,0,0,0,0,0,0
0.0005221359357783537,5,10,2,0,1,0,0,1,0,0,0,0,0,0,0,0,0,0,0
0.0003332827214947952,5,14,3,0,1,0,0,1,0,0,0,0,0,0,0,0,0,0,0
8.023175770216541e-07,5,12,2,0,1,0,0,1,0,0,0,0,0,0,0,0,0,0,0
0.0,5,16,2,0,1,0,0,1,0,0,0,0,0,0,0,0,0,0,0
0.0005863213419400861,5,16,2,0,1,0,0,1,0,0,0,0,0,0,0,0,0,0,0
0.0,2,17,1,0,1,0,0,1,0,0,0,0,0,0,0,0,0,0,0
0.0004554818601488625,5,12,2,0,1,0,0,1,0,0,0,0,0,0,0,0,0,0,0
0.000493746236899126,5,12,2,0,1,0,0,1,0,0,0,0,0,0,0,0,0,0,0
3.579570728250457e-07,5,11,2,0,1,0,0,1,0,0,0,0,0,0,0,0,0,0,0
0.0005998990240127603,5,11,2,0,1,0,0,1,0,0,0,0,0,0,0,0,0,0,0
9.072360294014089e-07,5,12,3,0,1,0,0,1,0,0,0,0,0,0,0,0,0,0,0
0.00043326383493903206,5,16,3,0,1,1,0,1,0,0,0,0,0,0,0,0,0,0,0
0.0005554629735930994,5,86,15,0,1,0,0,1,0,0,0,0,0,0,0,0,0,0,0
8.331759453686408e-07,5,11,2,0,1,0,0,1,0,0,0,0,0,0,0,0,0,0,0
0.0004443728475439473,5,20,3,0,1,0,0,1,0,0,0,0,0,0,0,0,0,0,0
0.0006402123964212637,5,11,2,0,1,0,0,1,0,0,0,0,0,0,0,0,0,0,0
8.331759453686408e-07,5,11,2,0,1,0,0,1,0,0,0,0,0,0,0,0,0,0,0
2.1724291316278637e-06,5,11,2,0,1,0,0,1,0,0,0,0,0,0,0,0,0,0,0
7.899742296828595e-07,5,16,2,0,1,0,0,1,0,0,0,0,0,0,0,0,0,0,0
0.0004665908727537777,5,66,54,0,1,0,0,1,0,0,0,0,0,0,0,0,0,0,0
1.0862145658139318e-06,5,11,2,0,1,0,0,1,0,0,0,0,0,0,0,0,0,0,0
0.00035550074670462556,5,17,2,0,1,0,0,1,0,0,0,0,0,0,0,0,0,0,0
0.00040193641939317116,5,11,2,0,1,0,0,1,0,0,0,0,0,0,0,0,0,0,0
8.763776610544222e-07,5,10,2,0,1,0,0,1,0,0,0,0,0,0,0,0,0,0,0
1.6478368697290897e-06,5,14,2,0,1,0,0,1,0,0,0,0,0,0,0,0,0,0,0
0.0006665530996422515,5,17,3,0,1,0,0,1,0,0,0,0,0,0,0,0,0,0,0
0.0005221359357783537,5,15,3,0,1,0,0,1,0,0,0,0,0,0,0,0,0,0,0
0.0008331882887159797,5,10,2,0,1,0,0,1,0,0,0,0,0,0,0,0,0,0,0
6.91227450972502e-07,5,16,3,0,1,0,0,1,0,0,0,0,0,0,0,0,0,0,0
7.220858193194887e-07,5,12,2,0,1,0,0,1,0,0,0,0,0,0,0,0,0,0,0
0.0008887333517405558,5,17,3,0,1,0,0,1,0,0,0,0,0,0,0,0,0,0,0
0.0006665530996422515,5,17,3,0,1,0,0,1,0,0,0,0,0,0,0,0,0,0,0
0.002288468939959872,5,12,2,0,1,0,0,1,0,0,0,0,0,0,0,0,0,0,0
0.0,5,11,2,0,1,0,0,1,0,0,0,0,0,0,0,0,0,0,0
7.591158613358727e-07,5,11,2,0,1,0,0,1,0,0,0,0,0,0,0,0,0,0,0
0.00043326383493903206,5,20,4,0,1,1,0,1,0,0,0,0,0,0,0,0,0,0,0
0.0005776809988029298,5,12,3,0,1,0,0,1,0,0,0,0,0,0,0,0,0,0,0
0.0008665153265307253,5,17,3,0,1,0,0,1,0,0,0,0,0,0,0,0,0,0,0
0.0013275393496347066,5,15,3,0,1,0,0,1,0,0,0,0,0,0,0,0,0,0,0
0.0006665530996422515,1,8,1,0,0,0,0,1,0,0,0,0,0,0,0,0,0,0,0
0.0004999179105685234,4,46,9,0,1,0,1,1,0,0,0,0,0,0,0,0,0,0,0
0.0004554818601488625,5,12,2,0,1,0,0,1,0,0,0,0,0,0,0,0,0,0,0
0.0010886955786290297,5,60,8,0,1,0,0,1,0,0,0,0,0,0,0,0,0,0,0
0.00039993679712428643,5,9,2,0,1,0,0,1,0,0,0,0,0,0,0,0,0,0,0
7.159141456500914e-07,5,14,2,0,1,0,0,1,0,0,0,0,0,0,0,0,0,0,0
6.233390406091312e-07,5,10,2,0,1,0,0,1,0,0,0,0,0,0,0,0,0,0,0
0.0006221170492225907,5,10,2,0,1,0,0,1,0,0,0,0,0,0,0,0,0,0,0
7.035707983112967e-07,5,18,4,0,1,0,0,1,0,0,0,0,0,0,0,0,0,0,0
0.0007220981626668276,1,13,2,0,0,0,0,1,0,0,0,0,0,0,0,0,0,0,0
0.0007035831416586356,4,38,54,0,1,0,0,1,0,0,0,0,0,0,0,0,0,0,0
0.0006721076059447091,4,23,4,0,1,0,0,1,0,0,0,0,0,0,0,0,0,0,0
0.0006517410828356979,4,17,3,0,1,0,0,1,0,0,0,0,0,0,0,0,0,0,0
0.0005554629735930994,1,13,2,0,0,0,0,1,0,0,0,0,0,0,0,0,0,0,0
0.0008733041675670624,4,17,3,0,1,0,0,1,0,0,0,0,0,0,0,0,0,0,0
8.702059873850248e-07,5,12,2,0,1,0,0,1,0,0,0,0,0,0,0,0,0,0,0
0.0010498140345118264,4,13,3,0,1,0,1,1,0,0,0,0,0,0,0,0,0,0,0
6.7271242996431e-07,5,11,2,0,1,0,0,1,0,0,0,0,0,0,0,0,0,0,0
0.0006542097523034568,5,9,2,0,1,0,0,1,0,0,0,0,0,0,0,0,0,0,0
0.001194231198375724,5,12,2,0,1,0,0,1,0,0,0,0,0,0,0,0,0,0,0
0.0005665719861980146,1,13,2,0,0,0,0,1,0,0,0,0,0,0,0,0,0,0,0
0.001166458666863436,1,6,1,0,0,0,0,1,0,0,0,0,0,0,0,0,0,0,0
0.0007220981626668276,5,10,2,0,1,0,0,1,0,0,0,0,0,0,0,0,0,0,0
0.0006332260618275059,5,17,3,0,1,0,0,1,0,0,0,0,0,0,0,0,0,0,0
0.0005332449483832689,5,15,3,0,1,0,0,1,0,0,0,0,0,0,0,0,0,0,0
0.00029995568368004956,5,17,3,0,1,0,1,1,0,0,0,0,0,0,0,0,0,0,0
0.0008720698328331829,5,11,2,0,1,0,0,1,0,0,0,0,0,0,0,0,0,0,0
0.000802329920368993,3,14,2,0,1,0,0,1,0,0,0,0,0,0,0,0,0,0,0
0.000999823477789708,1,13,2,0,0,0,0,1,0,0,0,0,0,0,0,0,0,0,0
0.0004554818601488625,5,13,2,0,1,0,0,1,0,0,0,0,0,0,0,0,0,0,0
0.0005110269231734386,5,11,2,0,1,0,0,1,0,0,0,0,0,0,0,0,0,0,0
0.00043326383493903206,5,50,8,0,1,0,0,1,0,0,0,0,0,0,0,0,0,0,0
0.0005998990240127603,1,13,2,0,0,0,0,1,0,0,0,0,0,0,0,0,0,0,0
0.0005776809988029298,5,11,2,0,1,0,0,1,0,0,0,0,0,0,0,0,0,0,0
0.0006480380786340595,3,16,2,0,0,0,0,1,0,0,0,0,0,0,0,0,0,0,0
0.0007714715520220063,1,13,2,0,0,0,0,1,0,0,0,0,0,0,0,0,0,0,0
0.0006295230576258675,5,10,2,0,1,0,0,1,0,0,0,0,0,0,0,0,0,0,0
6.233390406091312e-07,5,15,3,0,1,0,0,1,0,0,0,0,0,0,0,0,0,0,0
0.001083141072326572,3,37,6,0,1,0,0,1,0,0,0,0,0,0,0,0,0,0,0
0.0004999179105685234,5,13,2,0,1,0,0,1,0,0,0,0,0,0,0,0,0,0,0
0.001166458666863436,5,10,2,0,1,0,0,1,0,0,0,0,0,0,0,0,0,0,0
0.001083141072326572,3,37,6,0,1,0,0,1,0,0,0,0,0,0,0,0,0,0,0
8.084892506910514e-07,5,12,2,0,1,0,0,1,0,0,0,0,0,0,0,0,0,0,0
0.00039993679712428643,5,15,2,0,1,0,0,1,0,0,0,0,0,0,0,0,0,0,0
0.00039993679712428643,5,125,18,0,1,0,0,1,0,0,0,0,0,0,0,0,0,0,0
0.000802329920368993,5,-46,76,0,1,0,0,1,0,0,0,0,0,0,0,0,0,0,0
0.0007220981626668276,1,13,2,0,0,0,0,1,0,0,0,0,0,0,0,0,0,0,0
0.0005554629735930994,1,13,2,0,0,0,0,1,0,0,0,0,0,0,0,0,0,0,0
0.0006998801374569971,1,5,1,0,0,0,0,1,0,0,0,0,0,0,0,0,0,0,0
0.0004888088979636082,5,70,11,0,1,0,0,1,0,0,0,0,0,0,0,0,0,0,0
5.369356092375685e-07,5,37,6,0,1,0,0,1,0,0,0,0,0,0,0,0,0,0,0
0.0,3,24,3,0,0,0,0,1,0,0,0,0,0,0,0,0,0,0,0
0.0,3,13,2,0,0,0,0,1,0,0,0,0,0,0,0,0,0,0,0
0.001210894717283097,5,14,2,0,1,0,0,1,0,0,0,0,0,0,0,0,0,0,0
0.0,1,15,2,0,0,0,0,1,0,0,0,0,0,0,0,0,0,0,0
1.018326155450561e-06,5,14,2,0,1,0,0,1,0,0,0,0,0,0,0,0,0,0,0
6.603690826255153e-07,5,11,2,0,1,0,0,1,0,0,0,0,0,0,0,0,0,0,0
0.0008220792761110644,5,12,2,0,1,0,0,1,0,0,0,0,0,0,0,0,0,0,0
0.0006171797102870728,5,11,2,0,1,0,0,1,0,0,0,0,0,0,0,0,0,0,0
0.0009535359252692278,5,59,9,0,1,0,0,1,0,0,0,0,0,0,0,0,0,0,0
0.0008343177049974794,5,41,6,0,1,0,0,1,0,0,0,0,0,0,0,0,0,0,0
0.0004443728475439473,5,69,9,0,1,0,0,1,0,0,0,0,0,0,0,0,0,0,0
5.801373249233499e-07,5,11,2,0,1,0,0,1,0,0,0,0,0,0,0,0,0,0,0
0.000802329920368993,1,13,2,0,0,0,0,1,0,0,0,0,0,0,0,0,0,0,0
0.0003666097593095408,5,13,3,0,1,0,0,1,0,0,0,0,0,0,0,0,0,0,0
0.0007220981626668276,1,13,2,0,0,0,0,1,0,0,0,0,0,0,0,0,0,0,0
0.0008566406486596895,5,23,3,0,1,0,0,1,0,0,0,0,0,0,0,0,0,0,0
7.652875350052701e-07,5,47,8,0,1,0,0,1,0,0,0,0,0,0,0,0,0,0,0
0.0005332449483832689,5,63,10,0,1,0,0,1,0,0,0,0,0,0,0,0,0,0,0
0.0004443728475439473,5,39,6,0,1,0,0,1,0,0,0,0,0,0,0,0,0,0,0
0.00042215482233411687,5,10,2,0,1,0,0,1,0,0,0,0,0,0,0,0,0,0,0
0.0004665908727537777,5,43,8,0,1,0,0,1,0,0,0,0,0,0,0,0,0,0,0
0.0005221359357783537,5,30,5,0,1,0,0,1,0,0,0,0,0,0,0,0,0,0,0
0.0026661753685269895,3,21,2,0,0,0,0,1,0,0,0,0,0,0,0,0,0,0,0
0.0006998801374569971,5,12,2,0,1,0,0,1,0,0,0,0,0,0,0,0,0,0,0
0.0007893694056632586,3,38,6,0,1,0,0,1,0,0,0,0,0,0,0,0,0,0,0
0.0005332449483832689,5,22,4,0,1,0,0,1,0,0,0,0,0,0,0,0,0,0,0
0.0005443539609881842,5,49,8,0,1,0,0,1,0,0,0,0,0,0,0,0,0,0,0
0.00030836767489143813,1,25,3,0,0,0,0,1,0,0,0,0,0,0,0,0,0,0,0
0.0006202655471217714,1,29,3,0,0,0,0,1,0,0,0,0,0,0,0,0,0,0,0
0.0004554818601488625,1,29,3,0,0,0,0,1,0,0,0,0,0,0,0,0,0,0,0
0.0005955788524441821,1,30,3,0,0,0,0,1,0,0,0,0,0,0,0,0,0,0,0
0.0006202655471217714,1,29,3,0,0,0,0,1,0,0,0,0,0,0,0,0,0,0,0
0.0004554818601488625,5,14,2,0,1,0,0,1,0,0,0,0,0,0,0,0,0,0,0
0.0013330938559371643,5,18,3,0,1,0,0,1,0,0,0,0,0,0,0,0,0,0,0
0.0005776809988029298,5,15,3,0,1,0,0,1,0,0,0,0,0,0,0,0,0,0,0
0.00042215482233411687,1,14,1,0,1,0,0,1,0,0,0,0,0,0,0,0,0,0,0
0.0004888088979636082,3,31,4,0,0,0,0,1,0,0,0,0,0,0,0,0,0,0,0
4.6904719887419786e-07,1,7,1,0,0,0,0,1,0,0,0,0,0,0,0,0,0,0,0
0.0005443539609881842,3,-49,22,0,0,0,0,1,0,0,0,0,0,0,0,0,0,0,0
0.00043326383493903206,3,38,5,0,0,0,0,1,0,0,0,0,0,0,0,0,0,0,0
0.0004110458097292016,3,37,5,0,0,0,0,1,0,0,0,0,0,0,0,0,0,0,0
0.0004554818601488625,5,11,2,0,1,0,0,1,0,0,0,0,0,0,0,0,0,0,0
0.0006554440870373364,5,14,2,0,1,0,0,1,0,0,0,0,0,0,0,0,0,0,0
7.838025560134621e-07,5,11,2,0,1,0,0,1,0,0,0,0,0,0,0,0,0,0,0
0.0003332827214947952,5,11,2,0,1,0,0,1,0,0,0,0,0,0,0,0,0,0,0
0.0008493333870351231,5,10,2,0,1,0,0,1,0,0,0,0,0,0,0,0,0,0,0
8.640343137156275e-07,5,10,2,0,1,0,0,1,0,0,0,0,0,0,0,0,0,0,0
5.924806722621445e-07,5,19,4,0,1,0,0,1,0,0,0,0,0,0,0,0,0,0,0
0.00039993679712428643,5,-65,23,0,1,0,0,1,0,0,0,0,0,0,0,0,0,0,0
0.00043326383493903206,3,38,5,0,0,0,0,1,0,0,0,0,0,0,0,0,0,0,0
0.00038882778451937124,5,107,13,0,1,0,0,1,0,0,0,0,0,0,0,0,0,0,0
0.0004554818601488625,5,17,3,0,1,0,0,1,0,0,0,0,0,0,0,0,0,0,0
1.9132188375131755e-06,5,11,2,0,1,0,0,1,0,0,0,0,0,0,0,0,0,0,0
8.578626400462302e-07,5,13,2,0,1,0,0,1,0,0,0,0,0,0,0,0,0,0,0
1.2775364495652493e-06,5,51,8,0,1,0,0,1,0,0,0,0,0,0,0,0,0,0,0
0.0006912397943198409,4,32,6,0,1,0,1,1,0,0,0,0,0,0,0,0,0,0,0
0.0007054469871067935,5,15,3,0,1,0,0,1,0,0,0,0,0,0,0,0,0,0,0
8.763776610544222e-07,5,15,3,0,1,0,0,1,0,0,0,0,0,0,0,0,0,0,0
0.0004888088979636082,5,13,2,0,1,0,0,1,0,0,0,0,0,0,0,0,0,0,0
0.0010491968671448866,5,15,3,0,1,0,0,1,0,0,0,0,0,0,0,0,0,0,0
7.652875350052701e-07,5,12,2,0,1,0,0,1,0,0,0,0,0,0,0,0,0,0,0
0.0002777376584702191,3,17,2,0,0,0,0,1,0,0,0,0,0,0,0,0,0,0,0
0.00042215482233411687,5,47,7,0,1,0,0,1,0,0,0,0,0,0,0,0,0,0,0
0.0004999179105685234,5,42,7,0,1,0,0,1,0,0,0,0,0,0,0,0,0,0,0
0.0005332449483832689,5,14,2,0,1,0,0,1,0,0,0,0,0,0,0,0,0,0,0
0.000744316187876658,5,12,2,0,1,0,0,1,0,0,0,0,0,0,0,0,0,0,0
0.0009504500884345292,5,10,2,0,1,0,0,1,0,0,0,0,0,0,0,0,0,0,0
0.0005110269231734386,5,13,2,0,1,0,0,1,0,0,0,0,0,0,0,0,0,0,0
0.0007943067445987765,5,12,3,0,1,0,0,1,0,0,0,0,0,0,0,0,0,0,0
0.0009257633937569398,5,11,2,0,1,0,0,1,0,0,0,0,0,0,0,0,0,0,0
0.0005332449483832689,5,18,2,0,1,0,0,1,0,0,0,0,0,0,0,0,0,0,0
0.0003332827214947952,5,12,2,0,1,0,0,1,0,0,0,0,0,0,0,0,0,0,0
6.788841036337073e-07,5,11,2,0,1,0,0,1,0,0,0,0,0,0,0,0,0,0,0
0.000377718771914456,5,11,2,0,1,0,0,1,0,0,0,0,0,0,0,0,0,0,0
8.702059873850248e-07,3,32,4,0,0,0,0,1,0,0,0,0,0,0,0,0,0,0,0
0.001166458666863436,5,14,2,0,1,0,0,1,0,0,0,0,0,0,0,0,0,0,0
0.0004110458097292016,5,37,6,0,1,0,0,1,0,0,0,0,0,0,0,0,0,0,0
7.838025560134621e-07,5,12,3,0,1,0,0,1,0,0,0,0,0,0,0,0,0,0,0
0.0005221359357783537,5,10,2,0,1,0,0,1,0,0,0,0,0,0,0,0,0,0,0
0.0011442406416536056,5,14,2,0,1,0,0,1,0,0,0,0,0,0,0,0,0,0,0
0.00047769988535869293,5,17,3,0,1,0,0,1,0,0,0,0,0,0,0,0,0,0,0
0.0,5,10,2,0,1,0,0,1,0,0,0,0,0,0,0,0,0,0,0
0.003010554759279361,5,11,2,0,1,0,0,1,0,0,0,0,0,0,0,0,0,0,0
0.00039993679712428643,5,13,3,0,1,0,0,1,0,0,0,0,0,0,0,0,0,0,0
0.0006332260618275059,5,40,6,0,1,0,0,1,0,0,0,0,0,0,0,0,0,0,0
6.788841036337073e-07,5,11,2,0,1,0,0,1,0,0,0,0,0,0,0,0,0,0,0
0.0004554818601488625,5,14,2,0,1,0,0,1,0,0,0,0,0,0,0,0,0,0,0
1.5305750700105403e-06,5,10,2,0,1,0,0,1,0,0,0,0,0,0,0,0,0,0,0
0.0007665342130864884,5,54,8,0,1,0,0,1,0,0,0,0,0,0,0,0,0,0,0
0.0006332260618275059,5,15,3,0,1,0,0,1,0,0,0,0,0,0,0,0,0,0,0
0.0004888088979636082,5,16,3,0,1,0,0,1,0,0,0,0,0,0,0,0,0,0,0
5.801373249233499e-07,5,16,3,0,1,0,0,1,0,0,0,0,0,0,0,0,0,0,0
0.0006887711248520819,5,15,3,0,1,0,0,1,0,0,0,0,0,0,0,0,0,0,0
8.331759453686408e-07,5,12,3,0,1,0,0,1,0,0,0,0,0,0,0,0,0,0,0
0.0007332071752717428,5,16,3,0,1,0,0,1,0,0,0,0,0,0,0,0,0,0,0
0.0008887333517405558,5,12,2,0,1,0,0,1,0,0,0,0,0,0,0,0,0,0,0
0.0005949616850772424,5,16,2,0,1,0,0,1,0,0,0,0,0,0,0,0,0,0,0
0.0005949616850772424,5,10,2,0,1,0,0,1,0,0,0,0,0,0,0,0,0,0,0
0.0,5,11,2,0,1,0,0,1,0,0,0,0,0,0,0,0,0,0,0
0.0014386294756838587,3,11,2,0,1,0,0,1,0,0,0,0,0,0,0,0,0,0,0
9.25751050409601e-07,5,11,2,0,1,0,0,1,0,0,0,0,0,0,0,0,0,0,0
0.0007220981626668276,5,-93,23,0,1,0,1,1,0,0,0,0,0,0,0,0,0,0,0
0.00047769988535869293,3,25,3,0,0,0,0,1,0,0,0,0,0,0,0,0,0,0,0
0.0006788964469810462,5,13,2,0,1,0,0,1,0,0,0,0,0,0,0,0,0,0,0
0.0,5,10,2,0,1,0,0,1,0,0,0,0,0,0,0,0,0,0,0
0.0006221170492225907,5,10,2,0,1,0,0,1,0,0,0,0,0,0,0,0,0,0,0
0.0005924930156094835,5,10,2,0,1,0,0,1,0,0,0,0,0,0,0,0,0,0,0
0.000377718771914456,4,56,9,0,1,0,1,1,0,0,0,0,0,0,0,0,0,0,0
0.0016663642340846207,5,14,3,0,1,0,0,1,0,0,0,0,0,0,0,0,0,0,0
2.161937286389888e-05,5,11,2,0,1,0,0,1,0,0,0,0,0,0,0,0,0,0,0
0.00039993679712428643,5,12,2,0,1,0,0,1,0,0,0,0,0,0,0,0,0,0,0
0.00047769988535869293,5,14,2,0,1,0,0,1,0,0,0,0,0,0,0,0,0,0,0
0.0005739779946012914,5,14,2,0,1,0,0,1,0,0,0,0,0,0,0,0,0,0,0
0.0006443350744324211,5,12,2,0,1,0,0,1,0,0,0,0,0,0,0,0,0,0,0
0.0006585422672193738,5,14,2,0,1,0,0,1,0,0,0,0,0,0,0,0,0,0,0
0.0004110458097292016,3,29,4,0,0,1,0,1,0,0,0,0,0,0,0,0,0,0,0
0.0004443728475439473,3,29,4,0,0,1,0,1,0,0,0,0,0,0,0,0,0,0,0
0.0012997668181224185,3,29,4,0,0,1,0,1,0,0,0,0,0,0,0,0,0,0,0
6.603690826255153e-07,5,12,2,0,1,0,0,1,0,0,0,0,0,0,0,0,0,0,0
0.0005332449483832689,5,14,3,0,1,0,0,1,0,0,0,0,0,0,0,0,0,0,0
0.0,5,17,3,0,1,0,0,1,0,0,0,0,0,0,0,0,0,0,0
0.000493746236899126,5,10,2,0,1,0,0,1,0,0,0,0,0,0,0,0,0,0,0
0.000493746236899126,5,10,2,0,1,0,0,1,0,0,0,0,0,0,0,0,0,0,0
0.00039993679712428643,5,9,2,0,1,0,0,1,0,0,0,0,0,0,0,0,0,0,0
0.0005850870072062066,5,9,2,0,1,0,0,1,0,0,0,0,0,0,0,0,0,0,0
0.0004999179105685234,5,18,3,0,1,0,0,1,0,0,0,0,0,0,0,0,0,0,0
0.000377718771914456,5,15,3,0,1,0,0,1,0,0,0,0,0,0,0,0,0,0,0
0.0008578749833935691,2,19,5,0,0,0,1,1,0,0,0,0,0,0,0,0,0,0,0
0.0004999179105685234,3,26,4,0,0,0,0,1,0,0,0,0,0,0,0,0,0,0,0
0.0008331882887159797,1,9,2,0,0,0,0,1,0,0,0,0,0,0,0,0,0,0,0
0.0008887333517405558,1,29,5,0,0,0,0,1,0,0,0,0,0,0,0,0,0,0,0
0.0005110269231734386,4,24,5,0,0,0,1,1,0,0,0,0,0,0,0,0,0,0,0
0.0005924930156094835,3,14,3,0,1,0,0,1,0,0,0,0,0,0,0,0,0,0,0
0.0005338621157502088,3,30,4,0,0,0,0,1,0,0,0,0,0,0,0,0,0,0,0
0.0005110269231734386,4,29,5,0,0,0,1,1,0,0,0,0,0,0,0,0,0,0,0
0.0005400337894196061,3,27,4,0,0,0,0,1,0,0,0,0,0,0,0,0,0,0,0
0.001210894717283097,1,23,4,0,1,0,0,1,0,0,0,0,0,0,0,0,0,0,0
1.0985579131527265e-06,5,11,2,0,1,0,0,1,0,0,0,0,0,0,0,0,0,0,0
9.25751050409601e-07,5,11,2,0,1,0,0,1,0,0,0,0,0,0,0,0,0,0,0
0.0005221359357783537,5,14,2,0,1,0,0,1,0,0,0,0,0,0,0,0,0,0,0
0.0008556161508305696,3,37,6,0,1,0,0,1,0,0,0,0,0,0,0,0,0,0,0
0.00031106469628496475,5,49,7,0,1,0,1,1,0,0,0,0,0,0,0,0,0,0,0
0.0007794947277922228,1,15,2,0,0,0,0,1,0,0,0,0,0,0,0,0,0,0,0
0.0,5,15,2,0,1,0,0,1,0,0,0,0,0,0,0,0,0,0,0
6.35682387947926e-07,3,22,3,0,0,0,0,1,0,0,0,0,0,0,0,0,0,0,0
8.146609243604488e-07,5,13,2,0,1,0,0,1,0,0,0,0,0,0,0,0,0,0,0
0.0005431196262543047,3,31,4,0,0,0,0,1,0,0,0,0,0,0,0,0,0,0,0
0.00029396916022073413,1,13,2,0,0,0,0,1,0,0,0,0,0,0,0,0,0,0,0
6.418540616173233e-07,5,15,3,0,1,1,0,1,0,0,0,0,0,0,0,0,0,0,0
8.023175770216541e-07,5,18,4,0,1,0,0,1,0,0,0,0,0,0,0,0,0,0,0
0.0011170852775082573,3,46,7,0,1,0,0,1,0,0,0,0,0,0,0,0,0,0,0
0.0008887333517405558,1,29,5,0,0,0,0,1,0,0,0,0,0,0,0,0,0,0,0
0.0007109891500619123,5,8,2,0,1,0,0,1,0,0,0,0,0,0,0,0,0,0,0
0.0006511239154687582,1,35,5,0,0,0,0,1,0,0,0,0,0,0,0,0,0,0,0
0.0005665719861980146,5,11,2,0,1,0,0,1,0,0,0,0,0,0,0,0,0,0,0
0.0007109891500619123,5,8,2,0,1,0,0,1,0,0,0,0,0,0,0,0,0,0,0
0.0007776432256914037,5,11,2,0,1,0,0,1,0,0,0,0,0,0,0,0,0,0,0
0.0004554818601488625,5,55,10,0,1,0,0,1,0,0,0,0,0,0,0,0,0,0,0
0.001083141072326572,3,37,6,0,1,0,0,1,0,0,0,0,0,0,0,0,0,0,0
0.0004110458097292016,5,16,3,0,1,0,0,1,0,0,0,0,0,0,0,0,0,0,0
0.0005443539609881842,5,20,3,0,1,0,0,1,0,0,0,0,0,0,0,0,0,0,0
0.00042215482233411687,5,47,7,0,1,0,0,1,0,0,0,0,0,0,0,0,0,0,0
7.652875350052701e-07,5,13,2,0,1,0,0,1,0,0,0,0,0,0,0,0,0,0,0
4.752188725435952e-07,5,14,2,0,1,0,0,1,0,0,0,0,0,0,0,0,0,0,0
0.00111091360383886,1,17,2,0,1,0,0,1,0,0,0,0,0,0,0,0,0,0,0
0.0005332449483832689,5,42,7,0,1,0,1,1,0,0,0,0,0,0,0,0,0,0,0
0.0004999179105685234,5,18,3,0,1,0,0,1,0,0,0,0,0,0,0,0,0,0,0
0.0004999179105685234,4,24,4,0,1,0,0,1,0,0,0,0,0,0,0,0,0,0,0
5.924806722621445e-07,5,12,2,0,1,0,0,1,0,0,0,0,0,0,0,0,0,0,0
8.023175770216541e-07,5,17,3,0,1,0,0,1,0,0,0,0,0,0,0,0,0,0,0
7.652875350052701e-07,5,24,4,0,1,1,0,1,0,0,0,0,0,0,0,0,0,0,0
0.0005665719861980146,5,14,2,0,1,0,0,1,0,0,0,0,0,0,0,0,0,0,0
0.0006295230576258675,5,50,9,0,1,0,0,1,0,0,0,0,0,0,0,0,0,0,0
0.0,5,13,2,0,1,0,0,1,0,0,0,0,0,0,0,0,0,0,0
0.0005110269231734386,5,19,3,0,1,0,0,1,0,0,0,0,0,0,0,0,0,0,0
5.924806722621445e-07,5,16,3,0,1,0,0,1,0,0,0,0,0,0,0,0,0,0,0
0.0005431196262543047,5,9,2,0,1,0,0,1,0,0,0,0,0,0,0,0,0,0,0
1.0059828081117663e-06,5,13,2,0,1,0,0,1,0,0,0,0,0,0,0,0,0,0,0
0.0004665908727537777,5,10,2,0,1,0,0,1,0,0,0,0,0,0,0,0,0,0,0
1.0016626365431883e-05,5,11,2,0,1,0,0,1,0,0,0,0,0,0,0,0,0,0,0
6.35682387947926e-07,5,16,2,0,1,0,0,1,0,0,0,0,0,0,0,0,0,0,0
0.001083141072326572,3,37,6,0,1,0,0,1,0,0,0,0,0,0,0,0,0,0,0
8.455192927074356e-07,5,11,2,0,1,0,0,1,0,0,0,0,0,0,0,0,0,0,0
7.591158613358727e-07,5,13,2,0,1,0,0,1,0,0,0,0,0,0,0,0,0,0,0
0.00039993679712428643,5,17,3,0,1,0,0,1,0,0,0,0,0,0,0,0,0,0,0
0.0004665908727537777,5,14,2,0,1,0,0,1,0,0,0,0,0,0,0,0,0,0,0
0.0003703127635111793,3,18,2,0,0,0,0,1,0,0,0,0,0,0,0,0,0,0,0
8.948926820626142e-07,5,13,2,0,1,0,0,1,0,0,0,0,0,0,0,0,0,0,0
0.0005776809988029298,5,40,7,0,1,0,0,1,0,0,0,0,0,0,0,0,0,0,0
0.0010720320597216568,5,11,2,0,1,0,0,1,0,0,0,0,0,0,0,0,0,0,0
0.0009936518041203106,5,11,2,0,1,0,0,1,0,0,0,0,0,0,0,0,0,0,0
8.455192927074356e-07,5,48,7,0,1,0,1,1,0,0,0,0,0,0,0,0,0,0,0
1.2343347338794678e-06,5,10,2,0,1,0,0,1,0,0,0,0,0,0,0,0,0,0,0
0.0004110458097292016,3,33,4,0,0,0,0,1,0,0,0,0,0,0,0,0,0,0,0
0.0005665719861980146,3,17,2,0,0,0,0,1,0,0,0,0,0,0,0,0,0,0,0
0.0007035831416586356,3,19,2,0,0,0,0,1,0,0,0,0,0,0,0,0,0,0,0
0.0,5,14,3,0,1,0,0,1,0,0,0,0,0,0,0,0,0,0,0
0.0006221170492225907,5,13,2,0,1,0,0,1,0,0,0,0,0,0,0,0,0,0,0
0.0,5,11,2,0,1,0,0,1,0,0,0,0,0,0,0,0,0,0,0
0.0036215504525496977,5,11,2,0,1,0,0,1,0,0,0,0,0,0,0,0,0,0,0
0.0,5,11,2,0,1,0,0,1,0,0,0,0,0,0,0,0,0,0,0
0.0036215504525496977,5,14,3,0,1,0,0,1,0,0,0,0,0,0,0,0,0,0,0
0.0,5,11,2,0,1,0,0,1,0,0,0,0,0,0,0,0,0,0,0
0.0,5,12,2,0,1,0,0,1,0,0,0,0,0,0,0,0,0,0,0
0.0005776809988029298,5,17,2,0,1,0,0,1,0,0,0,0,0,0,0,0,0,0,0
1.5305750700105403e-06,5,10,2,0,1,0,0,1,0,0,0,0,0,0,0,0,0,0,0
0.00043326383493903206,5,46,7,0,1,0,0,1,0,0,0,0,0,0,0,0,0,0,0
1.6231501750515004e-06,5,53,8,0,1,0,0,1,0,0,0,0,0,0,0,0,0,0,0
0.00041128650500230817,3,44,5,0,0,0,0,1,0,0,0,0,0,0,0,0,0,0,0
0.0010553685408142839,3,16,3,0,0,0,0,1,0,0,0,0,0,0,0,0,0,0,0
0.0012220037298880122,5,24,4,0,1,0,0,1,0,0,0,0,0,0,0,0,0,0,0
0.0008640466570629664,3,47,6,0,0,0,0,1,0,0,0,0,0,0,0,0,0,0,0
8.270042716992435e-07,5,38,7,0,1,0,1,1,0,0,0,0,0,0,0,0,0,0,0
0.0007776432256914037,5,46,7,0,1,0,1,1,0,0,0,0,0,0,0,0,0,0,0
0.0009504500884345292,5,102,16,0,1,0,1,1,0,0,0,0,0,0,0,0,0,0,0
0.0011886766920732664,5,14,2,0,1,0,0,1,0,0,0,0,0,0,0,0,0,0,0
0.0004665908727537777,3,30,4,0,0,0,0,1,0,0,0,0,0,0,0,0,0,0,0
8.702059873850248e-07,5,12,3,0,1,0,0,1,0,0,0,0,0,0,0,0,0,0,0
0.0006017505261135794,5,14,2,0,1,0,0,1,0,0,0,0,0,0,0,0,0,0,0
0.001083141072326572,3,10,2,0,1,0,0,1,0,0,0,0,0,0,0,0,0,0,0
0.0008331882887159797,5,45,7,0,1,0,0,1,0,0,0,0,0,0,0,0,0,0,0
9.62781092425985e-07,5,45,7,0,1,0,0,1,0,0,0,0,0,0,0,0,0,0,0
6.109956932703366e-07,5,10,2,0,1,0,0,1,0,0,0,0,0,0,0,0,0,0,0
4.2584548318841644e-07,3,44,5,0,0,0,0,1,0,0,0,0,0,0,0,0,0,0,0
8.640343137156275e-07,5,11,2,0,1,0,0,1,0,0,0,0,0,0,0,0,0,0,0
0.0004665908727537777,5,10,2,0,1,0,0,1,0,0,0,0,0,0,0,0,0,0,0
1.8638454481579966e-06,5,10,2,0,1,0,0,1,0,0,0,0,0,0,0,0,0,0,0
0.0005801496682706888,5,14,2,0,1,0,0,1,0,0,0,0,0,0,0,0,0,0,0
1.0059828081117663e-06,5,12,3,0,1,0,0,1,0,0,0,0,0,0,0,0,0,0,0
0.0007529565310138142,5,14,2,0,1,0,0,1,0,0,0,0,0,0,0,0,0,0,0
0.0005468226304559431,1,36,4,0,0,0,0,1,0,0,0,0,0,0,0,0,0,0,0
0.00047769988535869293,5,104,14,0,1,0,0,1,0,0,0,0,0,0,0,0,0,0,0
0.00043326383493903206,3,32,4,0,0,0,0,1,0,0,0,0,0,0,0,0,0,0,0
0.00047769988535869293,3,114,15,0,0,0,0,1,0,0,0,0,0,0,0,0,0,0,0
0.00047769988535869293,5,-124,18,0,1,0,0,1,0,0,0,0,0,0,0,0,0,0,0
0.0004999179105685234,3,32,4,0,0,0,0,1,0,0,0,0,0,0,0,0,0,0,0
8.455192927074356e-07,5,13,2,0,1,0,0,1,0,0,0,0,0,0,0,0,0,0,0
0.0007554252004815732,5,15,2,0,1,0,0,1,0,0,0,0,0,0,0,0,0,0,0
0.0005110269231734386,5,11,2,0,1,0,0,1,0,0,0,0,0,0,0,0,0,0,0
0.0005554629735930994,5,17,3,0,1,0,0,1,0,0,0,0,0,0,0,0,0,0,0
0.0008665153265307253,5,14,3,0,1,0,0,1,0,0,0,0,0,0,0,0,0,0,0
0.0004341402126000865,3,14,2,0,1,0,0,1,0,0,0,0,0,0,0,0,0,0,0
0.0005776809988029298,5,13,2,0,1,0,0,1,0,0,0,0,0,0,0,0,0,0,0
0.00042215482233411687,5,14,3,0,1,0,0,1,0,0,0,0,0,0,0,0,0,0,0
5.924806722621445e-07,5,10,2,0,1,0,0,1,0,0,0,0,0,0,0,0,0,0,0
7.035707983112967e-07,5,11,2,0,1,0,0,1,0,0,0,0,0,0,0,0,0,0,0
0.00042215482233411687,5,11,2,0,1,0,0,1,0,0,0,0,0,0,0,0,0,0,0
0.00038882778451937124,5,12,2,0,1,0,0,1,0,0,0,0,0,0,0,0,0,0,0
0.0007554252004815732,3,18,3,0,1,0,0,1,0,0,0,0,0,0,0,0,0,0,0
0.0006665530996422515,5,11,2,0,1,0,0,1,0,0,0,0,0,0,0,0,0,0,0
0.001210894717283097,1,23,4,0,1,0,0,1,0,0,0,0,0,0,0,0,0,0,0
0.0006110080366176755,1,9,2,0,0,0,0,1,0,0,0,0,0,0,0,0,0,0,0
0.0006221170492225907,5,17,3,0,1,0,0,1,0,0,0,0,0,0,0,0,0,0,0
0.0011417719721858468,5,10,2,0,1,0,0,1,0,0,0,0,0,0,0,0,0,0,0
0.0005462054630890034,1,27,4,0,0,0,0,1,0,0,0,0,0,0,0,0,0,0,0
1.073871218475137e-06,5,15,3,0,1,0,0,1,0,0,0,0,0,0,0,0,0,0,0
4.0733046218022443e-07,5,15,2,0,1,0,0,1,0,0,0,0,0,0,0,0,0,0,0
6.171673669397339e-07,5,12,2,0,1,0,0,1,0,0,0,0,0,0,0,0,0,0,0
4.0733046218022443e-07,5,15,2,0,1,0,0,1,0,0,0,0,0,0,0,0,0,0,0
0.0006332260618275059,5,12,3,0,1,0,0,1,0,0,0,0,0,0,0,0,0,0,0
0.0009566217621039265,5,12,3,0,1,0,0,1,0,0,0,0,0,0,0,0,0,0,0
0.00042215482233411687,5,10,2,0,1,0,0,1,0,0,0,0,0,0,0,0,0,0,0
0.0015219470702207227,5,18,3,0,1,0,0,1,0,0,0,0,0,0,0,0,0,0,0
0.0004443728475439473,1,10,1,0,0,0,0,1,0,0,0,0,0,0,0,0,0,0,0
0.0027772654945761414,5,16,2,0,1,0,0,1,0,0,0,0,0,0,0,0,0,0,0
0.0012553307677027577,5,19,3,0,1,0,0,1,0,0,0,0,0,0,0,0,0,0,0
0.002221814864330381,5,12,2,0,1,0,0,1,0,0,0,0,0,0,0,0,0,0,0
0.0007720887193889461,3,23,3,0,0,0,0,1,0,0,0,0,0,0,0,0,0,0,0
0.0008517033097241718,3,20,3,0,0,0,0,1,0,0,0,0,0,0,0,0,0,0,0
1.5305750700105403e-06,5,10,2,0,1,0,0,1,0,0,0,0,0,0,0,0,0,0,0
0.0013516088769453562,1,10,1,0,0,0,0,1,0,0,0,0,0,0,0,0,0,0,0
0.0010234116145541444,1,18,2,0,0,0,0,1,0,0,0,0,0,0,0,0,0,0,0
0.0009930346367533708,5,13,3,0,1,0,0,1,0,0,0,0,0,0,0,0,0,0,0
0.000588790011407845,5,17,3,0,1,0,0,1,0,0,0,0,0,0,0,0,0,0,0
0.0014812140240027004,5,15,3,0,1,0,0,1,0,0,0,0,0,0,0,0,0,0,0
0.00034439173409971037,5,23,4,0,1,0,1,1,0,0,0,0,0,0,0,0,0,0,0
0.0004665908727537777,5,10,2,0,1,0,0,1,0,0,0,0,0,0,0,0,0,0,0
0.0007776432256914037,5,17,3,0,1,0,0,1,0,0,0,0,0,0,0,0,0,0,0
0.0003332827214947952,5,14,2,0,1,0,0,1,0,0,0,0,0,0,0,0,0,0,0
0.001029447511402815,3,88,11,0,0,0,0,1,0,0,0,0,0,0,0,0,0,0,0
1.382454901945004e-06,5,15,3,0,1,0,0,1,0,0,0,0,0,0,0,0,0,0,0
0.0005776809988029298,5,11,2,0,1,0,0,1,0,0,0,0,0,0,0,0,0,0,0
0.00038882778451937124,5,11,2,0,1,0,0,1,0,0,0,0,0,0,0,0,0,0,0
0.0008480003055225333,5,10,2,0,1,0,0,1,0,0,0,0,0,0,0,0,0,0,0
0.0,3,35,4,0,0,0,0,1,0,0,0,0,0,0,0,0,0,0,0
0.0007665342130864884,1,13,2,0,0,0,0,1,0,0,0,0,0,0,0,0,0,0,0
0.0017527676654561833,5,17,4,0,1,0,0,1,0,0,0,0,0,0,0,0,0,0,0
0.0008109702635061492,5,47,8,0,1,0,0,1,0,0,0,0,0,0,0,0,0,0,0
0.0016330371962698749,3,32,4,0,0,0,0,1,0,0,0,0,0,0,0,0,0,0,0
0.0012145977214847352,3,37,4,0,0,0,0,1,0,0,0,0,0,0,0,0,0,0,0
0.0007665342130864884,5,19,3,0,1,0,1,1,0,0,0,0,0,0,0,0,0,0,0
0.0003666097593095408,5,10,2,0,1,0,0,1,0,0,0,0,0,0,0,0,0,0,0
0.0008887333517405558,3,20,2,0,0,0,0,1,0,0,0,0,0,0,0,0,0,0,0
0.0005338621157502088,3,30,4,0,0,0,0,1,0,0,0,0,0,0,0,0,0,0,0
6.233390406091312e-07,5,11,2,0,1,0,0,1,0,0,0,0,0,0,0,0,0,0,0
0.0004443728475439473,3,20,2,0,0,0,0,1,0,0,0,0,0,0,0,0,0,0,0
0.0005338621157502088,3,30,4,0,0,0,0,1,0,0,0,0,0,0,0,0,0,0,0
0.0005110269231734386,5,10,2,0,1,0,0,1,0,0,0,0,0,0,0,0,0,0,0
0.0006161922424999692,4,24,3,0,0,0,0,1,0,0,0,0,0,0,0,0,0,0,0
0.000927614895857759,1,21,3,0,0,0,0,1,0,0,0,0,0,0,0,0,0,0,0
0.0005082558416958791,5,20,3,0,1,0,0,1,0,0,0,0,0,0,0,0,0,0,0
0.0006221170492225907,5,15,2,0,1,0,0,1,0,0,0,0,0,0,0,0,0,0,0
9.072360294014089e-07,5,13,3,0,1,0,0,1,0,0,0,0,0,0,0,0,0,0,0
0.0005338621157502088,3,30,4,0,0,0,0,1,0,0,0,0,0,0,0,0,0,0,0
0.0005554629735930994,1,26,3,0,0,0,0,1,0,0,0,0,0,0,0,0,0,0,0
0.00043326383493903206,1,23,4,0,0,0,0,1,0,0,0,0,0,0,0,0,0,0,0
0.000848617472889473,5,9,2,0,1,0,0,1,0,0,0,0,0,0,0,0,0,0,0
8.702059873850248e-07,5,15,3,0,1,0,0,1,0,0,0,0,0,0,0,0,0,0,0
0.0012442217550978425,5,11,2,0,1,0,0,1,0,0,0,0,0,0,0,0,0,0,0
0.0004443728475439473,5,53,8,0,1,0,0,1,0,0,0,0,0,0,0,0,0,0,0
8.640343137156275e-07,5,10,2,0,1,0,0,1,0,0,0,0,0,0,0,0,0,0,0
0.0008887333517405558,2,22,4,0,1,0,0,1,0,0,0,0,0,0,0,0,0,0,0
0.000521518768411414,1,34,4,0,0,1,0,1,0,0,0,0,0,0,0,0,0,0,0
0.000799861250901234,5,10,2,0,1,0,0,1,0,0,0,0,0,0,0,0,0,0,0
1.2775364495652493e-06,5,15,2,0,1,0,0,1,0,0,0,0,0,0,0,0,0,0,0
0.0006788964469810462,5,36,6,0,1,0,0,1,0,0,0,0,0,0,0,0,0,0,0
0.0004443728475439473,5,14,2,0,1,0,0,1,0,0,0,0,0,0,0,0,0,0,0
0.0006943750045438947,1,46,8,0,0,0,1,1,0,0,0,0,0,0,0,0,0,0,0
0.001373209734788247,1,11,2,0,0,0,0,1,0,0,0,0,0,0,0,0,0,0,0
0.0013330938559371643,5,15,2,0,1,0,0,1,0,0,0,0,0,0,0,0,0,0,0
0.0012053402109806393,5,16,3,0,1,0,0,1,0,0,0,0,0,0,0,0,0,0,0
0.0005110269231734386,5,65,10,0,1,0,0,1,0,0,0,0,0,0,0,0,0,0,0
1.4194849439613882e-06,5,12,3,0,1,0,0,1,0,0,0,0,0,0,0,0,0,0,0
0.0,5,48,7,0,1,0,1,1,0,0,0,0,0,0,0,0,0,0,0
0.0005110269231734386,5,65,10,0,1,0,0,1,0,0,0,0,0,0,0,0,0,0,0
0.0005554629735930994,5,14,3,0,1,0,0,1,0,0,0,0,0,0,0,0,0,0,0
0.0005665719861980146,5,15,2,0,1,0,0,1,0,0,0,0,0,0,0,0,0,0,0
9.62781092425985e-07,5,12,2,0,1,0,0,1,0,0,0,0,0,0,0,0,0,0,0
0.0003666097593095408,1,23,4,0,0,0,0,1,0,0,0,0,0,0,0,0,0,0,0
0.0009257633937569398,3,15,2,0,0,0,0,1,0,0,0,0,0,0,0,0,0,0,0
0.00043326383493903206,1,23,4,0,0,0,0,1,0,0,0,0,0,0,0,0,0,0,0
0.0014812140240027004,5,15,3,0,1,0,0,1,0,0,0,0,0,0,0,0,0,0,0
8.887210083932169e-07,5,14,3,0,1,0,0,1,0,0,0,0,0,0,0,0,0,0,0
8.702059873850248e-07,5,10,2,0,1,0,0,1,0,0,0,0,0,0,0,0,0,0,0
0.001083141072326572,3,37,6,0,1,0,0,1,0,0,0,0,0,0,0,0,0,0,0
0.0005499084672906418,2,14,1,0,1,0,0,1,0,0,0,0,0,0,0,0,0,0,0
0.0006554440870373364,5,13,3,0,1,0,0,1,0,0,0,0,0,0,0,0,0,0,0
5.060772408905818e-07,5,-110,101,0,1,0,0,1,0,0,0,0,0,0,0,0,0,0,0
0.0004888088979636082,5,17,3,0,1,0,0,1,0,0,0,0,0,0,0,0,0,0,0
0.00038882778451937124,5,13,2,0,1,0,0,1,0,0,0,0,0,0,0,0,0,0,0
0.00042215482233411687,5,14,3,0,1,0,0,1,0,0,0,0,0,0,0,0,0,0,0
0.0009609419336725046,5,64,11,0,1,0,0,1,0,0,0,0,0,0,0,0,0,0,0
0.001083141072326572,3,37,6,0,1,0,0,1,0,0,0,0,0,0,0,0,0,0,0
0.0009609419336725046,3,47,8,0,1,0,0,1,0,0,0,0,0,0,0,0,0,0,0
0.0003666097593095408,1,23,4,0,0,0,0,1,0,0,0,0,0,0,0,0,0,0,0
0.0003666097593095408,1,23,4,0,0,0,0,1,0,0,0,0,0,0,0,0,0,0,0
0.00043326383493903206,1,23,4,0,0,0,0,1,0,0,0,0,0,0,0,0,0,0,0
0.000660998593339794,5,11,2,0,1,0,0,1,0,0,0,0,0,0,0,0,0,0,0
0.0010720320597216568,5,11,2,0,1,0,0,1,0,0,0,0,0,0,0,0,0,0,0
0.0007054346437594547,2,13,1,0,1,0,0,1,0,0,0,0,0,0,0,0,0,0,0
0.00047769988535869293,3,12,2,0,0,0,0,1,0,0,0,0,0,0,0,0,0,0,0
0.0005554629735930994,1,13,2,0,0,0,0,1,0,0,0,0,0,0,0,0,0,0,0
0.0007893694056632586,3,44,8,0,1,0,0,1,0,0,0,0,0,0,0,0,0,0,0
4.505321778660058e-07,5,10,2,0,1,0,0,1,0,0,0,0,0,0,0,0,0,0,0
0.001067625484721707,5,18,3,0,1,0,0,1,0,0,0,0,0,0,0,0,0,0,0
6.91227450972502e-07,5,13,3,0,1,0,0,1,0,0,0,0,0,0,0,0,0,0,0
0.0005647204840971954,1,20,3,0,0,0,0,1,0,0,0,0,0,0,0,0,0,0,0
9.072360294014089e-07,5,17,3,0,1,0,0,1,0,0,0,0,0,0,0,0,0,0,0
6.54197408956118e-07,3,14,2,0,1,0,0,1,0,0,0,0,0,0,0,0,0,0,0
9.195793767402036e-07,5,13,2,0,1,0,0,1,0,0,0,0,0,0,0,0,0,0,0
0.0005665719861980146,5,16,2,0,1,0,0,1,0,0,0,0,0,0,0,0,0,0,0
0.0004443728475439473,5,13,2,0,1,0,0,1,0,0,0,0,0,0,0,0,0,0,0
0.0,3,16,3,0,0,0,0,1,0,0,0,0,0,0,0,0,0,0,0
7.961459033522568e-07,5,19,3,0,1,0,0,1,0,0,0,0,0,0,0,0,0,0,0
0.00042215482233411687,5,11,2,0,1,0,0,1,0,0,0,0,0,0,0,0,0,0,0
1.0676995448057397e-06,5,17,2,0,1,0,0,1,0,0,0,0,0,0,0,0,0,0,0
8.640343137156275e-07,5,15,3,0,1,0,0,1,0,0,0,0,0,0,0,0,0,0,0
1.1232446078303157e-06,5,71,11,0,1,0,0,1,0,0,0,0,0,0,0,0,0,0,0
0.0010498140345118264,5,12,2,0,1,0,0,1,0,0,0,0,0,0,0,0,0,0,0
8.640343137156275e-07,5,13,3,0,1,0,0,1,0,0,0,0,0,0,0,0,0,0,0
0.0014441839819863164,3,33,4,0,0,0,0,1,0,0,0,0,0,0,0,0,0,0,0
8.763776610544222e-07,1,13,2,0,0,0,0,1,0,0,0,0,0,0,0,0,0,0,0
0.0008270166150465823,5,11,2,0,1,0,0,1,0,0,0,0,0,0,0,0,0,0,0
0.0008640466570629664,1,22,4,0,0,0,0,1,0,0,0,0,0,0,0,0,0,0,0
0.0,5,46,9,0,1,0,0,1,0,0,0,0,0,0,0,0,0,0,0
0.0,5,54,10,0,1,0,0,1,0,0,0,0,0,0,0,0,0,0,0
7.220858193194887e-07,3,14,2,0,1,0,0,1,0,0,0,0,0,0,0,0,0,0,0
5.801373249233499e-07,5,11,2,0,1,0,0,1,0,0,0,0,0,0,0,0,0,0,0
0.0008300530784919258,1,13,2,0,0,0,0,1,0,0,0,0,0,0,0,0,0,0,0
0.0005776809988029298,5,13,3,0,1,0,0,1,0,0,0,0,0,0,0,0,0,0,0
0.0007332071752717428,5,10,2,0,1,0,0,1,0,0,0,0,0,0,0,0,0,0,0
0.000377718771914456,5,10,2,0,1,0,0,1,0,0,0,0,0,0,0,0,0,0,0
0.0009535359252692278,5,12,2,0,1,0,0,1,0,0,0,0,0,0,0,0,0,0,0
0.000744316187876658,5,10,2,0,1,0,0,1,0,0,0,0,0,0,0,0,0,0,0
0.000744316187876658,5,10,2,0,1,0,0,1,0,0,0,0,0,0,0,0,0,0,0
0.0011997857046781818,1,23,4,0,1,0,0,1,0,0,0,0,0,0,0,0,0,0,0
0.0011997857046781818,1,23,4,0,1,0,0,1,0,0,0,0,0,0,0,0,0,0,0
0.0011997857046781818,1,23,4,0,1,0,0,1,0,0,0,0,0,0,0,0,0,0,0
0.0011220226164437752,1,23,4,0,1,0,0,1,0,0,0,0,0,0,0,0,0,0,0
0.0011997857046781818,1,23,4,0,1,0,0,1,0,0,0,0,0,0,0,0,0,0,0
0.001210894717283097,1,23,4,0,1,0,0,1,0,0,0,0,0,0,0,0,0,0,0
0.00039993679712428643,5,12,3,0,1,0,0,1,0,0,0,0,0,0,0,0,0,0,0
0.0010331505156044535,5,11,2,0,1,0,0,1,0,0,0,0,0,0,0,0,0,0,0
0.0009776054525798775,5,11,2,0,1,0,0,1,0,0,0,0,0,0,0,0,0,0,0
0.001066477553419199,5,65,11,0,1,0,0,1,0,0,0,0,0,0,0,0,0,0,0
0.0006665530996422515,5,13,2,0,1,0,0,1,0,0,0,0,0,0,0,0,0,0,0
0.0,5,12,2,0,1,0,0,1,0,0,0,0,0,0,0,0,0,0,0
0.0006332260618275059,5,11,2,0,1,0,0,1,0,0,0,0,0,0,0,0,0,0,0
0.0,5,13,2,0,1,0,0,1,0,0,0,0,0,0,0,0,0,0,0
0.0009776054525798775,5,11,2,0,1,0,0,1,0,0,0,0,0,0,0,0,0,0,0
0.0,5,11,2,0,1,0,0,1,0,0,0,0,0,0,0,0,0,0,0
7.035707983112967e-07,5,12,2,0,1,0,0,1,0,0,0,0,0,0,0,0,0,0,0
0.0007554252004815732,5,12,3,0,1,0,0,1,0,0,0,0,0,0,0,0,0,0,0
0.0004554818601488625,5,49,8,0,1,0,1,1,0,0,0,0,0,0,0,0,0,0,0
0.0007776432256914037,1,9,2,0,0,0,0,1,0,0,0,0,0,0,0,0,0,0,0
0.0004443728475439473,5,13,3,0,1,0,0,1,0,0,0,0,0,0,0,0,0,0,0
0.0003332827214947952,5,11,2,0,1,0,0,1,0,0,0,0,0,0,0,0,0,0,0
0.001083141072326572,3,37,6,0,1,0,0,1,0,0,0,0,0,0,0,0,0,0,0
0.001083141072326572,3,37,6,0,1,0,0,1,0,0,0,0,0,0,0,0,0,0,0
0.001083141072326572,3,37,6,0,1,0,0,1,0,0,0,0,0,0,0,0,0,0,0
0.001083141072326572,3,37,6,0,1,0,0,1,0,0,0,0,0,0,0,0,0,0,0
0.001083141072326572,3,37,6,0,1,0,0,1,0,0,0,0,0,0,0,0,0,0,0
0.001083141072326572,3,37,6,0,1,0,0,1,0,0,0,0,0,0,0,0,0,0,0
0.001083141072326572,3,37,6,0,1,0,0,1,0,0,0,0,0,0,0,0,0,0,0
0.0011997857046781818,5,12,2,0,1,0,0,1,0,0,0,0,0,0,0,0,0,0,0
0.0005110269231734386,5,13,2,0,1,0,0,1,0,0,0,0,0,0,0,0,0,0,0
7.097424719806941e-07,5,9,2,0,1,0,0,1,0,0,0,0,0,0,0,0,0,0,0
0.0005924930156094835,5,14,2,0,1,0,0,1,0,0,0,0,0,0,0,0,0,0,0
7.035707983112967e-07,5,12,2,0,1,0,0,1,0,0,0,0,0,0,0,0,0,0,0
0.0005776809988029298,1,20,2,0,0,0,0,1,0,0,0,0,0,0,0,0,0,0,0
0.0012553307677027577,5,102,16,0,1,0,0,1,0,0,0,0,0,0,0,0,0,0,0
0.0014997290450108924,5,12,2,0,1,0,0,1,0,0,0,0,0,0,0,0,0,0,0
0.00047769988535869293,5,11,2,0,1,0,0,1,0,0,0,0,0,0,0,0,0,0,0
0.0005221359357783537,1,16,1,0,1,0,0,0,0,0,0,0,0,0,1,0,0,0,0
0.0011775676794683512,1,39,5,0,1,0,0,0,0,0,0,0,0,0,1,0,0,0,0
8.888444418666049e-05,1,13,2,0,0,0,0,0,0,0,0,0,0,0,1,0,0,0,0
0.00111091360383886,1,7,1,0,0,0,0,0,0,0,0,0,0,0,1,0,0,0,0
0.0010121668251285025,1,12,1,0,1,0,0,0,0,0,0,0,0,0,1,0,0,0,0
0.000799861250901234,5,16,3,0,1,0,0,0,0,0,0,0,0,0,1,0,0,0,0
0.0012343470772268068,1,13,2,0,0,0,0,0,0,0,0,0,0,0,1,0,0,0,0
0.0006332260618275059,5,126,18,0,1,0,0,0,0,0,0,0,0,0,1,0,0,0,0
0.0006110080366176755,3,33,4,0,0,0,0,0,0,0,0,0,0,0,1,0,0,0,0
0.2570903365525976,5,10,2,0,1,0,0,0,0,0,0,0,0,0,1,0,0,0,0
0.0010800552354918733,5,41,8,0,1,0,0,0,0,0,0,0,0,0,1,0,0,0,0
0.0004443728475439473,5,46,6,0,1,0,0,0,0,0,0,0,0,0,1,0,0,0,0
0.0005776809988029298,2,3,1,0,0,0,0,0,0,0,0,0,0,0,1,0,0,0,0
0.0005665719861980146,5,11,2,0,1,0,0,0,0,0,0,0,0,0,1,0,0,0,0
0.0007831977319938613,1,13,2,0,0,0,0,0,0,0,0,0,0,0,1,0,0,0,0
4.875622198823899e-07,3,2,1,0,1,0,0,0,0,0,0,0,0,0,1,0,0,0,0
0.0007406131836750196,5,11,2,0,1,0,0,0,0,0,0,0,0,0,1,0,0,0,0
0.0006017505261135794,1,7,1,0,0,0,0,0,0,0,0,0,0,0,1,0,0,0,0
0.0004999179105685234,5,53,5,0,1,0,0,0,0,0,0,0,0,0,1,0,0,0,0
0.0008949050254099531,5,20,3,0,1,0,0,0,0,0,0,0,0,0,1,0,0,0,0
0.0008442973013208949,1,13,3,0,0,0,0,0,0,0,0,0,0,0,1,0,0,0,0
1.1664463235160971e-06,5,11,2,0,1,0,0,0,0,0,0,0,0,0,1,0,0,0,0
0.0006788964469810462,5,12,2,0,1,0,0,0,0,0,0,0,0,0,1,0,0,0,0
0.0006418664049646621,5,15,2,0,1,0,0,0,0,0,0,0,0,0,1,0,0,0,0
0.0005332449483832689,5,11,2,0,1,0,0,0,0,0,0,0,0,0,1,0,0,0,0
0.0002666286458653039,5,19,4,0,1,0,0,0,0,0,0,0,0,0,1,0,0,0,0
0.0009109513769503862,5,13,2,0,1,0,0,0,0,0,0,0,0,0,1,0,0,0,0
7.838025560134621e-07,5,9,2,0,1,0,0,0,0,0,0,0,0,0,1,0,0,0,0
1.2775364495652493e-06,5,15,2,0,1,0,0,0,0,0,0,0,0,0,1,0,0,0,0
0.00042215482233411687,5,-57,32,0,1,0,0,0,0,0,0,0,0,0,1,0,0,0,0
0.0010220415029995383,5,65,9,0,1,0,0,0,0,0,0,0,0,0,1,0,0,0,0
0.0006295230576258675,3,71,11,0,0,0,0,0,0,0,0,0,0,0,1,0,0,0,0
0.0007344415100056222,3,33,4,0,0,0,0,0,0,0,0,0,0,0,1,0,0,0,0
0.0006554440870373364,1,13,2,0,0,0,0,0,0,0,0,0,0,0,1,0,0,0,0
7.529441876664754e-07,5,13,2,0,1,0,0,0,0,0,0,0,0,0,1,0,0,0,0
0.0005332449483832689,1,20,4,0,0,0,0,0,0,0,0,0,0,0,1,0,0,0,0
0.0007776432256914037,2,9,2,0,0,0,1,0,0,0,0,0,0,0,1,0,0,0,0
0.00048140288956033134,3,29,3,0,0,0,0,0,0,0,0,0,0,0,1,0,0,0,0
0.0005924930156094835,3,36,4,0,0,0,0,0,0,0,0,0,0,0,1,0,0,0,0
0.0004739968811570545,1,44,7,0,0,0,0,0,0,0,0,0,0,0,1,0,0,0,0
0.0005431196262543047,5,17,4,0,1,0,0,0,0,0,0,0,0,0,1,0,0,0,0
7.961459033522568e-07,5,12,3,0,1,0,0,0,0,0,0,0,0,0,1,0,0,0,0
0.000802329920368993,5,17,4,0,1,0,0,0,0,0,0,0,0,0,1,0,0,0,0
0.0006171797102870728,5,53,8,0,1,0,0,0,0,0,0,0,0,0,1,0,0,0,0
0.0014503556556557137,5,13,2,0,1,0,0,0,0,0,0,0,0,0,1,0,0,0,0
0.0006480380786340595,5,16,3,0,1,0,0,0,0,0,0,0,0,0,1,0,0,0,0
0.0006788964469810462,5,12,3,0,1,0,0,0,0,0,0,0,0,0,1,0,0,0,0
1.4441716386389774e-06,1,13,2,0,0,0,0,0,0,0,0,0,0,0,1,0,0,0,0
0.0005443539609881842,5,11,2,0,1,0,0,0,0,0,0,0,0,0,1,0,0,0,0
0.000992417469386431,5,13,2,0,1,0,0,0,0,0,0,0,0,0,1,0,0,0,0
0.0007109891500619123,5,13,2,0,1,0,0,0,0,0,0,0,0,0,1,0,0,0,0
0.0004443728475439473,5,101,15,0,1,0,0,0,0,0,0,0,0,0,1,0,0,0,0
0.0011053590975364023,5,14,2,0,1,0,0,0,0,0,0,0,0,0,1,0,0,0,0
0.0004443728475439473,5,11,2,0,1,0,0,0,0,0,0,0,0,0,1,0,0,0,0
0.0012775487929125881,5,13,3,0,1,0,0,0,0,0,0,0,0,0,1,0,0,0,0
0.0010800552354918733,5,73,8,0,1,0,0,0,0,0,0,0,0,0,1,0,0,0,0
0.0004665908727537777,5,10,2,0,1,0,0,0,0,0,0,0,0,0,1,0,0,0,0
0.0007220981626668276,5,50,8,0,1,0,0,0,0,0,0,0,0,0,1,0,0,0,0
0.0007097548153280329,5,65,10,0,1,0,0,0,0,0,0,0,0,0,1,0,0,0,0
0.0009381067410957344,5,21,5,0,1,0,0,0,0,0,0,0,0,0,1,0,0,0,0
0.0005443539609881842,1,20,3,0,0,0,0,0,0,0,0,0,0,0,1,0,0,0,0
0.0010331505156044535,5,12,2,0,1,0,0,0,0,0,0,0,0,0,1,0,0,0,0
0.0007794947277922228,5,13,3,0,1,0,0,0,0,0,0,0,0,0,1,0,0,0,0
0.0005332449483832689,5,11,2,0,1,0,0,0,0,0,0,0,0,0,1,0,0,0,0
0.0005110269231734386,1,13,2,0,0,0,0,0,0,0,0,0,0,0,1,0,0,0,0
0.00039993679712428643,5,9,2,0,1,0,0,0,0,0,0,0,0,0,1,0,0,0,0
7.529441876664754e-07,5,13,2,0,1,0,0,0,0,0,0,0,0,0,1,0,0,0,0
0.00030499485523111244,5,10,2,0,1,0,0,0,0,0,0,0,0,0,1,0,0,0,0
0.0007554252004815732,5,13,3,0,1,0,0,0,0,0,0,0,0,0,1,0,0,0,0
0.0006912397943198409,5,12,2,0,1,0,0,0,0,0,0,0,0,0,1,0,0,0,0
5.677939775845552e-07,5,14,2,0,1,0,0,0,0,0,0,0,0,0,1,0,0,0,0
0.0004665908727537777,5,10,2,0,1,0,0,0,0,0,0,0,0,0,1,0,0,0,0
0.0004665908727537777,5,44,6,0,1,0,0,0,0,0,0,0,0,0,1,0,0,0,0
0.0,5,10,2,0,1,0,0,0,0,0,0,0,0,0,1,0,0,0,0
0.0004554818601488625,5,13,2,0,1,0,0,0,0,0,0,0,0,0,1,0,0,0,0
0.0006221170492225907,3,32,4,0,0,0,0,0,0,0,0,0,0,0,1,0,0,0,0
0.0005863213419400861,5,10,2,0,1,0,0,0,0,0,0,0,0,0,1,0,0,0,0
0.000588790011407845,5,9,2,0,1,0,0,0,0,0,0,0,0,0,1,0,0,0,0
0.0004443728475439473,4,99,14,0,1,0,1,0,0,0,0,0,0,0,1,0,0,0,0
0.0007535736983807541,1,13,2,0,0,0,0,0,0,0,0,0,0,0,1,0,0,0,0
0.000799861250901234,5,11,2,0,1,0,0,0,0,0,0,0,0,0,1,0,0,0,0
0.0012652054455737935,3,37,4,0,0,0,0,0,0,0,0,0,0,0,1,0,0,0,0
0.0005221359357783537,5,11,2,0,1,0,0,0,0,0,0,0,0,0,1,0,0,0,0
0.0007109891500619123,5,41,6,0,1,0,0,0,0,0,0,0,0,0,1,0,0,0,0
0.0004628878685521393,3,33,6,0,0,0,0,0,0,0,0,0,0,0,1,0,0,0,0
0.0007899865730301983,3,25,3,0,0,0,0,0,0,0,0,0,0,0,1,0,0,0,0
2.468669467758936e-07,5,13,3,0,1,0,0,0,0,0,0,0,0,0,1,0,0,0,0
0.0004888088979636082,5,16,2,0,1,0,0,0,0,0,0,0,0,0,1,0,0,0,0
0.0009331694021602166,1,3,1,0,1,0,0,0,0,0,0,0,0,0,1,0,0,0,0
0.0010553685408142839,5,21,4,0,1,0,0,0,0,0,0,0,0,0,1,0,0,0,0
0.0010878932610520079,1,24,2,0,0,0,0,0,0,0,0,0,0,0,1,0,0,0,0
0.0005776809988029298,5,10,2,0,1,0,0,0,0,0,0,0,0,0,1,0,0,0,0
0.0,3,33,4,0,0,0,0,0,0,0,0,0,0,0,1,0,0,0,0
6.91227450972502e-07,5,10,2,0,1,0,0,0,0,0,0,0,0,0,1,0,0,0,0
0.0009627934357733239,5,11,2,0,1,0,0,0,0,0,0,0,0,0,1,0,0,0,0
0.00047852688963039215,5,15,3,0,1,0,0,0,0,0,0,0,0,0,1,0,0,0,0
0.0005110269231734386,5,10,2,0,1,0,0,0,0,0,0,0,0,0,1,0,0,0,0
0.0004443728475439473,5,9,2,0,1,0,0,0,0,0,0,0,0,0,1,0,0,0,0
9.566094187565878e-07,3,2,1,0,1,0,0,0,0,0,0,0,0,0,1,0,0,0,0
0.00047769988535869293,5,36,6,0,1,0,0,0,0,0,0,0,0,0,1,0,0,0,0
0.0003332827214947952,5,17,3,0,1,0,1,0,0,0,0,0,0,0,1,0,0,0,0
6.130529178268023e-07,1,13,1,0,1,0,0,0,0,0,0,0,0,0,1,0,0,0,0
0.0007097548153280329,5,38,6,0,1,0,0,0,0,0,0,0,0,0,1,0,0,0,0
0.0007794947277922228,5,10,2,0,1,0,0,0,0,0,0,0,0,0,1,0,0,0,0
0.00030499485523111244,5,39,7,0,1,0,1,0,0,0,0,0,0,0,1,0,0,0,0
0.0007435385569943139,1,6,1,0,0,0,0,0,0,0,0,0,0,0,1,0,0,0,0
0.0006107303113025526,5,17,3,0,1,0,0,0,0,0,0,0,0,0,1,0,0,0,0
0.0006788964469810462,5,20,3,0,1,0,0,0,0,0,0,0,0,0,1,0,0,0,0
7.529441876664754e-07,5,18,3,0,1,0,0,0,0,0,0,0,0,0,1,0,0,0,0
1.0306695027893558e-06,5,11,2,0,1,0,0,0,0,0,0,0,0,0,1,0,0,0,0
7.220858193194887e-07,5,95,58,0,1,0,0,0,0,0,0,0,0,0,1,0,0,0,0
0.00031106469628496475,5,40,6,0,1,0,0,0,0,0,0,0,0,0,1,0,0,0,0
0.0007850492340946805,5,14,3,0,1,0,0,0,0,0,0,0,0,0,1,0,0,0,0
0.0006221170492225907,5,19,4,0,1,0,1,0,0,0,0,0,0,0,1,0,0,0,0
6.7271242996431e-07,5,12,2,0,1,0,0,0,0,0,0,0,0,0,1,0,0,0,0
0.0005110269231734386,5,10,2,0,1,0,0,0,0,0,0,0,0,0,1,0,0,0,0
0.0006110080366176755,4,48,8,0,1,0,1,0,0,0,0,0,0,0,1,0,0,0,0
0.000377718771914456,5,13,3,0,1,0,0,0,0,0,0,0,0,0,1,0,0,0,0
0.0005221359357783537,3,30,88,0,0,0,0,0,0,0,0,0,0,0,1,0,0,0,0
6.603690826255153e-07,5,1,42,0,1,0,0,0,0,0,0,0,0,0,1,0,0,0,0
0.0007714715520220063,4,84,15,0,1,0,0,0,0,0,0,0,0,0,1,0,0,0,0
0.0007276526689692852,1,38,5,0,0,0,0,0,0,0,0,0,0,0,1,0,0,0,0
0.000588790011407845,5,43,8,0,1,0,0,0,0,0,0,0,0,0,1,0,0,0,0
0.0006171797102870728,5,102,16,0,1,0,0,0,0,0,0,0,0,0,1,0,0,0,0
0.0,3,14,2,0,1,0,0,0,0,0,0,0,0,0,1,0,0,0,0
0.0006443350744324211,5,13,2,0,1,0,0,0,0,0,0,0,0,0,1,0,0,0,0
0.0,1,13,2,0,0,0,0,0,0,0,0,0,0,0,1,0,0,0,0
0.0,5,13,2,0,1,0,0,0,0,0,0,0,0,0,1,0,0,0,0
7.529441876664754e-07,5,16,3,0,1,0,0,0,0,0,0,0,0,0,1,0,0,0,0
0.0,5,13,2,0,1,0,0,0,0,0,0,0,0,0,1,0,0,0,0
0.0005776809988029298,5,16,3,0,1,0,0,0,0,0,0,0,0,0,1,0,0,0,0
1.4441716386389774e-06,1,13,2,0,0,0,0,0,0,0,0,0,0,0,1,0,0,0,0
0.000807267259304511,5,48,7,0,1,0,1,0,0,0,0,0,0,0,1,0,0,0,0
0.0009442784147651319,5,7,2,0,1,0,0,0,0,0,0,0,0,0,1,0,0,0,0
1.4441716386389774e-06,1,13,2,0,0,0,0,0,0,0,0,0,0,0,1,0,0,0,0
0.0004110458097292016,5,13,2,0,1,0,0,0,0,0,0,0,0,0,1,0,0,0,0
6.295107142785287e-07,5,13,2,0,1,0,0,0,0,0,0,0,0,0,1,0,0,0,0
0.0007714715520220063,5,11,2,0,1,0,0,0,0,0,0,0,0,0,1,0,0,0,0
8.763776610544222e-07,5,11,3,0,1,0,0,0,0,0,0,0,0,0,1,0,0,0,0
0.0005110269231734386,5,55,9,0,1,0,0,0,0,0,0,0,0,0,1,0,0,0,0
0.0007776432256914037,5,23,3,0,1,0,0,0,0,0,0,0,0,0,1,0,0,0,0
0.0,5,14,3,0,1,0,0,0,0,0,0,0,0,0,1,0,0,0,0
0.0,5,10,2,0,1,0,0,0,0,0,0,0,0,0,1,0,0,0,0
0.0004999179105685234,5,19,2,0,1,0,0,0,0,0,0,0,0,0,1,0,0,0,0
0.0006171797102870728,5,63,11,0,1,0,1,0,0,0,0,0,0,0,1,0,0,0,0
8.455192927074356e-07,5,12,3,0,1,0,0,0,0,0,0,0,0,0,1,0,0,0,0
9.195793767402036e-07,5,10,2,0,1,0,0,0,0,0,0,0,0,0,1,0,0,0,0
0.0003666097593095408,5,12,2,0,1,0,0,0,0,0,0,0,0,0,1,0,0,0,0
0.0005554629735930994,5,9,2,0,1,0,0,0,0,0,0,0,0,0,1,0,0,0,0
0.0006753168762527957,5,19,3,0,1,0,0,0,0,0,0,0,0,0,1,0,0,0,0
0.0003666097593095408,5,12,2,0,1,0,0,0,0,0,0,0,0,0,1,0,0,0,0
9.689527660953824e-07,1,13,2,0,0,0,0,0,0,0,0,0,0,0,1,0,0,0,0
0.0,5,9,2,0,1,0,0,0,0,0,0,0,0,0,1,0,0,0,0
0.0009405754105634934,5,12,2,0,1,0,0,0,0,0,0,0,0,0,1,0,0,0,0
0.0004999179105685234,5,17,3,0,1,0,0,0,0,0,0,0,0,0,1,0,0,0,0
0.0005110269231734386,5,14,2,0,1,0,0,0,0,0,0,0,0,0,1,0,0,0,0
0.0006110080366176755,3,58,8,0,0,0,0,0,0,0,0,0,0,0,1,0,0,0,0
0.0004443728475439473,5,11,2,0,1,0,0,0,0,0,0,0,0,0,1,0,0,0,0
1.2405064075488654e-06,5,54,8,0,1,0,0,0,0,0,0,0,0,0,1,0,0,0,0
0.0004443728475439473,5,13,3,0,1,0,0,0,0,0,0,0,0,0,1,0,0,0,0
0.0004999179105685234,5,-20,40,0,1,0,1,0,0,0,0,0,0,0,1,0,0,0,0
0.0005998990240127603,5,9,2,0,1,0,0,0,0,0,0,0,0,0,1,0,0,0,0
0.00035550074670462556,5,17,3,0,1,0,0,0,0,0,0,0,0,0,1,0,0,0,0
0.00047769988535869293,5,89,14,0,1,0,0,0,0,0,0,0,0,0,1,0,0,0,0
0.0008085015940383903,5,13,2,0,1,0,0,0,0,0,0,0,0,0,1,0,0,0,0
0.000839359962385377,5,126,16,0,1,0,0,0,0,0,0,0,0,0,1,0,0,0,0
7.220858193194887e-07,5,9,2,0,1,0,0,0,0,0,0,0,0,0,1,0,0,0,0
0.0006665530996422515,5,11,2,0,1,0,0,0,0,0,0,0,0,0,1,0,0,0,0
0.0007097548153280329,5,15,2,0,1,0,0,0,0,0,0,0,0,0,1,0,0,0,0
0.00042956083073739364,5,13,2,0,1,0,0,0,0,0,0,0,0,0,1,0,0,0,0
0.0004999179105685234,5,76,12,0,1,0,0,0,0,0,0,0,0,0,1,0,0,0,0
0.0004443728475439473,5,21,3,0,1,0,0,0,0,0,0,0,0,0,1,0,0,0,0
0.0007406131836750196,5,9,2,0,1,0,0,0,0,0,0,0,0,0,1,0,0,0,0
0.0007665342130864884,5,8,2,0,1,0,0,0,0,0,0,0,0,0,1,0,0,0,0
0.0007776432256914037,5,9,2,0,1,0,0,0,0,0,0,0,0,0,1,0,0,0,0
0.0007069899055241429,5,16,3,0,1,0,0,0,0,0,0,0,0,0,1,0,0,0,0
6.418540616173233e-07,5,13,2,0,1,0,0,0,0,0,0,0,0,0,1,0,0,0,0
0.0005776809988029298,1,24,3,0,0,0,0,0,0,0,0,0,0,0,1,0,0,0,0
0.0005665719861980146,5,10,2,0,1,0,0,0,0,0,0,0,0,0,1,0,0,0,0
0.000802329920368993,5,20,3,0,1,0,0,0,0,0,0,0,0,0,1,0,0,0,0
0.0010800552354918733,3,14,2,0,0,0,0,0,0,0,0,0,0,0,1,0,0,0,0
8.455192927074356e-07,5,14,2,0,1,0,0,0,0,0,0,0,0,0,1,0,0,0,0
9.380943977483956e-07,3,23,4,0,0,0,0,0,0,0,0,0,0,0,1,0,0,0,0
0.0007529565310138142,5,54,8,0,1,0,0,0,0,0,0,0,0,0,1,0,0,0,0
0.0009887144651847927,5,13,3,0,1,0,0,0,0,0,0,0,0,0,1,0,0,0,0
8.763776610544222e-07,5,11,2,0,1,0,0,0,0,0,0,0,0,0,1,0,0,0,0
0.0009887144651847927,5,13,3,0,1,0,0,0,0,0,0,0,0,0,1,0,0,0,0
0.0,5,11,2,0,1,0,0,0,0,0,0,0,0,0,1,0,0,0,0
0.0006554440870373364,5,13,2,0,1,0,0,0,0,0,0,0,0,0,1,0,0,0,0
0.0006554440870373364,5,8,2,0,1,0,0,0,0,0,0,0,0,0,1,0,0,0,0
6.91227450972502e-07,5,41,7,0,1,0,0,0,0,0,0,0,0,0,1,0,0,0,0
0.0006887711248520819,5,13,2,0,1,0,0,0,0,0,0,0,0,0,1,0,0,0,0
0.0007406131836750196,5,49,6,0,1,0,0,0,0,0,0,0,0,0,1,0,0,0,0
6.91227450972502e-07,5,39,6,0,1,0,0,0,0,0,0,0,0,0,1,0,0,0,0
0.0005110269231734386,5,14,2,0,1,0,0,0,0,0,0,0,0,0,1,0,0,0,0
0.0012281754035574095,5,52,9,0,1,0,1,0,0,0,0,0,0,0,1,0,0,0,0
0.0006295230576258675,5,18,3,0,1,0,0,0,0,0,0,0,0,0,1,0,0,0,0
7.035707983112967e-07,5,10,2,0,1,0,0,0,0,0,0,0,0,0,1,0,0,0,0
0.0005110269231734386,5,13,3,0,1,0,0,0,0,0,0,0,0,0,1,0,0,0,0
0.0005776809988029298,5,10,2,0,1,0,0,0,0,0,0,0,0,0,1,0,0,0,0
4.1350213584962175e-07,5,12,2,0,1,0,0,0,0,0,0,0,0,0,1,0,0,0,0
0.0010615402144836812,5,13,3,0,1,0,0,0,0,0,0,0,0,0,1,0,0,0,0
0.0007097548153280329,5,63,8,0,1,0,0,0,0,0,0,0,0,0,1,0,0,0,0
0.001166458666863436,5,13,3,0,1,0,0,0,0,0,0,0,0,0,1,0,0,0,0
0.0,5,12,2,0,1,0,0,0,0,0,0,0,0,0,1,0,0,0,0
0.0,5,14,2,0,1,0,0,0,0,0,0,0,0,0,1,0,0,0,0
0.0004443728475439473,5,13,3,0,1,0,0,0,0,0,0,0,0,0,1,0,0,0,0
8.455192927074356e-07,3,14,2,0,1,0,0,0,0,0,0,0,0,0,1,0,0,0,0
0.0005665719861980146,5,10,2,0,1,0,0,0,0,0,0,0,0,0,1,0,0,0,0
1.1541029761773025e-06,5,14,3,0,1,0,0,0,0,0,0,0,0,0,1,0,0,0,0
0.0005776809988029298,5,11,2,0,1,0,0,0,0,0,0,0,0,0,1,0,0,0,0
0.0008331882887159797,5,12,2,0,1,0,0,0,0,0,0,0,0,0,1,0,0,0,0
0.0004665908727537777,5,18,3,0,1,1,0,0,0,0,0,0,0,0,1,0,0,0,0
0.0006443350744324211,5,10,2,0,1,0,0,0,0,0,0,0,0,0,1,0,0,0,0
0.00046471468395828093,5,88,13,0,1,0,0,0,0,0,0,0,0,0,1,0,0,0,0
0.0007016822661684612,5,10,2,0,1,0,0,0,0,0,0,0,0,0,1,0,0,0,0
1.0923862394833291e-06,5,11,2,0,1,0,0,0,0,0,0,0,0,0,1,0,0,0,0
0.0007276526689692852,5,18,4,0,1,0,0,0,0,0,0,0,0,0,1,0,0,0,0
0.0003282260635350023,5,9,2,0,1,0,0,0,0,0,0,0,0,0,1,0,0,0,0
0.00111091360383886,5,15,2,0,1,0,0,0,0,0,0,0,0,0,1,0,0,0,0
6.171673669397339e-07,5,19,3,0,1,0,0,0,0,0,0,0,0,0,1,0,0,0,0
0.00042215482233411687,5,12,2,0,1,0,0,0,0,0,0,0,0,0,1,0,0,0,0
0.0006665530996422515,5,12,2,0,1,0,0,0,0,0,0,0,0,0,1,0,0,0,0
0.00039993679712428643,3,17,2,0,1,0,0,0,0,0,0,0,0,0,1,0,0,0,0
0.00039993679712428643,2,14,1,0,1,0,0,0,0,0,0,0,0,0,1,0,0,0,0
0.0012281754035574095,5,52,9,0,1,0,1,0,0,0,0,0,0,0,1,0,0,0,0
0.0007007441717707128,5,60,9,0,1,0,0,0,0,0,0,0,0,0,1,0,0,0,0
0.000860343652861328,4,16,3,0,1,0,0,0,0,0,0,0,0,0,1,0,0,0,0
0.0007591282046832117,1,13,1,0,1,0,0,0,0,0,0,0,0,0,1,0,0,0,0
0.0006912397943198409,4,29,5,0,1,0,0,0,0,0,0,0,0,0,1,0,0,0,0
0.0008640466570629664,3,39,7,0,1,0,0,0,0,0,0,0,0,0,1,0,0,0,0
0.0005221359357783537,3,16,2,0,1,0,0,0,0,0,0,0,0,0,1,0,0,0,0
0.0005885925178504243,2,20,4,0,0,0,1,0,0,0,0,0,0,0,1,0,0,0,0
0.000955387427370047,1,17,2,0,0,0,0,0,0,0,0,0,0,0,1,0,0,0,0
0.0006332260618275059,5,9,2,0,1,0,0,0,0,0,0,0,0,0,1,0,0,0,0
0.0004999179105685234,5,12,2,0,1,0,0,0,0,0,0,0,0,0,1,0,0,0,0
0.0006332260618275059,5,9,2,0,1,0,0,0,0,0,0,0,0,0,1,0,0,0,0
7.838025560134621e-07,5,15,3,0,1,0,0,0,0,0,0,0,0,0,1,0,0,0,0
0.0004888088979636082,5,20,4,0,1,0,0,0,0,0,0,0,0,0,1,0,0,0,0
8.763776610544222e-07,1,22,4,0,0,0,0,0,0,0,0,0,0,0,1,0,0,0,0
0.00042215482233411687,5,17,3,0,1,0,0,0,0,0,0,0,0,0,1,0,0,0,0
0.0006332260618275059,5,11,2,0,1,0,0,0,0,0,0,0,0,0,1,0,0,0,0
8.455192927074356e-07,5,12,3,0,1,0,0,0,0,0,0,0,0,0,1,0,0,0,0
0.0006332260618275059,5,9,2,0,1,0,0,0,0,0,0,0,0,0,1,0,0,0,0
0.0004888088979636082,5,20,4,0,1,0,0,0,0,0,0,0,0,0,1,0,0,0,0
0.00034439173409971037,5,12,2,0,1,0,0,0,0,0,0,0,0,0,1,0,0,0,0
0.0006332260618275059,5,9,2,0,1,0,0,0,0,0,0,0,0,0,1,0,0,0,0
1.0121544817811636e-06,5,11,2,0,1,0,0,0,0,0,0,0,0,0,1,0,0,0,0
0.0010424080261085494,5,20,3,0,1,0,0,0,0,0,0,0,0,0,1,0,0,0,0
5.060772408905818e-07,3,2,1,0,1,0,0,0,0,0,0,0,0,0,1,0,0,0,0
5.863089985927472e-07,3,2,1,0,1,0,0,0,0,0,0,0,0,0,1,0,0,0,0
8.023175770216541e-07,5,15,3,0,1,0,0,0,0,0,0,0,0,0,1,0,0,0,0
0.0,5,15,3,0,1,0,0,0,0,0,0,0,0,0,1,0,0,0,0
0.0007776432256914037,3,54,8,0,0,0,0,0,0,0,0,0,0,0,1,0,0,0,0
0.0005110269231734386,5,16,3,0,1,1,0,0,0,0,0,0,0,0,1,0,0,0,0
0.0005221359357783537,5,14,2,0,1,0,0,0,0,0,0,0,0,0,1,0,0,0,0
0.0007220981626668276,3,40,5,0,0,0,0,0,0,0,0,0,0,0,1,0,0,0,0
7.344291666582834e-07,5,13,2,0,1,0,0,0,0,0,0,0,0,0,1,0,0,0,0
0.000799861250901234,5,15,3,0,1,0,0,0,0,0,0,0,0,0,1,0,0,0,0
0.0006110080366176755,5,10,2,0,1,0,0,0,0,0,0,0,0,0,1,0,0,0,0
0.0005443539609881842,1,22,3,0,0,0,0,0,0,0,0,0,0,0,1,0,0,0,0
0.0003666097593095408,5,11,2,0,1,0,0,0,0,0,0,0,0,0,1,0,0,0,0
0.0006665530996422515,5,10,2,0,1,0,0,0,0,0,0,0,0,0,1,0,0,0,0
0.000588790011407845,5,14,3,0,1,0,0,0,0,0,0,0,0,0,1,0,0,0,0
0.0004888088979636082,3,22,3,0,0,0,0,0,0,0,0,0,0,0,1,0,0,0,0
0.0005332449483832689,5,10,2,0,1,0,0,0,0,0,0,0,0,0,1,0,0,0,0
0.0008776243391356405,5,12,3,0,1,0,0,0,0,0,0,0,0,0,1,0,0,0,0
0.000860343652861328,3,15,3,0,1,0,0,0,0,0,0,0,0,0,1,0,0,0,0
0.0010553685408142839,5,11,2,0,1,0,0,0,0,0,0,0,0,0,1,0,0,0,0
0.0,5,11,2,0,1,0,0,0,0,0,0,0,0,0,1,0,0,0,0
1.073871218475137e-06,5,11,2,0,1,0,0,0,0,0,0,0,0,0,1,0,0,0,0
0.00047769988535869293,5,13,2,0,1,0,0,0,0,0,0,0,0,0,1,0,0,0,0
0.0004554818601488625,5,12,2,0,1,0,0,0,0,0,0,0,0,0,1,0,0,0,0
9.874677871035743e-07,5,42,7,0,1,0,0,0,0,0,0,0,0,0,1,0,0,0,0
0.0007467848573444169,5,13,3,0,1,0,0,0,0,0,0,0,0,0,1,0,0,0,0
0.0004443728475439473,1,26,4,0,0,0,0,0,0,0,0,0,0,0,1,0,0,0,0
1.3947982492837987e-06,1,13,2,0,0,0,0,0,0,0,0,0,0,0,1,0,0,0,0
0.0013930825240037064,1,13,2,0,0,0,0,0,0,0,0,0,0,0,1,0,0,0,0
8.331759453686408e-07,5,44,6,0,1,0,0,0,0,0,0,0,0,0,1,0,0,0,0
8.825493347238196e-07,5,37,6,0,1,0,0,0,0,0,0,0,0,0,1,0,0,0,0
6.418540616173233e-07,5,18,3,0,1,0,0,0,0,0,0,0,0,0,1,0,0,0,0
0.0007554252004815732,5,13,2,0,1,0,0,0,0,0,0,0,0,0,1,0,0,0,0
0.0012053402109806393,3,36,4,0,0,0,0,0,0,0,0,0,0,0,1,0,0,0,0
0.0007406131836750196,3,15,2,0,1,0,0,0,0,0,0,0,0,0,1,0,0,0,0
0.0005554629735930994,5,59,8,0,1,0,0,0,0,0,0,0,0,0,1,0,0,0,0
6.850557773031047e-07,3,21,3,0,0,0,0,0,0,0,0,0,0,0,1,0,0,0,0
0.0004443728475439473,1,14,1,0,1,0,0,0,0,0,0,0,0,0,1,0,0,0,0
8.763776610544222e-07,5,14,2,0,1,0,0,0,0,0,0,0,0,0,1,0,0,0,0
0.0006776621122471667,5,10,2,0,1,0,0,0,0,0,0,0,0,0,1,0,0,0,0
0.0011726303405328333,5,10,2,0,1,0,0,0,0,0,0,0,0,0,1,0,0,0,0
9.380943977483956e-07,3,23,4,0,0,0,0,0,0,0,0,0,0,0,1,0,0,0,0
0.0004999179105685234,4,17,3,0,1,0,0,0,0,0,0,0,0,0,1,0,0,0,0
1.1849613445242893e-06,5,10,2,0,1,0,0,0,0,0,0,0,0,0,1,0,0,0,0
0.00042215482233411687,5,9,2,0,1,0,0,0,0,0,0,0,0,0,1,0,0,0,0
0.0003167580652449838,1,9,1,0,0,0,0,0,0,0,0,0,0,0,1,0,0,0,0
0.0011380689679842083,1,12,2,0,0,0,0,0,0,0,0,0,0,0,1,0,0,0,0
0.0006455076924296066,5,9,2,0,1,0,0,0,0,0,0,0,0,0,1,0,0,0,0
0.0005554629735930994,5,0,42,0,1,0,0,0,0,0,0,0,0,0,1,0,0,0,0
0.0004665908727537777,5,11,2,0,1,0,0,0,0,0,0,0,0,0,1,0,0,0,0
0.00039993679712428643,5,12,2,0,1,0,0,0,0,0,0,0,0,0,1,0,0,0,0
5.924806722621445e-07,5,13,3,0,1,0,0,0,0,0,0,0,0,0,1,0,0,0,0
0.0006171797102870728,5,47,7,0,1,0,0,0,0,0,0,0,0,0,1,0,0,0,0
7.776308823440648e-07,3,22,3,0,0,0,0,0,0,0,0,0,0,0,1,0,0,0,0
0.00039993679712428643,2,18,1,0,1,0,0,0,0,0,0,0,0,0,1,0,0,0,0
0.001147943645855244,3,18,2,0,0,0,0,0,0,0,0,0,0,0,1,0,0,0,0
5.677939775845552e-07,5,11,2,0,1,0,0,0,0,0,0,0,0,0,1,0,0,0,0
5.924806722621445e-07,1,13,2,0,0,0,0,0,0,0,0,0,0,0,1,0,0,0,0
0.0006912397943198409,5,13,2,0,1,0,0,0,0,0,0,0,0,0,1,0,0,0,0
0.0008887333517405558,4,6,2,0,1,0,0,0,0,0,0,0,0,0,1,0,0,0,0
0.0004999179105685234,3,2,1,0,1,0,0,0,0,0,0,0,0,0,1,0,0,0,0
0.0006665530996422515,5,13,2,0,1,0,0,0,0,0,0,0,0,0,1,0,0,0,0
0.0005332449483832689,5,15,3,0,1,0,0,0,0,0,0,0,0,0,1,0,0,0,0
0.0005332449483832689,5,13,3,0,1,0,0,0,0,0,0,0,0,0,1,0,0,0,0
0.0007159820340604549,1,13,2,0,0,0,0,0,0,0,0,0,0,0,1,0,0,0,0
0.0010053779840921654,2,12,2,0,0,0,1,0,0,0,0,0,0,0,1,0,0,0,0
0.0004999179105685234,5,12,2,0,1,0,0,0,0,0,0,0,0,0,1,0,0,0,0
0.0005165814294758962,5,14,2,0,1,0,0,0,0,0,0,0,0,0,1,0,0,0,0
0.0006332260618275059,5,20,3,0,1,0,0,0,0,0,0,0,0,0,1,0,0,0,0
6.603690826255153e-07,5,16,3,0,1,0,0,0,0,0,0,0,0,0,1,0,0,0,0
0.0007548080331146335,5,39,6,0,1,0,0,0,0,0,0,0,0,0,1,0,0,0,0
7.529441876664754e-07,5,12,3,0,1,0,0,0,0,0,0,0,0,0,1,0,0,0,0
0.0007109891500619123,5,9,2,0,1,0,0,0,0,0,0,0,0,0,1,0,0,0,0
0.0005110269231734386,5,10,2,0,1,0,0,0,0,0,0,0,0,0,1,0,0,0,0
0.0005221359357783537,5,61,10,0,1,0,0,0,0,0,0,0,0,0,1,0,0,0,0
5.98652345931542e-07,5,41,6,0,1,0,0,0,0,0,0,0,0,0,1,0,0,0,0
6.91227450972502e-07,5,19,3,0,1,0,0,0,0,0,0,0,0,0,1,0,0,0,0
0.000377718771914456,3,26,3,0,0,0,0,0,0,0,0,0,0,0,1,0,0,0,0
6.91227450972502e-07,5,16,2,0,1,0,0,0,0,0,0,0,0,0,1,0,0,0,0
8.887210083932169e-07,5,77,13,0,1,0,0,0,0,0,0,0,0,0,1,0,0,0,0
0.0006665530996422515,5,10,2,0,1,0,0,0,0,0,0,0,0,0,1,0,0,0,0
0.0005665719861980146,5,46,7,0,1,0,0,0,0,0,0,0,0,0,1,0,0,0,0
7.652875350052701e-07,5,12,3,0,1,0,0,0,0,0,0,0,0,0,1,0,0,0,0
0.00047769988535869293,5,16,3,0,1,0,0,0,0,0,0,0,0,0,1,0,0,0,0
1.5552617646881295e-06,5,12,3,0,1,0,0,0,0,0,0,0,0,0,1,0,0,0,0
0.00042215482233411687,5,16,3,0,1,0,0,0,0,0,0,0,0,0,1,0,0,0,0
1.524403396341143e-06,1,13,2,0,0,0,0,0,0,0,0,0,0,0,1,0,0,0,0
0.00031106469628496475,4,-125,76,0,1,0,1,0,0,0,0,0,0,0,1,0,0,0,0
8.640343137156275e-07,5,14,2,0,1,0,0,0,0,0,0,0,0,0,1,0,0,0,0
7.529441876664754e-07,5,15,2,0,1,0,0,0,0,0,0,0,0,0,1,0,0,0,0
5.060772408905818e-07,5,15,3,0,1,0,0,0,0,0,0,0,0,0,1,0,0,0,0
0.0014441839819863164,3,37,4,0,0,0,0,0,0,0,0,0,0,0,1,0,0,0,0
1.709553606423063e-06,5,12,3,0,1,0,0,0,0,0,0,0,0,0,1,0,0,0,0
0.0005749716340620644,5,15,3,0,1,0,0,0,0,0,0,0,0,0,1,0,0,0,0
0.0004970789406806006,5,15,3,0,1,0,0,0,0,0,0,0,0,0,1,0,0,0,0
0.000999823477789708,3,84,11,0,0,0,0,0,0,0,0,0,0,0,1,0,0,0,0
5.492789565763632e-07,1,14,3,0,0,0,0,0,0,0,0,0,0,0,1,0,0,0,0
0.0005863213419400861,5,13,2,0,1,0,0,0,0,0,0,0,0,0,1,0,0,0,0
9.689527660953824e-07,5,11,2,0,1,0,0,0,0,0,0,0,0,0,1,0,0,0,0
0.0009257633937569398,5,21,3,0,1,0,0,0,0,0,0,0,0,0,1,0,0,0,0
0.0008949050254099531,5,13,2,0,1,0,0,0,0,0,0,0,0,0,1,0,0,0,0
1.1047295868221238e-06,5,10,2,0,1,0,0,0,0,0,0,0,0,0,1,0,0,0,0
0.0005332449483832689,5,13,3,0,1,0,0,0,0,0,0,0,0,0,1,0,0,0,0
0.0005665719861980146,5,15,3,0,1,0,0,0,0,0,0,0,0,0,1,0,0,0,0
0.0012966809812877198,3,64,9,0,0,0,0,0,0,0,0,0,0,0,1,0,0,0,0
0.0007159264889974302,5,15,3,0,1,0,0,0,0,0,0,0,0,0,1,0,0,0,0
0.0005443539609881842,5,10,2,0,1,0,0,0,0,0,0,0,0,0,1,0,0,0,0
0.0,5,15,3,0,1,0,0,0,0,0,0,0,0,0,1,0,0,0,0
0.0008776243391356405,5,11,2,0,1,0,0,0,0,0,0,0,0,0,1,0,0,0,0
0.0014997290450108924,5,37,6,0,1,0,0,0,0,0,0,0,0,0,1,0,0,0,0
0.0004591848643505009,5,16,2,0,1,0,0,0,0,0,0,0,0,0,1,0,0,0,0
0.0007406131836750196,5,36,7,0,1,0,0,0,0,0,0,0,0,0,1,0,0,0,0
0.000802329920368993,1,7,1,0,0,0,0,0,0,0,0,0,0,0,1,0,0,0,0
0.0005776809988029298,5,16,2,0,1,0,0,0,0,0,0,0,0,0,1,0,0,0,0
6.048240196009393e-07,5,14,2,0,1,0,0,0,0,0,0,0,0,0,1,0,0,0,0
0.0008763900044017611,5,41,6,0,1,0,0,0,0,0,0,0,0,0,1,0,0,0,0
0.0,1,13,2,0,0,0,0,0,0,0,0,0,0,0,1,0,0,0,0
6.973991246418993e-07,5,14,3,0,1,0,0,0,0,0,0,0,0,0,1,0,0,0,0
0.0006409900273036078,5,12,2,0,1,0,0,0,0,0,0,0,0,0,1,0,0,0,0
0.0007332071752717428,5,49,7,0,1,0,1,0,0,0,0,0,0,0,1,0,0,0,0
0.0,5,11,2,0,1,0,0,0,0,0,0,0,0,0,1,0,0,0,0
1.709553606423063e-06,5,12,3,0,1,0,0,0,0,0,0,0,0,0,1,0,0,0,0
0.0005454895489433533,5,39,6,0,1,0,0,0,0,0,0,0,0,0,1,0,0,0,0
0.0005443539609881842,5,14,2,0,1,0,0,0,0,0,0,0,0,0,1,0,0,0,0
0.0,1,22,4,0,0,0,0,0,0,0,0,0,0,0,1,0,0,0,0
0.0,1,22,4,0,0,0,0,0,0,0,0,0,0,0,1,0,0,0,0
0.0024686818111062745,1,22,4,0,0,0,0,0,0,0,0,0,0,0,1,0,0,0,0
0.003804231993163859,1,22,4,0,0,0,0,0,0,0,0,0,0,0,1,0,0,0,0
0.002715548757882168,1,22,4,0,0,0,0,0,0,0,0,0,0,0,1,0,0,0,0
0.0004443728475439473,5,13,3,0,1,0,0,0,0,0,0,0,0,0,1,0,0,0,0
0.0003332827214947952,5,12,2,0,1,0,0,0,0,0,0,0,0,0,1,0,0,0,0
0.0010245101724672971,5,10,2,0,1,0,0,0,0,0,0,0,0,0,1,0,0,0,0
0.0006665530996422515,5,41,7,0,1,0,1,0,0,0,0,0,0,0,1,0,0,0,0
0.0004443728475439473,5,12,2,0,1,0,0,0,0,0,0,0,0,0,1,0,0,0,0
0.000377718771914456,5,9,2,0,1,0,0,0,0,0,0,0,0,0,1,0,0,0,0
0.0005924930156094835,5,18,3,0,1,0,1,0,0,0,0,0,0,0,1,0,0,0,0
0.00038882778451937124,5,46,7,0,1,0,0,0,0,0,0,0,0,0,1,0,0,0,0
0.0005221359357783537,5,12,2,0,1,0,0,0,0,0,0,0,0,0,1,0,0,0,0
0.0004888088979636082,5,14,2,0,1,0,0,0,0,0,0,0,0,0,1,0,0,0,0
0.0005221359357783537,5,10,2,0,1,0,0,0,0,0,0,0,0,0,1,0,0,0,0
0.0004443728475439473,5,10,2,0,1,0,0,0,0,0,0,0,0,0,1,0,0,0,0
0.0003332827214947952,5,13,2,0,1,0,0,0,0,0,0,0,0,0,1,0,0,0,0
7.652875350052701e-07,5,79,13,0,1,0,0,0,0,0,0,0,0,0,1,0,0,0,0
0.0006998801374569971,5,12,2,0,1,0,0,0,0,0,0,0,0,0,1,0,0,0,0
5.677939775845552e-07,5,13,3,0,1,0,0,0,0,0,0,0,0,0,1,0,0,0,0
3.579570728250457e-07,5,11,2,0,1,0,0,0,0,0,0,0,0,0,1,0,0,0,0
1.1541029761773025e-06,5,12,2,0,1,0,0,0,0,0,0,0,0,0,1,0,0,0,0
6.91227450972502e-07,5,12,2,0,1,0,0,0,0,0,0,0,0,0,1,0,0,0,0
0.0007097548153280329,3,68,9,0,0,0,0,0,0,0,0,0,0,0,1,0,0,0,0
0.0006665530996422515,5,13,2,0,1,0,0,0,0,0,0,0,0,0,1,0,0,0,0
0.0005776809988029298,5,19,3,0,1,0,0,0,0,0,0,0,0,0,1,0,0,0,0
0.0004443728475439473,5,13,2,0,1,0,0,0,0,0,0,0,0,0,1,0,0,0,0
0.0004665908727537777,5,9,2,0,1,0,0,0,0,0,0,0,0,0,1,0,0,0,0
6.788841036337073e-07,5,13,2,0,1,0,0,0,0,0,0,0,0,0,1,0,0,0,0
8.455192927074356e-07,5,13,2,0,1,0,0,0,0,0,0,0,0,0,1,0,0,0,0
0.0005585488104277981,5,12,2,0,1,0,0,0,0,0,0,0,0,0,1,0,0,0,0
0.0007784331999210864,5,12,3,0,1,0,0,0,0,0,0,0,0,0,1,0,0,0,0
0.0005332449483832689,5,14,3,0,1,1,0,0,0,0,0,0,0,0,1,0,0,0,0
0.00042215482233411687,5,-21,37,0,1,0,0,0,0,0,0,0,0,0,1,0,0,0,0
8.763776610544222e-07,5,12,3,0,1,0,0,0,0,0,0,0,0,0,1,0,0,0,0
0.0004665908727537777,5,10,2,0,1,0,0,0,0,0,0,0,0,0,1,0,0,0,0
0.00046214726771181164,5,11,2,0,1,0,0,0,0,0,0,0,0,0,1,0,0,0,0
1.524403396341143e-06,1,13,2,0,0,0,0,0,0,0,0,0,0,0,1,0,0,0,0
8.455192927074356e-07,1,13,2,0,0,0,0,0,0,0,0,0,0,0,1,0,0,0,0
0.0007220981626668276,3,23,4,0,0,0,0,0,0,0,0,0,0,0,1,0,0,0,0
7.529441876664754e-07,5,46,8,0,1,0,0,0,0,0,0,0,0,0,1,0,0,0,0
1.3392531862592226e-06,3,23,4,0,0,0,0,0,0,0,0,0,0,0,1,0,0,0,0
0.0005332449483832689,5,10,2,0,1,0,0,0,0,0,0,0,0,0,1,0,0,0,0
4.883645374594115e-05,5,11,2,0,1,0,0,0,0,0,0,0,0,0,1,0,0,0,0
0.0005554629735930994,5,9,2,0,1,0,0,0,0,0,0,0,0,0,1,0,0,0,0
0.0010183384987978998,3,33,5,0,0,0,0,0,0,0,0,0,0,0,1,0,0,0,0
0.0008720698328331829,5,13,2,0,1,0,0,0,0,0,0,0,0,0,1,0,0,0,0
0.0004443728475439473,5,21,3,0,1,0,0,0,0,0,0,0,0,0,1,0,0,0,0
0.0010442595282093687,5,17,3,0,1,0,0,0,0,0,0,0,0,0,1,0,0,0,0
9.442660714177929e-07,5,15,2,0,1,0,0,0,0,0,0,0,0,0,1,0,0,0,0
0.0007068788153980937,5,19,3,0,1,0,0,0,0,0,0,0,0,0,1,0,0,0,0
0.0,5,14,2,0,1,0,0,0,0,0,0,0,0,0,1,0,0,0,0
4.6904719887419786e-07,5,11,2,0,1,0,0,0,0,0,0,0,0,0,1,0,0,0,0
0.0004999179105685234,5,11,2,0,1,0,0,0,0,0,0,0,0,0,1,0,0,0,0
8.455192927074356e-07,5,10,2,0,1,0,0,0,0,0,0,0,0,0,1,0,0,0,0
0.0011331316290486904,5,11,2,0,1,0,0,0,0,0,0,0,0,0,1,0,0,0,0
0.0006110080366176755,5,16,2,0,1,0,0,0,0,0,0,0,0,0,1,0,0,0,0
0.0,5,21,3,0,1,0,0,0,0,0,0,0,0,0,1,0,0,0,0
1.1541029761773025e-06,5,14,3,0,1,0,0,0,0,0,0,0,0,0,1,0,0,0,0
0.0005332449483832689,5,12,2,0,1,0,0,0,0,0,0,0,0,0,1,0,0,0,0
8.208325980298462e-07,5,10,2,0,1,0,0,0,0,0,0,0,0,0,1,0,0,0,0
7.035707983112967e-07,5,18,4,0,1,0,0,0,0,0,0,0,0,0,1,0,0,0,0
8.702059873850248e-07,5,12,2,0,1,0,0,0,0,0,0,0,0,0,1,0,0,0,0
0.0005110269231734386,5,8,2,0,1,0,0,0,0,0,0,0,0,0,1,0,0,0,0
0.0007554252004815732,5,17,3,0,1,0,0,0,0,0,0,0,0,0,1,0,0,0,0
0.0005110269231734386,5,8,2,0,1,0,0,0,0,0,0,0,0,0,1,0,0,0,0
0.0007554252004815732,5,13,3,0,1,0,0,0,0,0,0,0,0,0,1,0,0,0,0
0.0005110269231734386,5,11,2,0,1,0,0,0,0,0,0,0,0,0,1,0,0,0,0
0.0005110269231734386,5,11,2,0,1,0,0,0,0,0,0,0,0,0,1,0,0,0,0
0.0004888088979636082,5,11,2,0,1,0,0,0,0,0,0,0,0,0,1,0,0,0,0
0.00035550074670462556,5,10,2,0,1,0,0,0,0,0,0,0,0,0,1,0,0,0,0
1.0491845237975477e-06,5,14,2,0,1,0,0,0,0,0,0,0,0,0,1,0,0,0,0
1.0306695027893558e-06,5,72,12,0,1,0,0,0,0,0,0,0,0,0,1,0,0,0,0
0.0011997857046781818,4,20,3,0,1,0,0,0,0,0,0,0,0,0,1,0,0,0,0
0.0013330938559371643,3,27,4,0,0,1,0,0,0,0,0,0,0,0,1,0,0,0,0
6.233390406091312e-07,5,16,3,0,1,0,0,0,0,0,0,0,0,0,1,0,0,0,0
0.00047769988535869293,5,8,2,0,1,0,0,0,0,0,0,0,0,0,1,0,0,0,0
0.0005110269231734386,2,13,1,0,1,0,0,0,0,0,0,0,0,0,1,0,0,0,0
0.0006776621122471667,5,12,2,0,1,0,0,0,0,0,0,0,0,0,1,0,0,0,0
0.0004665908727537777,5,10,2,0,1,0,0,0,0,0,0,0,0,0,1,0,0,0,0
0.0005998990240127603,4,15,3,0,1,0,0,0,0,0,0,0,0,0,1,0,0,0,0
8.208325980298462e-07,5,10,2,0,1,0,0,0,0,0,0,0,0,0,1,0,0,0,0
0.0010121668251285025,1,51,7,0,0,0,0,0,0,0,0,0,0,0,1,0,0,0,0
1.3392531862592226e-06,5,12,3,0,1,0,0,0,0,0,0,0,0,0,1,0,0,0,0
0.0007776432256914037,5,48,6,0,1,0,0,0,0,0,0,0,0,0,1,0,0,0,0
0.00076283120888485,5,12,3,0,1,0,0,0,0,0,0,0,0,0,1,0,0,0,0
8.702059873850248e-07,5,11,2,0,1,0,0,0,0,0,0,0,0,0,1,0,0,0,0
7.406008403276808e-07,5,12,3,0,1,0,0,0,0,0,0,0,0,0,1,0,0,0,0
0.0005332449483832689,5,11,2,0,1,0,0,0,0,0,0,0,0,0,1,0,0,0,0
0.0004665908727537777,5,11,2,0,1,0,0,0,0,0,0,0,0,0,1,0,0,0,0
7.961459033522568e-07,5,14,2,0,1,0,0,0,0,0,0,0,0,0,1,0,0,0,0
0.0008331882887159797,5,11,2,0,1,0,0,0,0,0,0,0,0,0,1,0,0,0,0
6.480257352867206e-07,5,38,6,0,1,0,0,0,0,0,0,0,0,0,1,0,0,0,0
0.0004628878685521393,5,13,3,0,1,0,0,0,0,0,0,0,0,0,1,0,0,0,0
0.0006887711248520819,5,17,3,0,1,0,0,0,0,0,0,0,0,0,1,0,0,0,0
0.0007776432256914037,5,11,2,0,1,0,0,0,0,0,0,0,0,0,1,0,0,0,0
6.54197408956118e-07,5,11,2,0,1,0,0,0,0,0,0,0,0,0,1,0,0,0,0
0.0002555196332603887,5,13,2,0,1,0,0,0,0,0,0,0,0,0,1,0,0,0,0
0.0006788964469810462,4,16,3,0,1,0,0,0,0,0,0,0,0,0,1,0,0,0,0
0.0009566217621039265,1,13,3,0,0,0,0,0,0,0,0,0,0,0,1,0,0,0,0
1.197304691863084e-06,5,13,2,0,1,0,0,0,0,0,0,0,0,0,1,0,0,0,0
0.00042215482233411687,5,13,3,0,1,0,0,0,0,0,0,0,0,0,1,0,0,0,0
0.0003666097593095408,5,9,2,0,1,0,0,0,0,0,0,0,0,0,1,0,0,0,0
0.003588223414734952,5,11,2,0,1,0,0,0,0,0,0,0,0,0,1,0,0,0,0
0.0,5,17,3,0,1,0,0,0,0,0,0,0,0,0,1,0,0,0,0
0.0006665530996422515,5,15,3,0,1,0,0,0,0,0,0,0,0,0,1,0,0,0,0
0.0008640466570629664,5,46,9,0,1,0,0,0,0,0,0,0,0,0,1,0,0,0,0
0.00047769988535869293,4,19,3,0,1,0,0,0,0,0,0,0,0,0,1,0,0,0,0
0.0005110269231734386,5,10,2,0,1,0,0,0,0,0,0,0,0,0,1,0,0,0,0
0.00042215482233411687,5,15,3,0,1,0,0,0,0,0,0,0,0,0,1,0,0,0,0
0.0,5,12,2,0,1,0,0,0,0,0,0,0,0,0,1,0,0,0,0
0.0005721264925004722,1,18,3,0,0,0,0,0,0,0,0,0,0,0,1,0,0,0,0
0.0005665719861980146,5,22,4,0,1,0,0,0,0,0,0,0,0,0,1,0,0,0,0
0.0006332260618275059,5,9,2,0,1,0,0,0,0,0,0,0,0,0,1,0,0,0,0
8.948926820626142e-07,5,14,2,0,1,0,0,0,0,0,0,0,0,0,1,0,0,0,0
3.08583683469867e-07,5,34,6,0,1,0,0,0,0,0,0,0,0,0,1,0,0,0,0
0.0006221170492225907,5,11,2,0,1,0,0,0,0,0,0,0,0,0,1,0,0,0,0
0.0004443728475439473,5,15,3,0,1,0,0,0,0,0,0,0,0,0,1,0,0,0,0
5.677939775845552e-07,5,10,2,0,1,0,0,0,0,0,0,0,0,0,1,0,0,0,0
8.825493347238196e-07,3,2,1,0,1,0,0,0,0,0,0,0,0,0,1,0,0,0,0
0.0,5,15,3,0,1,0,0,0,0,0,0,0,0,0,1,0,0,0,0
0.0004443728475439473,3,31,4,0,0,0,0,0,0,0,0,0,0,0,1,0,0,0,0
0.0010998045912339448,5,9,2,0,1,0,0,0,0,0,0,0,0,0,1,0,0,0,0
0.0004999179105685234,5,14,2,0,1,0,0,0,0,0,0,0,0,0,1,0,0,0,0
9.380943977483956e-07,5,17,3,0,1,0,0,0,0,0,0,0,0,0,1,0,0,0,0
0.0006998801374569971,5,12,2,0,1,0,0,0,0,0,0,0,0,0,1,0,0,0,0
0.00047769988535869293,5,10,2,0,1,0,0,0,0,0,0,0,0,0,1,0,0,0,0
0.0005221359357783537,5,9,2,0,1,0,0,0,0,0,0,0,0,0,1,0,0,0,0
0.000475231215890934,3,66,8,0,1,0,0,0,0,0,0,0,0,0,1,0,0,0,0
0.0010627745492175608,5,17,4,0,1,0,0,0,0,0,0,0,0,0,1,0,0,0,0
0.0005443539609881842,5,20,4,0,1,0,0,0,0,0,0,0,0,0,1,0,0,0,0
0.0005443539609881842,5,14,3,0,1,0,0,0,0,0,0,0,0,0,1,0,0,0,0
0.0006171797102870728,5,10,2,0,1,0,0,0,0,0,0,0,0,0,1,0,0,0,0
0.0005554629735930994,5,11,2,0,1,0,0,0,0,0,0,0,0,0,1,0,0,0,0
0.00023528271529843478,4,18,4,0,1,0,0,0,0,0,0,0,0,0,1,0,0,0,0
0.0005776809988029298,5,13,2,0,1,0,0,0,0,0,0,0,0,0,1,0,0,0,0
0.0007332071752717428,5,10,2,0,1,0,0,0,0,0,0,0,0,0,1,0,0,0,0
6.35682387947926e-07,5,10,2,0,1,0,0,0,0,0,0,0,0,0,1,0,0,0,0
0.0004999179105685234,4,29,5,0,1,0,0,0,0,0,0,0,0,0,1,0,0,0,0
0.0004888088979636082,5,13,2,0,1,0,0,0,0,0,0,0,0,0,1,0,0,0,0
0.0005554629735930994,5,44,6,0,1,0,0,0,0,0,0,0,0,0,1,0,0,0,0
0.0008054157572036916,3,54,11,0,1,0,0,0,0,0,0,0,0,0,1,0,0,0,0
0.0003085960268172058,1,14,2,0,0,0,0,0,0,0,0,0,0,0,1,0,0,0,0
0.0,5,12,3,0,1,0,0,0,0,0,0,0,0,0,1,0,0,0,0
0.0008054157572036916,3,85,18,0,1,0,0,0,0,0,0,0,0,0,1,0,0,0,0
9.380943977483956e-07,5,13,3,0,1,0,0,0,0,0,0,0,0,0,1,0,0,0,0
0.0003085960268172058,1,14,2,0,0,0,0,0,0,0,0,0,0,0,1,0,0,0,0
0.0005998990240127603,5,20,3,0,1,0,0,0,0,0,0,0,0,0,1,0,0,0,0
0.0008054157572036916,3,10,3,0,1,0,0,0,0,0,0,0,0,0,1,0,0,0,0
0.00047769988535869293,5,16,2,0,1,0,0,0,0,0,0,0,0,0,1,0,0,0,0
0.0004888088979636082,1,11,1,0,0,0,0,0,0,0,0,0,0,0,1,0,0,0,0
0.0007887522382963189,5,11,2,0,1,0,0,0,0,0,0,0,0,0,1,0,0,0,0
0.0006332260618275059,5,16,3,0,1,0,0,0,0,0,0,0,0,0,1,0,0,0,0
0.0006332260618275059,5,9,2,0,1,0,0,0,0,0,0,0,0,0,1,0,0,0,0
0.0006332260618275059,5,9,2,0,1,0,0,0,0,0,0,0,0,0,1,0,0,0,0
0.000744316187876658,1,13,2,0,0,0,0,0,0,0,0,0,0,0,1,0,0,0,0
0.0004999179105685234,5,9,2,0,1,0,0,0,0,0,0,0,0,0,1,0,0,0,0
0.0005776809988029298,5,13,2,0,1,0,0,0,0,0,0,0,0,0,1,0,0,0,0
0.000588790011407845,5,14,3,0,1,0,0,0,0,0,0,0,0,0,1,0,0,0,0
0.0005776809988029298,5,10,2,0,1,0,0,0,0,0,0,0,0,0,1,0,0,0,0
0.0012053402109806393,1,7,2,0,1,0,0,0,0,0,0,0,0,0,1,0,0,0,0
0.0005332449483832689,5,12,2,0,1,0,0,0,0,0,0,0,0,0,1,0,0,0,0
0.00039993679712428643,5,11,2,0,1,0,0,0,0,0,0,0,0,0,1,0,0,0,0
0.00047769988535869293,5,16,2,0,1,0,0,0,0,0,0,0,0,0,1,0,0,0,0
0.0004888088979636082,1,11,1,0,0,0,0,0,0,0,0,0,0,0,1,0,0,0,0
0.0004888088979636082,5,12,2,0,1,0,0,0,0,0,0,0,0,0,1,0,0,0,0
0.0005554629735930994,5,49,7,0,1,0,0,0,0,0,0,0,0,0,1,0,0,0,0
9.319227240789983e-07,5,15,3,0,1,0,0,0,0,0,0,0,0,0,1,0,0,0,0
0.0008640466570629664,5,15,3,0,1,0,0,0,0,0,0,0,0,0,1,0,0,0,0
0.000744316187876658,5,12,2,0,1,0,0,0,0,0,0,0,0,0,1,0,0,0,0
0.0004888088979636082,5,102,16,0,1,0,0,0,0,0,0,0,0,0,1,0,0,0,0
0.0009053968706479286,5,12,2,0,1,0,0,0,0,0,0,0,0,0,1,0,0,0,0
0.0009053968706479286,5,12,2,0,1,0,0,0,0,0,0,0,0,0,1,0,0,0,0
0.0010121668251285025,5,17,3,0,1,0,0,0,0,0,0,0,0,0,1,0,0,0,0
0.0006887711248520819,5,12,2,0,1,0,0,0,0,0,0,0,0,0,1,0,0,0,0
0.0006110080366176755,5,11,2,0,1,0,0,0,0,0,0,0,0,0,1,0,0,0,0
0.0005110269231734386,5,13,2,0,1,0,0,0,0,0,0,0,0,0,1,0,0,0,0
1.2219913865406732e-06,5,38,6,0,1,0,0,0,0,0,0,0,0,0,1,0,0,0,0
7.838025560134621e-07,5,12,2,0,1,0,0,0,0,0,0,0,0,0,1,0,0,0,0
0.0007554252004815732,4,110,13,0,1,0,1,0,0,0,0,0,0,0,1,0,0,0,0
0.0004443728475439473,5,12,3,0,1,0,0,0,0,0,0,0,0,0,1,0,0,0,0
0.0006110080366176755,1,13,2,0,0,0,0,0,0,0,0,0,0,0,1,0,0,0,0
8.702059873850248e-07,3,32,4,0,0,0,0,0,0,0,0,0,0,0,1,0,0,0,0
0.0004443728475439473,5,11,2,0,1,0,0,0,0,0,0,0,0,0,1,0,0,0,0
9.072360294014089e-07,5,11,2,0,1,0,0,0,0,0,0,0,0,0,1,0,0,0,0
1.3701115546062094e-06,1,14,3,0,0,0,0,0,0,0,0,0,0,0,1,0,0,0,0
0.0,5,9,2,0,1,0,0,0,0,0,0,0,0,0,1,0,0,0,0
8.455192927074356e-07,5,10,2,0,1,0,0,0,0,0,0,0,0,0,1,0,0,0,0
1.0430128501281504e-06,5,12,3,0,1,0,0,0,0,0,0,0,0,0,1,0,0,0,0
0.0005110269231734386,5,11,2,0,1,0,0,0,0,0,0,0,0,0,1,0,0,0,0
0.0003153725245062041,5,10,2,0,1,0,0,0,0,0,0,0,0,0,1,0,0,0,0
7.344291666582834e-07,5,40,7,0,1,0,0,0,0,0,0,0,0,0,1,0,0,0,0
0.0005110269231734386,5,36,6,0,1,0,0,0,0,0,0,0,0,0,1,0,0,0,0
0.0010633917165845004,5,35,6,0,1,0,0,0,0,0,0,0,0,0,1,0,0,0,0
0.0004443728475439473,5,12,2,0,1,0,0,0,0,0,0,0,0,0,1,0,0,0,0
0.0004443728475439473,5,13,3,0,1,0,0,0,0,0,0,0,0,0,1,0,0,0,0
0.0004665908727537777,5,10,2,0,1,0,0,0,0,0,0,0,0,0,1,0,0,0,0
6.7271242996431e-07,5,12,3,0,1,0,0,0,0,0,0,0,0,0,1,0,0,0,0
0.000744316187876658,5,13,2,0,1,0,0,0,0,0,0,0,0,0,1,0,0,0,0
0.0006221170492225907,5,12,2,0,1,0,0,0,0,0,0,0,0,0,1,0,0,0,0
0.0006788964469810462,5,15,3,0,1,0,0,0,0,0,0,0,0,0,1,0,0,0,0
0.00042215482233411687,5,13,3,0,1,0,0,0,0,0,0,0,0,0,1,0,0,0,0
0.000377718771914456,5,11,2,0,1,0,0,0,0,0,0,0,0,0,1,0,0,0,0
0.00043326383493903206,5,17,3,0,1,0,0,0,0,0,0,0,0,0,1,0,0,0,0
0.0005332449483832689,5,12,2,0,1,0,0,0,0,0,0,0,0,0,1,0,0,0,0
9.99811134442369e-07,5,18,3,0,1,0,0,0,0,0,0,0,0,0,1,0,0,0,0
0.0006221170492225907,5,13,2,0,1,0,0,0,0,0,0,0,0,0,1,0,0,0,0
0.37079663507020727,5,14,2,0,1,0,0,0,0,0,0,0,0,0,1,0,0,0,0
0.0006480380786340595,5,9,2,0,1,0,0,0,0,0,0,0,0,0,1,0,0,0,0
0.0007109891500619123,4,26,4,0,1,0,1,0,0,0,0,0,0,0,1,0,0,0,0
0.0007406131836750196,4,40,7,0,0,0,1,0,0,0,0,0,0,0,1,0,0,0,0
0.0004888088979636082,5,10,2,0,1,0,0,0,0,0,0,0,0,0,1,0,0,0,0
1.2034763655324813e-06,5,11,2,0,1,0,0,0,0,0,0,0,0,0,1,0,0,0,0
0.0016169908447294418,3,33,4,0,0,0,0,0,0,0,0,0,0,0,1,0,0,0,0
9.25751050409601e-07,5,14,3,0,1,0,0,0,0,0,0,0,0,0,1,0,0,0,0
0.0006332260618275059,5,16,3,0,1,0,0,0,0,0,0,0,0,0,1,0,0,0,0
0.00044282375745292857,1,13,2,0,0,0,0,0,0,0,0,0,0,0,1,0,0,0,0
0.0011849736878716281,1,13,1,0,1,0,0,0,0,0,0,0,0,0,1,0,0,0,0
7.591158613358727e-07,5,10,2,0,1,0,0,0,0,0,0,0,0,0,1,0,0,0,0
0.0004970789406806006,5,19,3,0,1,0,0,0,0,0,0,0,0,0,1,0,0,0,0
5.060772408905818e-07,5,19,3,0,1,0,0,0,0,0,0,0,0,0,1,0,0,0,0
0.0004554818601488625,5,15,2,0,1,0,0,0,0,0,0,0,0,0,1,0,0,0,0
0.00047769988535869293,5,10,2,0,1,0,0,0,0,0,0,0,0,0,1,0,0,0,0
7.220858193194887e-07,5,10,2,0,1,0,0,0,0,0,0,0,0,0,1,0,0,0,0
0.0004554818601488625,5,12,2,0,1,0,0,0,0,0,0,0,0,0,1,0,0,0,0
7.529441876664754e-07,5,11,2,0,1,0,0,0,0,0,0,0,0,0,1,0,0,0,0
0.0007258011668684659,5,22,4,0,1,0,1,0,0,0,0,0,0,0,1,0,0,0,0
0.0004443728475439473,1,13,2,0,0,0,0,0,0,0,0,0,0,0,1,0,0,0,0
0.0008516354213138084,3,25,3,0,0,0,0,0,0,0,0,0,0,0,1,0,0,0,0
8.763776610544222e-07,5,10,2,0,1,0,0,0,0,0,0,0,0,0,1,0,0,0,0
0.0,5,12,2,0,1,0,0,0,0,0,0,0,0,0,1,0,0,0,0
6.171673669397339e-07,5,12,2,0,1,0,0,0,0,0,0,0,0,0,1,0,0,0,0
0.0006332260618275059,5,9,2,0,1,0,0,0,0,0,0,0,0,0,1,0,0,0,0
0.0005554629735930994,5,14,3,0,1,0,0,0,0,0,0,0,0,0,1,0,0,0,0
0.0006221170492225907,1,18,2,0,0,0,0,0,0,0,0,0,0,0,1,0,0,0,0
0.00039993679712428643,5,8,2,0,1,0,0,0,0,0,0,0,0,0,1,0,0,0,0
0.0004443728475439473,5,45,8,0,1,0,0,0,0,0,0,0,0,0,1,0,0,0,0
3.7042385363722834e-05,1,22,4,0,0,0,0,0,0,0,0,0,0,0,1,0,0,0,0
0.0004888088979636082,5,11,2,0,1,0,0,0,0,0,0,0,0,0,1,0,0,0,0
0.0005657449819263154,1,20,2,0,0,0,0,0,0,0,0,0,0,0,1,0,0,0,0
0.001010932490394623,5,14,3,0,1,0,0,0,0,0,0,0,0,0,1,0,0,0,0
9.010643557320116e-07,5,12,3,0,1,0,0,0,0,0,0,0,0,0,1,0,0,0,0
0.0006788964469810462,3,24,3,0,0,0,0,0,0,0,0,0,0,0,1,0,0,0,0
6.91227450972502e-07,5,-100,25,0,1,0,0,0,0,0,0,0,0,0,1,0,0,0,0
0.0017342526444479912,1,13,2,0,0,0,0,0,0,0,0,0,0,0,1,0,0,0,0
0.0011053590975364023,5,50,6,0,1,0,0,0,0,0,0,0,0,0,1,0,0,0,0
6.788841036337073e-07,5,10,2,0,1,0,0,0,0,0,0,0,0,0,1,0,0,0,0
9.25751050409601e-07,5,13,2,0,1,0,0,0,0,0,0,0,0,0,1,0,0,0,0
0.00047769988535869293,5,10,2,0,1,0,0,0,0,0,0,0,0,0,1,0,0,0,0
0.0006221170492225907,5,14,2,0,1,0,0,0,0,0,0,0,0,0,1,0,0,0,0
0.0,5,10,2,0,1,0,0,0,0,0,0,0,0,0,1,0,0,0,0
1.018326155450561e-06,5,56,10,0,1,0,0,0,0,0,0,0,0,0,1,0,0,0,0
6.295107142785287e-07,5,10,2,0,1,0,0,0,0,0,0,0,0,0,1,0,0,0,0
0.0007546784279675761,5,32,6,0,1,0,0,0,0,0,0,0,0,0,1,0,0,0,0
0.0005554629735930994,4,14,3,0,1,0,0,0,0,0,0,0,0,0,1,0,0,0,0
0.0004888088979636082,5,14,3,0,1,0,0,0,0,0,0,0,0,0,1,0,0,0,0
7.838025560134621e-07,5,11,2,0,1,0,0,0,0,0,0,0,0,0,1,0,0,0,0
8.702059873850248e-07,5,12,3,0,1,0,0,0,0,0,0,0,0,0,1,0,0,0,0
0.0002888466710751343,5,13,3,0,1,0,0,0,0,0,0,0,0,0,1,0,0,0,0
0.0007714715520220063,3,84,9,0,1,0,0,0,0,0,0,0,0,0,1,0,0,0,0
0.001010932490394623,5,78,11,0,1,0,0,0,0,0,0,0,0,0,1,0,0,0,0
0.0002888466710751343,5,12,2,0,1,0,0,0,0,0,0,0,0,0,1,0,0,0,0
0.0005306219870737751,3,30,5,0,0,0,0,0,0,0,0,0,0,0,1,0,0,0,0
6.54197408956118e-07,5,10,2,0,1,0,0,0,0,0,0,0,0,0,1,0,0,0,0
0.0004554818601488625,5,43,6,0,1,0,0,0,0,0,0,0,0,0,1,0,0,0,0
0.000955387427370047,5,13,3,0,1,0,0,0,0,0,0,0,0,0,1,0,0,0,0
0.0009158887158859041,5,13,2,0,1,0,0,0,0,0,0,0,0,0,1,0,0,0,0
0.0006110080366176755,5,12,2,0,1,0,0,0,0,0,0,0,0,0,1,0,0,0,0
0.0004888088979636082,4,18,4,0,1,0,0,0,0,0,0,0,0,0,1,0,0,0,0
0.0007714715520220063,5,11,2,0,1,0,0,0,0,0,0,0,0,0,1,0,0,0,0
0.00022219259544564303,3,30,4,0,0,0,0,0,0,0,0,0,0,0,1,0,0,0,0
0.0006739591080455284,5,15,3,0,1,0,0,0,0,0,0,0,0,0,1,0,0,0,0
0.0007714715520220063,4,32,6,0,1,0,0,0,0,0,0,0,0,0,1,0,0,0,0
0.0,1,13,2,0,0,0,0,0,0,0,0,0,0,0,1,0,0,0,0
7.838025560134621e-07,5,88,13,0,1,0,0,0,0,0,0,0,0,0,1,0,0,0,0
0.000839359962385377,5,11,2,0,1,0,0,0,0,0,0,0,0,0,1,0,0,0,0
9.689527660953824e-07,5,46,8,0,1,0,0,0,0,0,0,0,0,0,1,0,0,0,0
7.776308823440648e-07,5,11,2,0,1,0,0,0,0,0,0,0,0,0,1,0,0,0,0
6.603690826255153e-07,5,12,2,0,1,0,0,0,0,0,0,0,0,0,1,0,0,0,0
0.00043326383493903206,5,13,3,0,1,0,0,0,0,0,0,0,0,0,1,0,0,0,0
0.00042215482233411687,5,9,2,0,1,0,0,0,0,0,0,0,0,0,1,0,0,0,0
9.504377450871902e-07,5,12,2,0,1,0,0,0,0,0,0,0,0,0,1,0,0,0,0
0.0008220792761110644,5,14,2,0,1,0,0,0,0,0,0,0,0,0,1,0,0,0,0
0.0006998801374569971,5,17,3,0,1,0,0,0,0,0,0,0,0,0,1,0,0,0,0
0.0,3,22,3,0,0,0,0,0,0,0,0,0,0,0,1,0,0,0,0
0.0005332449483832689,5,12,2,0,1,0,0,0,0,0,0,0,0,0,1,0,0,0,0
0.0005554629735930994,5,11,2,0,1,0,0,0,0,0,0,0,0,0,1,0,0,0,0
0.0007054346437594547,1,51,8,0,0,0,0,0,0,0,0,0,0,0,1,0,0,0,0
0.0006856914596910527,5,11,2,0,1,0,0,0,0,0,0,0,0,0,1,0,0,0,0
0.000377718771914456,5,9,2,0,1,0,0,0,0,0,0,0,0,0,1,0,0,0,0
0.0018515144441665409,1,13,2,0,0,0,0,0,0,0,0,0,0,0,1,0,0,0,0
0.0012343470772268068,1,13,2,0,0,0,0,0,0,0,0,0,0,0,1,0,0,0,0
0.0,1,13,2,0,0,0,0,0,0,0,0,0,0,0,1,0,0,0,0
0.0012343470772268068,1,13,2,0,0,0,0,0,0,0,0,0,0,0,1,0,0,0,0
0.0008578749833935691,2,19,5,0,0,0,1,0,0,0,0,0,0,0,1,0,0,0,0
8.455192927074356e-07,5,13,3,0,1,0,0,0,0,0,0,0,0,0,1,0,0,0,0
7.776308823440648e-07,5,11,2,0,1,0,0,0,0,0,0,0,0,0,1,0,0,0,0
0.0010633917165845004,3,46,6,0,0,0,0,0,0,0,0,0,0,0,1,0,0,0,0
0.00035550074670462556,5,14,2,0,1,0,0,0,0,0,0,0,0,0,1,0,0,0,0
0.0010183384987978998,5,64,11,0,1,0,1,0,0,0,0,0,0,0,1,0,0,0,0
0.000802329920368993,1,13,2,0,0,0,0,0,0,0,0,0,0,0,1,0,0,0,0
0.0008054157572036916,3,39,8,0,1,0,0,0,0,0,0,0,0,0,1,0,0,0,0
0.0006110080366176755,5,17,3,0,1,0,0,0,0,0,0,0,0,0,1,0,0,0,0
0.0006110080366176755,5,11,2,0,1,0,0,0,0,0,0,0,0,0,1,0,0,0,0
0.0005554629735930994,5,12,2,0,1,0,0,0,0,0,0,0,0,0,1,0,0,0,0
0.000377718771914456,5,12,2,0,1,0,0,0,0,0,0,0,0,0,1,0,0,0,0
0.0,5,12,2,0,1,0,0,0,0,0,0,0,0,0,1,0,0,0,0
0.0006048363629482781,3,22,2,0,0,0,0,0,0,0,0,0,0,0,1,0,0,0,0
0.0009627934357733239,3,15,2,0,0,0,0,0,0,0,0,0,0,0,1,0,0,0,0
0.000493746236899126,2,2,1,0,1,0,0,0,0,0,0,0,0,0,1,0,0,0,0
0.00038882778451937124,5,14,2,0,1,0,0,0,0,0,0,0,0,0,1,0,0,0,0
0.000377718771914456,5,11,2,0,1,0,0,0,0,0,0,0,0,0,1,0,0,0,0
0.0009566217621039265,3,25,2,0,0,0,0,0,0,0,0,0,0,0,1,0,0,0,0
6.418540616173233e-07,5,11,2,0,1,0,0,0,0,0,0,0,0,0,1,0,0,0,0
8.208325980298462e-07,5,13,2,0,1,0,0,0,0,0,0,0,0,0,1,0,0,0,0
1.197304691863084e-06,5,13,2,0,1,0,0,0,0,0,0,0,0,0,1,0,0,0,0
0.0005332449483832689,5,11,2,0,1,0,0,0,0,0,0,0,0,0,1,0,0,0,0
0.0004443728475439473,3,-30,27,0,0,0,0,0,0,0,0,0,0,0,1,0,0,0,0
7.838025560134621e-07,3,23,4,0,0,0,0,0,0,0,0,0,0,0,1,0,0,0,0
0.0008109702635061492,1,18,3,0,0,0,0,0,0,0,0,0,0,0,1,0,0,0,0
0.0007714715520220063,5,48,8,0,1,0,1,0,0,0,0,0,0,0,1,0,0,0,0
0.00047769988535869293,5,17,3,0,1,0,0,0,0,0,0,0,0,0,1,0,0,0,0
0.0007776432256914037,3,80,13,0,0,0,0,0,0,0,0,0,0,0,1,0,0,0,0
0.0007332071752717428,5,13,2,0,1,0,0,0,0,0,0,0,0,0,1,0,0,0,0
0.00111091360383886,3,126,15,0,0,0,0,0,0,0,0,0,0,0,1,0,0,0,0
0.00043326383493903206,5,13,2,0,1,0,0,0,0,0,0,0,0,0,1,0,0,0,0
0.0006443350744324211,5,15,3,0,1,0,0,0,0,0,0,0,0,0,1,0,0,0,0
0.0004443728475439473,5,36,6,0,1,0,0,0,0,0,0,0,0,0,1,0,0,0,0
0.0009381067410957344,3,126,15,0,0,0,0,0,0,0,0,0,0,0,1,0,0,0,0
0.0013164303370297914,5,13,3,0,1,0,0,0,0,0,0,0,0,0,1,0,0,0,0
0.0005431196262543047,5,9,2,0,1,0,0,0,0,0,0,0,0,0,1,0,0,0,0
0.0006332260618275059,5,10,2,0,1,0,0,0,0,0,0,0,0,0,1,0,0,0,0
0.0005554629735930994,5,8,2,0,1,0,0,0,0,0,0,0,0,0,1,0,0,0,0
0.0008165247698086068,5,48,8,0,1,0,1,0,0,0,0,0,0,0,1,0,0,0,0
0.0008331882887159797,3,28,5,0,1,0,0,0,0,0,0,0,0,0,1,0,0,0,0
0.0007220981626668276,5,14,2,0,1,0,0,0,0,0,0,0,0,0,1,0,0,0,0
0.0004443728475439473,5,12,2,0,1,0,0,0,0,0,0,0,0,0,1,0,0,0,0
0.0003666097593095408,2,11,1,0,1,0,0,0,0,0,0,0,0,0,1,0,0,0,0
0.0008331882887159797,3,28,5,0,1,0,0,0,0,0,0,0,0,0,1,0,0,0,0
0.0003703127635111793,3,18,2,0,0,0,0,0,0,0,0,0,0,0,1,0,0,0,0
0.0004554818601488625,5,16,2,0,1,0,0,0,0,0,0,0,0,0,1,0,0,0,0
0.0005221359357783537,5,13,3,0,1,0,0,0,0,0,0,0,0,0,1,0,0,0,0
8.702059873850248e-07,5,12,3,0,1,0,0,0,0,0,0,0,0,0,1,0,0,0,0
0.00047769988535869293,5,13,3,0,1,0,0,0,0,0,0,0,0,0,1,0,0,0,0
0.0008763900044017611,5,13,3,0,1,0,0,0,0,0,0,0,0,0,1,0,0,0,0
0.0003666097593095408,5,11,2,0,1,0,0,0,0,0,0,0,0,0,1,0,0,0,0
0.0006554440870373364,5,12,2,0,1,0,0,0,0,0,0,0,0,0,1,0,0,0,0
5.98652345931542e-07,5,14,3,0,1,0,0,0,0,0,0,0,0,0,1,0,0,0,0
8.763776610544222e-07,5,10,2,0,1,0,0,0,0,0,0,0,0,0,1,0,0,0,0
0.0007406131836750196,4,21,4,0,1,0,0,0,0,0,0,0,0,0,1,0,0,0,0
0.0006171797102870728,5,-116,22,0,1,0,0,0,0,0,0,0,0,0,1,0,0,0,0
7.220858193194887e-07,5,12,3,0,1,0,0,0,0,0,0,0,0,0,1,0,0,0,0
0.0005443539609881842,5,15,3,0,1,0,0,0,0,0,0,0,0,0,1,0,0,0,0
0.0005739779946012914,1,11,1,0,1,0,0,0,0,0,0,0,0,0,1,0,0,0,0
0.0009387239084626742,5,41,7,0,1,0,1,0,0,0,0,0,0,0,1,0,0,0,0
0.0004665908727537777,5,12,2,0,1,0,0,0,0,0,0,0,0,0,1,0,0,0,0
0.0010886955786290297,4,17,3,0,1,0,0,0,0,0,0,0,0,0,1,0,0,0,0
0.00042215482233411687,5,10,2,0,1,0,0,0,0,0,0,0,0,0,1,0,0,0,0
7.529441876664754e-07,5,18,3,0,1,0,0,0,0,0,0,0,0,0,1,0,0,0,0
7.652875350052701e-07,5,14,2,0,1,0,0,0,0,0,0,0,0,0,1,0,0,0,0
0.0010888190121024176,5,13,2,0,1,0,0,0,0,0,0,0,0,0,1,0,0,0,0
0.0005332449483832689,3,33,4,0,0,0,0,0,0,0,0,0,0,0,1,0,0,0,0
0.00047769988535869293,5,53,8,0,1,0,0,0,0,0,0,0,0,0,1,0,0,0,0
0.0005648439175705833,3,36,5,0,0,0,0,0,0,0,0,0,0,0,1,0,0,0,0
7.529441876664754e-07,5,46,8,0,1,0,0,0,0,0,0,0,0,0,1,0,0,0,0
5.924806722621445e-07,5,12,2,0,1,0,0,0,0,0,0,0,0,0,1,0,0,0,0
8.763776610544222e-07,5,12,2,0,1,0,0,0,0,0,0,0,0,0,1,0,0,0,0
0.0007794947277922228,5,13,2,0,1,0,0,0,0,0,0,0,0,0,1,0,0,0,0
0.0006171797102870728,3,24,3,0,0,0,0,0,0,0,0,0,0,0,1,0,0,0,0
0.0007943067445987765,1,11,2,0,0,0,0,0,0,0,0,0,0,0,1,0,0,0,0
0.0005110269231734386,3,33,4,0,0,0,0,0,0,0,0,0,0,0,1,0,0,0,0
0.0006171797102870728,5,9,2,0,1,0,0,0,0,0,0,0,0,0,1,0,0,0,0
0.0006171797102870728,5,53,8,0,1,0,0,0,0,0,0,0,0,0,1,0,0,0,0
0.0006171797102870728,3,30,4,0,0,0,0,0,0,0,0,0,0,0,1,0,0,0,0
0.0006171797102870728,3,28,4,0,0,0,0,0,0,0,0,0,0,0,1,0,0,0,0
0.001083141072326572,3,10,2,0,1,0,0,0,0,0,0,0,0,0,1,0,0,0,0
0.0008054157572036916,3,17,4,0,1,0,0,0,0,0,0,0,0,0,1,0,0,0,0
0.0004443728475439473,1,13,2,0,0,0,0,0,0,0,0,0,0,0,1,0,0,0,0
0.00043326383493903206,5,43,6,0,1,0,0,0,0,0,0,0,0,0,1,0,0,0,0
0.0006332260618275059,5,9,2,0,1,0,0,0,0,0,0,0,0,0,1,0,0,0,0
0.0004443728475439473,5,16,3,0,1,1,0,0,0,0,0,0,0,0,1,0,0,0,0
0.0005221359357783537,5,13,2,0,1,0,0,0,0,0,0,0,0,0,1,0,0,0,0
0.0006998801374569971,5,12,2,0,1,0,0,0,0,0,0,0,0,0,1,0,0,0,0
7.838025560134621e-07,5,17,3,0,1,0,0,0,0,0,0,0,0,0,1,0,0,0,0
7.097424719806941e-07,5,53,8,0,1,0,0,0,0,0,0,0,0,0,1,0,0,0,0
0.00042215482233411687,5,15,3,0,1,0,0,0,0,0,0,0,0,0,1,0,0,0,0
0.0008276337824135221,1,20,2,0,0,0,0,0,0,0,0,0,0,0,1,0,0,0,0
0.00015430418508227228,5,15,3,0,1,0,0,0,0,0,0,0,0,0,1,0,0,0,0
0.0005863213419400861,5,12,2,0,1,0,0,0,0,0,0,0,0,0,1,0,0,0,0
5.677939775845552e-07,1,13,2,0,0,0,0,0,0,0,0,0,0,0,1,0,0,0,0
0.0007529565310138142,5,14,2,0,1,0,0,0,0,0,0,0,0,0,1,0,0,0,0
7.344291666582834e-07,5,42,7,0,1,0,0,0,0,0,0,0,0,0,1,0,0,0,0
0.0005221359357783537,5,15,3,0,1,0,0,0,0,0,0,0,0,0,1,0,0,0,0
0.0006110080366176755,5,73,10,0,1,0,0,0,0,0,0,0,0,0,1,0,0,0,0
0.0005332449483832689,3,37,5,0,0,0,0,0,0,0,0,0,0,0,1,0,0,0,0
0.0005863213419400861,5,58,8,0,1,0,0,0,0,0,0,0,0,0,1,0,0,0,0
0.0007406131836750196,3,39,4,0,0,0,0,0,0,0,0,0,0,0,1,0,0,0,0
8.146609243604488e-07,1,14,3,0,0,0,0,0,0,0,0,0,0,0,1,0,0,0,0
0.0005776809988029298,5,12,2,0,1,0,0,0,0,0,0,0,0,0,1,0,0,0,0
0.0005554629735930994,5,52,6,0,1,0,0,0,0,0,0,0,0,0,1,0,0,0,0
0.00047769988535869293,5,42,7,0,1,0,0,0,0,0,0,0,0,0,1,0,0,0,0
0.00047769988535869293,5,15,3,0,1,0,0,0,0,0,0,0,0,0,1,0,0,0,0
1.1232446078303157e-06,5,10,2,0,1,0,0,0,0,0,0,0,0,0,1,0,0,0,0
0.0006665530996422515,5,70,11,0,1,0,1,0,0,0,0,0,0,0,1,0,0,0,0
0.0008995337806620011,5,12,3,0,1,0,0,0,0,0,0,0,0,0,1,0,0,0,0
0.0005332449483832689,5,11,2,0,1,0,0,0,0,0,0,0,0,0,1,0,0,0,0
0.0006369290660291443,5,12,2,0,1,0,0,0,0,0,0,0,0,0,1,0,0,0,0
5.801373249233499e-07,5,11,2,0,1,0,0,0,0,0,0,0,0,0,1,0,0,0,0
0.0006110080366176755,5,15,3,0,1,0,0,0,0,0,0,0,0,0,1,0,0,0,0
0.0006665530996422515,5,11,2,0,1,0,0,0,0,0,0,0,0,0,1,0,0,0,0
0.0004554818601488625,5,15,3,0,1,0,0,0,0,0,0,0,0,0,1,0,0,0,0
0.0005221359357783537,5,42,7,0,1,0,0,0,0,0,0,0,0,0,1,0,0,0,0
0.0,3,44,6,0,0,0,0,0,0,0,0,0,0,0,1,0,0,0,0
9.62781092425985e-07,5,12,3,0,1,0,0,0,0,0,0,0,0,0,1,0,0,0,0
8.578626400462302e-07,5,9,2,0,1,0,0,0,0,0,0,0,0,0,1,0,0,0,0
0.0006332260618275059,5,11,2,0,1,0,0,0,0,0,0,0,0,0,1,0,0,0,0
0.0004888088979636082,5,12,2,0,1,0,0,0,0,0,0,0,0,0,1,0,0,0,0
0.0004443728475439473,1,16,3,0,0,0,0,0,0,0,0,0,0,0,1,0,0,0,0
0.0005554629735930994,5,11,2,0,1,0,0,0,0,0,0,0,0,0,1,0,0,0,0
1.1232446078303157e-06,3,25,3,0,0,0,0,0,0,0,0,0,0,0,1,0,0,0,0
7.344291666582834e-07,5,13,2,0,1,0,0,0,0,0,0,0,0,0,1,0,0,0,0
0.0004999179105685234,4,20,4,0,1,0,0,0,0,0,0,0,0,0,1,0,0,0,0
0.0006864567472260579,4,20,4,0,1,1,0,0,0,0,0,0,0,0,1,0,0,0,0
0.0009942689714872502,4,50,8,0,1,0,1,0,0,0,0,0,0,0,1,0,0,0,0
7.035707983112967e-07,3,23,4,0,0,0,0,0,0,0,0,0,0,0,1,0,0,0,0
0.0005776809988029298,1,14,1,0,1,0,0,0,0,0,0,0,0,0,1,0,0,0,0
4.813905462129924e-07,5,9,2,0,1,0,0,0,0,0,0,0,0,0,1,0,0,0,0
3.332703781474564e-07,5,18,3,0,1,0,0,0,0,0,0,0,0,0,1,0,0,0,0
0.0006171797102870728,1,13,2,0,0,0,0,0,0,0,0,0,0,0,1,0,0,0,0
0.0005554629735930994,5,38,7,0,1,0,0,0,0,0,0,0,0,0,1,0,0,0,0
0.0,3,21,3,0,0,0,0,0,0,0,0,0,0,0,1,0,0,0,0
0.0007097548153280329,1,12,1,0,1,0,0,0,0,0,0,0,0,0,1,0,0,0,0
0.0006171797102870728,5,14,2,0,1,0,0,0,0,0,0,0,0,0,1,0,0,0,0
0.0006276715555250483,5,19,3,0,1,0,0,0,0,0,0,0,0,0,1,0,0,0,0
0.0009331694021602166,5,12,2,0,1,0,0,0,0,0,0,0,0,0,1,0,0,0,0
0.0004443728475439473,1,14,1,0,1,0,0,0,0,0,0,0,0,0,1,0,0,0,0
0.0008720698328331829,3,24,3,0,0,0,0,0,0,0,0,0,0,0,1,0,0,0,0
1.1849613445242893e-06,5,13,2,0,1,0,0,0,0,0,0,0,0,0,1,0,0,0,0
8.455192927074356e-07,5,15,3,0,1,0,0,0,0,0,0,0,0,0,1,0,0,0,0
0.0005998990240127603,1,8,2,0,0,0,0,0,0,0,0,0,0,0,1,0,0,0,0
0.0005332449483832689,4,19,4,0,1,0,0,0,0,0,0,0,0,0,1,0,0,0,0
0.00047769988535869293,5,18,3,0,1,0,0,0,0,0,0,0,0,0,1,0,0,0,0
0.0004665908727537777,5,15,3,0,1,0,0,0,0,0,0,0,0,0,1,0,0,0,0
0.0007924552424979571,5,16,3,0,1,0,0,0,0,0,0,0,0,0,1,0,0,0,0
0.0,5,14,2,0,1,0,0,0,0,0,0,0,0,0,1,0,0,0,0
0.0007554252004815732,5,96,15,0,1,0,0,0,0,0,0,0,0,0,1,0,0,0,0
0.0008146732677077877,5,11,2,0,1,0,0,0,0,0,0,0,0,0,1,0,0,0,0
6.233390406091312e-07,5,11,2,0,1,0,0,0,0,0,0,0,0,0,1,0,0,0,0
0.0005924930156094835,5,14,2,0,1,0,0,0,0,0,0,0,0,0,1,0,0,0,0
0.0008331882887159797,1,11,2,0,0,0,0,0,0,0,0,0,0,0,1,0,0,0,0
8.270042716992435e-07,5,11,2,0,1,0,0,0,0,0,0,0,0,0,1,0,0,0,0
3.6207152193797726e-07,3,33,6,0,0,0,0,0,0,0,0,0,0,0,1,0,0,0,0
0.0007794947277922228,5,43,7,0,1,0,0,0,0,0,0,0,0,0,1,0,0,0,0
0.0010331505156044535,1,15,2,0,0,0,0,0,0,0,0,0,0,0,1,0,0,0,0
8.208325980298462e-07,5,12,3,0,1,0,0,0,0,0,0,0,0,0,1,0,0,0,0
0.0006332260618275059,5,11,2,0,1,0,0,0,0,0,0,0,0,0,1,0,0,0,0
0.0005554629735930994,5,10,2,0,1,0,0,0,0,0,0,0,0,0,1,0,0,0,0
0.00043326383493903206,5,13,3,0,1,0,0,0,0,0,0,0,0,0,1,0,0,0,0
7.529441876664754e-07,5,127,21,0,1,0,0,0,0,0,0,0,0,0,1,0,0,0,0
0.000802329920368993,5,12,3,0,1,0,0,0,0,0,0,0,0,0,1,0,0,0,0
0.0006171797102870728,5,11,2,0,1,0,0,0,0,0,0,0,0,0,1,0,0,0,0
0.000799861250901234,5,16,3,0,1,0,0,0,0,0,0,0,0,0,1,0,0,0,0
0.0005554629735930994,5,45,9,0,1,0,0,0,0,0,0,0,0,0,1,0,0,0,0
8.146609243604488e-07,5,54,9,0,1,0,0,0,0,0,0,0,0,0,1,0,0,0,0
0.0006332260618275059,5,12,2,0,1,0,0,0,0,0,0,0,0,0,1,0,0,0,0
0.00047769988535869293,5,10,2,0,1,0,0,0,0,0,0,0,0,0,1,0,0,0,0
0.0010121668251285025,5,79,15,0,1,0,0,0,0,0,0,0,0,0,1,0,0,0,0
8.640343137156275e-07,5,10,2,0,1,0,0,0,0,0,0,0,0,0,1,0,0,0,0
1.4318282913001828e-06,5,17,3,0,1,0,0,0,0,0,0,0,0,0,1,0,0,0,0
0.0008054157572036916,3,12,3,0,1,0,0,0,0,0,0,0,0,0,1,0,0,0,0
0.0004999179105685234,2,18,3,0,0,0,1,0,0,0,0,0,0,0,1,0,0,0,0
0.0009566217621039265,1,13,3,0,0,0,0,0,0,0,0,0,0,0,1,0,0,0,0
9.751244397647797e-07,5,13,2,0,1,0,0,0,0,0,0,0,0,0,1,0,0,0,0
0.0007665342130864884,5,15,3,0,1,0,0,0,0,0,0,0,0,0,1,0,0,0,0
6.54197408956118e-07,1,13,2,0,0,0,0,0,0,0,0,0,0,0,1,0,0,0,0
0.0004665908727537777,4,21,4,0,1,0,0,0,0,0,0,0,0,0,1,0,0,0,0
5.431072829069658e-07,5,9,2,0,1,0,0,0,0,0,0,0,0,0,1,0,0,0,0
0.0011232569511776546,5,11,2,0,1,0,0,0,0,0,0,0,0,0,1,0,0,0,0
0.0012053402109806393,5,16,3,0,1,0,0,0,0,0,0,0,0,0,1,0,0,0,0
6.603690826255153e-07,5,17,3,0,1,0,0,0,0,0,0,0,0,0,1,0,0,0,0
0.0009628551525100178,5,13,2,0,1,0,0,0,0,0,0,0,0,0,1,0,0,0,0
7.529441876664754e-07,5,46,6,0,1,0,0,0,0,0,0,0,0,0,1,0,0,0,0
0.0005110269231734386,1,12,1,0,1,0,0,0,0,0,0,0,0,0,1,0,0,0,0
0.0008054157572036916,3,12,3,0,1,0,0,0,0,0,0,0,0,0,1,0,0,0,0
0.0003666097593095408,5,13,2,0,1,0,0,0,0,0,0,0,0,0,1,0,0,0,0
1.907047163843778e-06,5,11,2,0,1,0,0,0,0,0,0,0,0,0,1,0,0,0,0
0.0007097548153280329,4,52,7,0,0,0,1,0,0,0,0,0,0,0,1,0,0,0,0
6.665407562949127e-07,5,11,2,0,1,0,0,0,0,0,0,0,0,0,1,0,0,0,0
0.0005776809988029298,5,14,2,0,1,0,0,0,0,0,0,0,0,0,1,0,0,0,0
0.0005221359357783537,5,13,3,0,1,0,0,0,0,0,0,0,0,0,1,0,0,0,0
0.0010998045912339448,5,11,2,0,1,0,0,0,0,0,0,0,0,0,1,0,0,0,0
0.0006221170492225907,5,12,2,0,1,0,0,0,0,0,0,0,0,0,1,0,0,0,0
0.0011726303405328333,5,22,3,0,1,0,0,0,0,0,0,0,0,0,1,0,0,0,0
0.0006276715555250483,5,62,10,0,1,0,1,0,0,0,0,0,0,0,1,0,0,0,0
0.0008640466570629664,5,40,6,0,1,0,0,0,0,0,0,0,0,0,1,0,0,0,0
5.369356092375685e-07,5,16,3,0,1,0,0,0,0,0,0,0,0,0,1,0,0,0,0
0.0005554629735930994,5,12,3,0,1,0,0,0,0,0,0,0,0,0,1,0,0,0,0
0.0008640466570629664,3,28,4,0,0,0,0,0,0,0,0,0,0,0,1,0,0,0,0
7.529441876664754e-07,5,12,2,0,1,0,0,0,0,0,0,0,0,0,1,0,0,0,0
0.0006480380786340595,4,19,3,0,1,0,0,0,0,0,0,0,0,0,1,0,0,0,0
0.0005554629735930994,2,15,1,0,1,0,0,0,0,0,0,0,0,0,1,0,0,0,0
0.0006233513839564701,2,2,1,0,1,0,0,0,0,0,0,0,0,0,1,0,0,0,0
0.0008554063139258101,1,18,3,0,0,0,0,0,0,0,0,0,0,0,1,0,0,0,0
0.0007258011668684659,5,34,5,0,1,1,0,0,0,0,0,0,0,0,1,0,0,0,0
0.000377718771914456,5,13,2,0,1,0,0,0,0,0,0,0,0,0,1,0,0,0,0
7.406008403276808e-07,5,15,2,0,1,0,0,0,0,0,0,0,0,0,1,0,0,0,0
0.00038882778451937124,4,15,3,0,1,0,0,0,0,0,0,0,0,0,1,0,0,0,0
0.000377718771914456,5,11,2,0,1,0,0,0,0,0,0,0,0,0,1,0,0,0,0
1.308394817912236e-06,5,11,2,0,1,0,0,0,0,0,0,0,0,0,1,0,0,0,0
9.010643557320116e-07,5,20,3,0,1,0,0,0,0,0,0,0,0,0,1,0,0,0,0
0.00042215482233411687,5,15,2,0,1,0,0,0,0,0,0,0,0,0,1,0,0,0,0
0.0005776809988029298,5,90,12,0,1,0,0,0,0,0,0,0,0,0,1,0,0,0,0
0.001115233775407438,5,38,6,0,1,0,0,0,0,0,0,0,0,0,1,0,0,0,0
0.0003332827214947952,5,14,2,0,1,0,0,0,0,0,0,0,0,0,1,0,0,0,0
0.0006455076924296066,3,24,4,0,1,0,0,0,0,0,0,0,0,0,1,0,0,0,0
0.0008825616780711584,1,13,2,0,0,0,0,0,0,0,0,0,0,0,1,0,0,0,0
0.0005332449483832689,5,15,3,0,1,0,0,0,0,0,0,0,0,0,1,0,0,0,0
0.0008473831381555936,3,24,3,0,0,0,0,0,0,0,0,0,0,0,1,0,0,0,0
0.0007159264889974302,5,14,2,0,1,0,0,0,0,0,0,0,0,0,1,0,0,0,0
0.0006554440870373364,5,9,2,0,1,0,0,0,0,0,0,0,0,0,1,0,0,0,0
0.0006887711248520819,3,24,3,0,0,0,0,0,0,0,0,0,0,0,1,0,0,0,0
0.0007887522382963189,5,9,2,0,1,0,0,0,0,0,0,0,0,0,1,0,0,0,0
1.0306695027893558e-06,5,11,2,0,1,0,0,0,0,0,0,0,0,0,1,0,0,0,0
9.504377450871902e-07,1,13,2,0,0,0,0,0,0,0,0,0,0,0,1,0,0,0,0
8.455192927074356e-07,5,13,2,0,1,0,0,0,0,0,0,0,0,0,1,0,0,0,0
0.0005332449483832689,5,11,2,0,1,0,0,0,0,0,0,0,0,0,1,0,0,0,0
0.0007714715520220063,1,7,1,0,0,0,0,0,0,0,0,0,0,0,1,0,0,0,0
0.0008257822803127029,5,38,6,0,1,0,0,0,0,0,0,0,0,0,1,0,0,0,0
0.0,5,9,2,0,1,0,0,0,0,0,0,0,0,0,1,0,0,0,0
0.0005221359357783537,5,10,2,0,1,0,0,0,0,0,0,0,0,0,1,0,0,0,0
0.0007943067445987765,5,12,3,0,1,0,0,0,0,0,0,0,0,0,1,0,0,0,0
0.0004665908727537777,5,15,3,0,1,0,0,0,0,0,0,0,0,0,1,0,0,0,0
0.0,5,13,2,0,1,0,0,0,0,0,0,0,0,0,1,0,0,0,0
0.00030936748602588047,5,9,2,0,1,0,0,0,0,0,0,0,0,0,1,0,0,0,0
9.566094187565878e-07,5,15,3,0,1,0,0,0,0,0,0,0,0,0,1,0,0,0,0
0.0,5,15,2,0,1,0,0,0,0,0,0,0,0,0,1,0,0,0,0
0.0005221359357783537,5,55,8,0,1,0,1,0,0,0,0,0,0,0,1,0,0,0,0
0.0008887333517405558,5,12,3,0,1,0,0,0,0,0,0,0,0,0,1,0,0,0,0
0.000588790011407845,5,11,2,0,1,0,0,0,0,0,0,0,0,0,1,0,0,0,0
0.000377718771914456,5,15,2,0,1,0,0,0,0,0,0,0,0,0,1,0,0,0,0
0.000756042367848513,3,19,2,0,0,0,0,0,0,0,0,0,0,0,1,0,0,0,0
0.000588790011407845,5,11,2,0,1,0,0,0,0,0,0,0,0,0,1,0,0,0,0
0.0004554818601488625,5,70,12,0,1,0,0,0,0,0,0,0,0,0,1,0,0,0,0
8.887210083932169e-07,5,13,2,0,1,0,0,0,0,0,0,0,0,0,1,0,0,0,0
7.652875350052701e-07,5,13,2,0,1,0,0,0,0,0,0,0,0,0,1,0,0,0,0
0.000377718771914456,5,76,12,0,1,0,0,0,0,0,0,0,0,0,1,0,0,0,0
0.00038882778451937124,5,14,2,0,1,0,0,0,0,0,0,0,0,0,1,0,0,0,0
0.0005443539609881842,4,16,3,0,1,0,0,0,0,0,0,0,0,0,1,0,0,0,0
8.146609243604488e-07,1,13,2,0,0,0,0,0,0,0,0,0,0,0,1,0,0,0,0
0.0,1,22,3,0,0,0,0,0,0,0,0,0,0,0,1,0,0,0,0
6.850557773031047e-07,3,23,3,0,0,0,0,0,0,0,0,0,0,0,1,0,0,0,0
1.0121544817811636e-06,5,13,2,0,1,0,0,0,0,0,0,0,0,0,1,0,0,0,0
8.640343137156275e-07,5,11,2,0,1,0,0,0,0,0,0,0,0,0,1,0,0,0,0
0.0,1,22,4,0,0,0,0,0,0,0,0,0,0,0,1,0,0,0,0
0.0005110269231734386,5,11,2,0,1,0,0,0,0,0,0,0,0,0,1,0,0,0,0
0.0006221170492225907,5,11,2,0,1,0,0,0,0,0,0,0,0,0,1,0,0,0,0
0.0005332449483832689,5,14,2,0,1,0,0,0,0,0,0,0,0,0,1,0,0,0,0
0.0004443728475439473,5,42,5,0,1,0,0,0,0,0,0,0,0,0,1,0,0,0,0
0.0004443728475439473,1,14,1,0,1,0,0,0,0,0,0,0,0,0,1,0,0,0,0
0.0005332449483832689,5,12,2,0,1,0,0,0,0,0,0,0,0,0,1,0,0,0,0
8.270042716992435e-07,5,12,3,0,1,0,0,0,0,0,0,0,0,0,1,0,0,0,0
0.00047769988535869293,5,63,11,0,1,0,1,0,0,0,0,0,0,0,1,0,0,0,0
0.00030936748602588047,5,9,2,0,1,0,0,0,0,0,0,0,0,0,1,0,0,0,0
0.0009257633937569398,5,12,3,0,1,0,0,0,0,0,0,0,0,0,1,0,0,0,0
8.455192927074356e-07,5,114,19,0,1,0,0,0,0,0,0,0,0,0,1,0,0,0,0
0.0005221359357783537,1,16,1,0,1,0,0,0,0,0,0,0,0,0,1,0,0,0,0
0.0011775676794683512,1,39,5,0,1,0,0,0,0,0,0,0,0,0,1,0,0,0,0
8.888444418666049e-05,1,13,2,0,0,0,0,0,0,0,0,0,0,0,1,0,0,0,0
0.00111091360383886,1,7,1,0,0,0,0,0,0,0,0,0,0,0,1,0,0,0,0
0.0010121668251285025,1,12,1,0,1,0,0,0,0,0,0,0,0,0,1,0,0,0,0
0.000799861250901234,5,16,3,0,1,0,0,0,0,0,0,0,0,0,1,0,0,0,0
0.0012343470772268068,1,13,2,0,0,0,0,0,0,0,0,0,0,0,1,0,0,0,0
0.0006332260618275059,5,126,18,0,1,0,0,0,0,0,0,0,0,0,1,0,0,0,0
0.0006110080366176755,3,33,4,0,0,0,0,0,0,0,0,0,0,0,1,0,0,0,0
0.2570903365525976,5,10,2,0,1,0,0,0,0,0,0,0,0,0,1,0,0,0,0
0.0010800552354918733,5,41,8,0,1,0,0,0,0,0,0,0,0,0,1,0,0,0,0
0.0004443728475439473,5,46,6,0,1,0,0,0,0,0,0,0,0,0,1,0,0,0,0
0.0005776809988029298,2,3,1,0,0,0,0,0,0,0,0,0,0,0,1,0,0,0,0
0.0005665719861980146,5,11,2,0,1,0,0,0,0,0,0,0,0,0,1,0,0,0,0
0.0007831977319938613,1,13,2,0,0,0,0,0,0,0,0,0,0,0,1,0,0,0,0
4.875622198823899e-07,3,2,1,0,1,0,0,0,0,0,0,0,0,0,1,0,0,0,0
0.0007406131836750196,5,11,2,0,1,0,0,0,0,0,0,0,0,0,1,0,0,0,0
0.0006017505261135794,1,7,1,0,0,0,0,0,0,0,0,0,0,0,1,0,0,0,0
0.0004999179105685234,5,53,5,0,1,0,0,0,0,0,0,0,0,0,1,0,0,0,0
0.0008949050254099531,5,20,3,0,1,0,0,0,0,0,0,0,0,0,1,0,0,0,0
0.0008442973013208949,1,13,3,0,0,0,0,0,0,0,0,0,0,0,1,0,0,0,0
1.1664463235160971e-06,5,11,2,0,1,0,0,0,0,0,0,0,0,0,1,0,0,0,0
0.0006788964469810462,5,12,2,0,1,0,0,0,0,0,0,0,0,0,1,0,0,0,0
0.0006418664049646621,5,15,2,0,1,0,0,0,0,0,0,0,0,0,1,0,0,0,0
0.0005332449483832689,5,11,2,0,1,0,0,0,0,0,0,0,0,0,1,0,0,0,0
0.0002666286458653039,5,19,4,0,1,0,0,0,0,0,0,0,0,0,1,0,0,0,0
0.0009109513769503862,5,13,2,0,1,0,0,0,0,0,0,0,0,0,1,0,0,0,0
7.838025560134621e-07,5,9,2,0,1,0,0,0,0,0,0,0,0,0,1,0,0,0,0
1.2775364495652493e-06,5,15,2,0,1,0,0,0,0,0,0,0,0,0,1,0,0,0,0
0.00042215482233411687,5,-57,32,0,1,0,0,0,0,0,0,0,0,0,1,0,0,0,0
0.0010220415029995383,5,65,9,0,1,0,0,0,0,0,0,0,0,0,1,0,0,0,0
0.0006295230576258675,3,71,11,0,0,0,0,0,0,0,0,0,0,0,1,0,0,0,0
0.0007344415100056222,3,33,4,0,0,0,0,0,0,0,0,0,0,0,1,0,0,0,0
0.0006554440870373364,1,13,2,0,0,0,0,0,0,0,0,0,0,0,1,0,0,0,0
7.529441876664754e-07,5,13,2,0,1,0,0,0,0,0,0,0,0,0,1,0,0,0,0
0.0005332449483832689,1,20,4,0,0,0,0,0,0,0,0,0,0,0,1,0,0,0,0
0.0007776432256914037,2,9,2,0,0,0,1,0,0,0,0,0,0,0,1,0,0,0,0
0.00048140288956033134,3,29,3,0,0,0,0,0,0,0,0,0,0,0,1,0,0,0,0
0.0005924930156094835,3,36,4,0,0,0,0,0,0,0,0,0,0,0,1,0,0,0,0
0.0004739968811570545,1,44,7,0,0,0,0,0,0,0,0,0,0,0,1,0,0,0,0
0.0005431196262543047,5,17,4,0,1,0,0,0,0,0,0,0,0,0,1,0,0,0,0
7.961459033522568e-07,5,12,3,0,1,0,0,0,0,0,0,0,0,0,1,0,0,0,0
0.000802329920368993,5,17,4,0,1,0,0,0,0,0,0,0,0,0,1,0,0,0,0
0.0006171797102870728,5,53,8,0,1,0,0,0,0,0,0,0,0,0,1,0,0,0,0
0.0014503556556557137,5,13,2,0,1,0,0,0,0,0,0,0,0,0,1,0,0,0,0
0.0006480380786340595,5,16,3,0,1,0,0,0,0,0,0,0,0,0,1,0,0,0,0
0.0006788964469810462,5,12,3,0,1,0,0,0,0,0,0,0,0,0,1,0,0,0,0
1.4441716386389774e-06,1,13,2,0,0,0,0,0,0,0,0,0,0,0,1,0,0,0,0
0.0005443539609881842,5,11,2,0,1,0,0,0,0,0,0,0,0,0,1,0,0,0,0
0.000992417469386431,5,13,2,0,1,0,0,0,0,0,0,0,0,0,1,0,0,0,0
0.0007109891500619123,5,13,2,0,1,0,0,0,0,0,0,0,0,0,1,0,0,0,0
0.0004443728475439473,5,101,15,0,1,0,0,0,0,0,0,0,0,0,1,0,0,0,0
0.0011053590975364023,5,14,2,0,1,0,0,0,0,0,0,0,0,0,1,0,0,0,0
0.0004443728475439473,5,11,2,0,1,0,0,0,0,0,0,0,0,0,1,0,0,0,0
0.0012775487929125881,5,13,3,0,1,0,0,0,0,0,0,0,0,0,1,0,0,0,0
0.0010800552354918733,5,73,8,0,1,0,0,0,0,0,0,0,0,0,1,0,0,0,0
0.0004665908727537777,5,10,2,0,1,0,0,0,0,0,0,0,0,0,1,0,0,0,0
0.0007220981626668276,5,50,8,0,1,0,0,0,0,0,0,0,0,0,1,0,0,0,0
0.0007097548153280329,5,65,10,0,1,0,0,0,0,0,0,0,0,0,1,0,0,0,0
0.0009381067410957344,5,21,5,0,1,0,0,0,0,0,0,0,0,0,1,0,0,0,0
0.0005443539609881842,1,20,3,0,0,0,0,0,0,0,0,0,0,0,1,0,0,0,0
0.0010331505156044535,5,12,2,0,1,0,0,0,0,0,0,0,0,0,1,0,0,0,0
0.0007794947277922228,5,13,3,0,1,0,0,0,0,0,0,0,0,0,1,0,0,0,0
0.0005332449483832689,5,11,2,0,1,0,0,0,0,0,0,0,0,0,1,0,0,0,0
0.0005110269231734386,1,13,2,0,0,0,0,0,0,0,0,0,0,0,1,0,0,0,0
0.00039993679712428643,5,9,2,0,1,0,0,0,0,0,0,0,0,0,1,0,0,0,0
7.529441876664754e-07,5,13,2,0,1,0,0,0,0,0,0,0,0,0,1,0,0,0,0
0.00030499485523111244,5,10,2,0,1,0,0,0,0,0,0,0,0,0,1,0,0,0,0
0.0007554252004815732,5,13,3,0,1,0,0,0,0,0,0,0,0,0,1,0,0,0,0
0.0006912397943198409,5,12,2,0,1,0,0,0,0,0,0,0,0,0,1,0,0,0,0
5.677939775845552e-07,5,14,2,0,1,0,0,0,0,0,0,0,0,0,1,0,0,0,0
0.0004665908727537777,5,10,2,0,1,0,0,0,0,0,0,0,0,0,1,0,0,0,0
0.0004665908727537777,5,44,6,0,1,0,0,0,0,0,0,0,0,0,1,0,0,0,0
0.0,5,10,2,0,1,0,0,0,0,0,0,0,0,0,1,0,0,0,0
0.0004554818601488625,5,13,2,0,1,0,0,0,0,0,0,0,0,0,1,0,0,0,0
0.0006221170492225907,3,32,4,0,0,0,0,0,0,0,0,0,0,0,1,0,0,0,0
0.0005863213419400861,5,10,2,0,1,0,0,0,0,0,0,0,0,0,1,0,0,0,0
0.000588790011407845,5,9,2,0,1,0,0,0,0,0,0,0,0,0,1,0,0,0,0
0.0004443728475439473,4,99,14,0,1,0,1,0,0,0,0,0,0,0,1,0,0,0,0
0.0007535736983807541,1,13,2,0,0,0,0,0,0,0,0,0,0,0,1,0,0,0,0
0.000799861250901234,5,11,2,0,1,0,0,0,0,0,0,0,0,0,1,0,0,0,0
0.0012652054455737935,3,37,4,0,0,0,0,0,0,0,0,0,0,0,1,0,0,0,0
0.0005221359357783537,5,11,2,0,1,0,0,0,0,0,0,0,0,0,1,0,0,0,0
0.0007109891500619123,5,41,6,0,1,0,0,0,0,0,0,0,0,0,1,0,0,0,0
0.0004628878685521393,3,33,6,0,0,0,0,0,0,0,0,0,0,0,1,0,0,0,0
0.0007899865730301983,3,25,3,0,0,0,0,0,0,0,0,0,0,0,1,0,0,0,0
2.468669467758936e-07,5,13,3,0,1,0,0,0,0,0,0,0,0,0,1,0,0,0,0
0.0004888088979636082,5,16,2,0,1,0,0,0,0,0,0,0,0,0,1,0,0,0,0
0.0009331694021602166,1,3,1,0,1,0,0,0,0,0,0,0,0,0,1,0,0,0,0
0.0010553685408142839,5,21,4,0,1,0,0,0,0,0,0,0,0,0,1,0,0,0,0
0.0010878932610520079,1,24,2,0,0,0,0,0,0,0,0,0,0,0,1,0,0,0,0
0.0005776809988029298,5,10,2,0,1,0,0,0,0,0,0,0,0,0,1,0,0,0,0
0.0,3,33,4,0,0,0,0,0,0,0,0,0,0,0,1,0,0,0,0
6.91227450972502e-07,5,10,2,0,1,0,0,0,0,0,0,0,0,0,1,0,0,0,0
0.0009627934357733239,5,11,2,0,1,0,0,0,0,0,0,0,0,0,1,0,0,0,0
0.00047852688963039215,5,15,3,0,1,0,0,0,0,0,0,0,0,0,1,0,0,0,0
0.0005110269231734386,5,10,2,0,1,0,0,0,0,0,0,0,0,0,1,0,0,0,0
0.0004443728475439473,5,9,2,0,1,0,0,0,0,0,0,0,0,0,1,0,0,0,0
9.566094187565878e-07,3,2,1,0,1,0,0,0,0,0,0,0,0,0,1,0,0,0,0
0.00047769988535869293,5,36,6,0,1,0,0,0,0,0,0,0,0,0,1,0,0,0,0
0.0003332827214947952,5,17,3,0,1,0,1,0,0,0,0,0,0,0,1,0,0,0,0
6.130529178268023e-07,1,13,1,0,1,0,0,0,0,0,0,0,0,0,1,0,0,0,0
0.0007097548153280329,5,38,6,0,1,0,0,0,0,0,0,0,0,0,1,0,0,0,0
0.0007794947277922228,5,10,2,0,1,0,0,0,0,0,0,0,0,0,1,0,0,0,0
0.00030499485523111244,5,39,7,0,1,0,1,0,0,0,0,0,0,0,1,0,0,0,0
0.0007435385569943139,1,6,1,0,0,0,0,0,0,0,0,0,0,0,1,0,0,0,0
0.0006107303113025526,5,17,3,0,1,0,0,0,0,0,0,0,0,0,1,0,0,0,0
0.0006788964469810462,5,20,3,0,1,0,0,0,0,0,0,0,0,0,1,0,0,0,0
7.529441876664754e-07,5,18,3,0,1,0,0,0,0,0,0,0,0,0,1,0,0,0,0
1.0306695027893558e-06,5,11,2,0,1,0,0,0,0,0,0,0,0,0,1,0,0,0,0
7.220858193194887e-07,5,95,58,0,1,0,0,0,0,0,0,0,0,0,1,0,0,0,0
0.00031106469628496475,5,40,6,0,1,0,0,0,0,0,0,0,0,0,1,0,0,0,0
0.0007850492340946805,5,14,3,0,1,0,0,0,0,0,0,0,0,0,1,0,0,0,0
0.0006221170492225907,5,19,4,0,1,0,1,0,0,0,0,0,0,0,1,0,0,0,0
6.7271242996431e-07,5,12,2,0,1,0,0,0,0,0,0,0,0,0,1,0,0,0,0
0.0005110269231734386,5,10,2,0,1,0,0,0,0,0,0,0,0,0,1,0,0,0,0
0.0006110080366176755,4,48,8,0,1,0,1,0,0,0,0,0,0,0,1,0,0,0,0
0.000377718771914456,5,13,3,0,1,0,0,0,0,0,0,0,0,0,1,0,0,0,0
0.0005221359357783537,3,30,88,0,0,0,0,0,0,0,0,0,0,0,1,0,0,0,0
6.603690826255153e-07,5,1,42,0,1,0,0,0,0,0,0,0,0,0,1,0,0,0,0
0.0007714715520220063,4,84,15,0,1,0,0,0,0,0,0,0,0,0,1,0,0,0,0
0.0007276526689692852,1,38,5,0,0,0,0,0,0,0,0,0,0,0,1,0,0,0,0
0.000588790011407845,5,43,8,0,1,0,0,0,0,0,0,0,0,0,1,0,0,0,0
0.0006171797102870728,5,102,16,0,1,0,0,0,0,0,0,0,0,0,1,0,0,0,0
0.0,3,14,2,0,1,0,0,0,0,0,0,0,0,0,1,0,0,0,0
0.0006443350744324211,5,13,2,0,1,0,0,0,0,0,0,0,0,0,1,0,0,0,0
0.0,1,13,2,0,0,0,0,0,0,0,0,0,0,0,1,0,0,0,0
0.0,5,13,2,0,1,0,0,0,0,0,0,0,0,0,1,0,0,0,0
7.529441876664754e-07,5,16,3,0,1,0,0,0,0,0,0,0,0,0,1,0,0,0,0
0.0,5,13,2,0,1,0,0,0,0,0,0,0,0,0,1,0,0,0,0
0.0005776809988029298,5,16,3,0,1,0,0,0,0,0,0,0,0,0,1,0,0,0,0
1.4441716386389774e-06,1,13,2,0,0,0,0,0,0,0,0,0,0,0,1,0,0,0,0
0.000807267259304511,5,48,7,0,1,0,1,0,0,0,0,0,0,0,1,0,0,0,0
0.0009442784147651319,5,7,2,0,1,0,0,0,0,0,0,0,0,0,1,0,0,0,0
1.4441716386389774e-06,1,13,2,0,0,0,0,0,0,0,0,0,0,0,1,0,0,0,0
0.0004110458097292016,5,13,2,0,1,0,0,0,0,0,0,0,0,0,1,0,0,0,0
6.295107142785287e-07,5,13,2,0,1,0,0,0,0,0,0,0,0,0,1,0,0,0,0
0.0007714715520220063,5,11,2,0,1,0,0,0,0,0,0,0,0,0,1,0,0,0,0
8.763776610544222e-07,5,11,3,0,1,0,0,0,0,0,0,0,0,0,1,0,0,0,0
0.0005110269231734386,5,55,9,0,1,0,0,0,0,0,0,0,0,0,1,0,0,0,0
0.0007776432256914037,5,23,3,0,1,0,0,0,0,0,0,0,0,0,1,0,0,0,0
0.0,5,14,3,0,1,0,0,0,0,0,0,0,0,0,1,0,0,0,0
0.0,5,10,2,0,1,0,0,0,0,0,0,0,0,0,1,0,0,0,0
0.0004999179105685234,5,19,2,0,1,0,0,0,0,0,0,0,0,0,1,0,0,0,0
0.0006171797102870728,5,63,11,0,1,0,1,0,0,0,0,0,0,0,1,0,0,0,0
8.455192927074356e-07,5,12,3,0,1,0,0,0,0,0,0,0,0,0,1,0,0,0,0
9.195793767402036e-07,5,10,2,0,1,0,0,0,0,0,0,0,0,0,1,0,0,0,0
0.0003666097593095408,5,12,2,0,1,0,0,0,0,0,0,0,0,0,1,0,0,0,0
0.0005554629735930994,5,9,2,0,1,0,0,0,0,0,0,0,0,0,1,0,0,0,0
0.0006753168762527957,5,19,3,0,1,0,0,0,0,0,0,0,0,0,1,0,0,0,0
0.0003666097593095408,5,12,2,0,1,0,0,0,0,0,0,0,0,0,1,0,0,0,0
9.689527660953824e-07,1,13,2,0,0,0,0,0,0,0,0,0,0,0,1,0,0,0,0
0.0,5,9,2,0,1,0,0,0,0,0,0,0,0,0,1,0,0,0,0
0.0009405754105634934,5,12,2,0,1,0,0,0,0,0,0,0,0,0,1,0,0,0,0
0.0004999179105685234,5,17,3,0,1,0,0,0,0,0,0,0,0,0,1,0,0,0,0
0.0005110269231734386,5,14,2,0,1,0,0,0,0,0,0,0,0,0,1,0,0,0,0
0.0006110080366176755,3,58,8,0,0,0,0,0,0,0,0,0,0,0,1,0,0,0,0
0.0004443728475439473,5,11,2,0,1,0,0,0,0,0,0,0,0,0,1,0,0,0,0
1.2405064075488654e-06,5,54,8,0,1,0,0,0,0,0,0,0,0,0,1,0,0,0,0
0.0004443728475439473,5,13,3,0,1,0,0,0,0,0,0,0,0,0,1,0,0,0,0
0.0004999179105685234,5,-20,40,0,1,0,1,0,0,0,0,0,0,0,1,0,0,0,0
0.0005998990240127603,5,9,2,0,1,0,0,0,0,0,0,0,0,0,1,0,0,0,0
0.00035550074670462556,5,17,3,0,1,0,0,0,0,0,0,0,0,0,1,0,0,0,0
0.00047769988535869293,5,89,14,0,1,0,0,0,0,0,0,0,0,0,1,0,0,0,0
0.0008085015940383903,5,13,2,0,1,0,0,0,0,0,0,0,0,0,1,0,0,0,0
0.000839359962385377,5,126,16,0,1,0,0,0,0,0,0,0,0,0,1,0,0,0,0
7.220858193194887e-07,5,9,2,0,1,0,0,0,0,0,0,0,0,0,1,0,0,0,0
0.0006665530996422515,5,11,2,0,1,0,0,0,0,0,0,0,0,0,1,0,0,0,0
0.0007097548153280329,5,15,2,0,1,0,0,0,0,0,0,0,0,0,1,0,0,0,0
0.00042956083073739364,5,13,2,0,1,0,0,0,0,0,0,0,0,0,1,0,0,0,0
0.0004999179105685234,5,76,12,0,1,0,0,0,0,0,0,0,0,0,1,0,0,0,0
0.0004443728475439473,5,21,3,0,1,0,0,0,0,0,0,0,0,0,1,0,0,0,0
0.0007406131836750196,5,9,2,0,1,0,0,0,0,0,0,0,0,0,1,0,0,0,0
0.0007665342130864884,5,8,2,0,1,0,0,0,0,0,0,0,0,0,1,0,0,0,0
0.0007776432256914037,5,9,2,0,1,0,0,0,0,0,0,0,0,0,1,0,0,0,0
0.0007069899055241429,5,16,3,0,1,0,0,0,0,0,0,0,0,0,1,0,0,0,0
6.418540616173233e-07,5,13,2,0,1,0,0,0,0,0,0,0,0,0,1,0,0,0,0
0.0005776809988029298,1,24,3,0,0,0,0,0,0,0,0,0,0,0,1,0,0,0,0
0.0005665719861980146,5,10,2,0,1,0,0,0,0,0,0,0,0,0,1,0,0,0,0
0.000802329920368993,5,20,3,0,1,0,0,0,0,0,0,0,0,0,1,0,0,0,0
0.0010800552354918733,3,14,2,0,0,0,0,0,0,0,0,0,0,0,1,0,0,0,0
8.455192927074356e-07,5,14,2,0,1,0,0,0,0,0,0,0,0,0,1,0,0,0,0
9.380943977483956e-07,3,23,4,0,0,0,0,0,0,0,0,0,0,0,1,0,0,0,0
0.0007529565310138142,5,54,8,0,1,0,0,0,0,0,0,0,0,0,1,0,0,0,0
0.0009887144651847927,5,13,3,0,1,0,0,0,0,0,0,0,0,0,1,0,0,0,0
8.763776610544222e-07,5,11,2,0,1,0,0,0,0,0,0,0,0,0,1,0,0,0,0
0.0009887144651847927,5,13,3,0,1,0,0,0,0,0,0,0,0,0,1,0,0,0,0
0.0,5,11,2,0,1,0,0,0,0,0,0,0,0,0,1,0,0,0,0
0.0006554440870373364,5,13,2,0,1,0,0,0,0,0,0,0,0,0,1,0,0,0,0
0.0006554440870373364,5,8,2,0,1,0,0,0,0,0,0,0,0,0,1,0,0,0,0
6.91227450972502e-07,5,41,7,0,1,0,0,0,0,0,0,0,0,0,1,0,0,0,0
0.0006887711248520819,5,13,2,0,1,0,0,0,0,0,0,0,0,0,1,0,0,0,0
0.0007406131836750196,5,49,6,0,1,0,0,0,0,0,0,0,0,0,1,0,0,0,0
6.91227450972502e-07,5,39,6,0,1,0,0,0,0,0,0,0,0,0,1,0,0,0,0
0.0005110269231734386,5,14,2,0,1,0,0,0,0,0,0,0,0,0,1,0,0,0,0
0.0012281754035574095,5,52,9,0,1,0,1,0,0,0,0,0,0,0,1,0,0,0,0
0.0006295230576258675,5,18,3,0,1,0,0,0,0,0,0,0,0,0,1,0,0,0,0
7.035707983112967e-07,5,10,2,0,1,0,0,0,0,0,0,0,0,0,1,0,0,0,0
0.0005110269231734386,5,13,3,0,1,0,0,0,0,0,0,0,0,0,1,0,0,0,0
0.0005776809988029298,5,10,2,0,1,0,0,0,0,0,0,0,0,0,1,0,0,0,0
4.1350213584962175e-07,5,12,2,0,1,0,0,0,0,0,0,0,0,0,1,0,0,0,0
0.0010615402144836812,5,13,3,0,1,0,0,0,0,0,0,0,0,0,1,0,0,0,0
0.0007097548153280329,5,63,8,0,1,0,0,0,0,0,0,0,0,0,1,0,0,0,0
0.001166458666863436,5,13,3,0,1,0,0,0,0,0,0,0,0,0,1,0,0,0,0
0.0,5,12,2,0,1,0,0,0,0,0,0,0,0,0,1,0,0,0,0
0.0,5,14,2,0,1,0,0,0,0,0,0,0,0,0,1,0,0,0,0
0.0004443728475439473,5,13,3,0,1,0,0,0,0,0,0,0,0,0,1,0,0,0,0
8.455192927074356e-07,3,14,2,0,1,0,0,0,0,0,0,0,0,0,1,0,0,0,0
0.0005665719861980146,5,10,2,0,1,0,0,0,0,0,0,0,0,0,1,0,0,0,0
1.1541029761773025e-06,5,14,3,0,1,0,0,0,0,0,0,0,0,0,1,0,0,0,0
0.0005776809988029298,5,11,2,0,1,0,0,0,0,0,0,0,0,0,1,0,0,0,0
0.0008331882887159797,5,12,2,0,1,0,0,0,0,0,0,0,0,0,1,0,0,0,0
0.0004665908727537777,5,18,3,0,1,1,0,0,0,0,0,0,0,0,1,0,0,0,0
0.0006443350744324211,5,10,2,0,1,0,0,0,0,0,0,0,0,0,1,0,0,0,0
0.00046471468395828093,5,88,13,0,1,0,0,0,0,0,0,0,0,0,1,0,0,0,0
0.0007016822661684612,5,10,2,0,1,0,0,0,0,0,0,0,0,0,1,0,0,0,0
1.0923862394833291e-06,5,11,2,0,1,0,0,0,0,0,0,0,0,0,1,0,0,0,0
0.0007276526689692852,5,18,4,0,1,0,0,0,0,0,0,0,0,0,1,0,0,0,0
0.0003282260635350023,5,9,2,0,1,0,0,0,0,0,0,0,0,0,1,0,0,0,0
0.00111091360383886,5,15,2,0,1,0,0,0,0,0,0,0,0,0,1,0,0,0,0
6.171673669397339e-07,5,19,3,0,1,0,0,0,0,0,0,0,0,0,1,0,0,0,0
0.00042215482233411687,5,12,2,0,1,0,0,0,0,0,0,0,0,0,1,0,0,0,0
0.0006665530996422515,5,12,2,0,1,0,0,0,0,0,0,0,0,0,1,0,0,0,0
0.00039993679712428643,3,17,2,0,1,0,0,0,0,0,0,0,0,0,1,0,0,0,0
0.00039993679712428643,2,14,1,0,1,0,0,0,0,0,0,0,0,0,1,0,0,0,0
0.0012281754035574095,5,52,9,0,1,0,1,0,0,0,0,0,0,0,1,0,0,0,0
0.0007007441717707128,5,60,9,0,1,0,0,0,0,0,0,0,0,0,1,0,0,0,0
0.000860343652861328,4,16,3,0,1,0,0,0,0,0,0,0,0,0,1,0,0,0,0
0.0007591282046832117,1,13,1,0,1,0,0,0,0,0,0,0,0,0,1,0,0,0,0
0.0006912397943198409,4,29,5,0,1,0,0,0,0,0,0,0,0,0,1,0,0,0,0
0.0008640466570629664,3,39,7,0,1,0,0,0,0,0,0,0,0,0,1,0,0,0,0
0.0005221359357783537,3,16,2,0,1,0,0,0,0,0,0,0,0,0,1,0,0,0,0
0.0005885925178504243,2,20,4,0,0,0,1,0,0,0,0,0,0,0,1,0,0,0,0
0.000955387427370047,1,17,2,0,0,0,0,0,0,0,0,0,0,0,1,0,0,0,0
0.0006332260618275059,5,9,2,0,1,0,0,0,0,0,0,0,0,0,1,0,0,0,0
0.0004999179105685234,5,12,2,0,1,0,0,0,0,0,0,0,0,0,1,0,0,0,0
0.0006332260618275059,5,9,2,0,1,0,0,0,0,0,0,0,0,0,1,0,0,0,0
7.838025560134621e-07,5,15,3,0,1,0,0,0,0,0,0,0,0,0,1,0,0,0,0
0.0004888088979636082,5,20,4,0,1,0,0,0,0,0,0,0,0,0,1,0,0,0,0
8.763776610544222e-07,1,22,4,0,0,0,0,0,0,0,0,0,0,0,1,0,0,0,0
0.00042215482233411687,5,17,3,0,1,0,0,0,0,0,0,0,0,0,1,0,0,0,0
0.0006332260618275059,5,11,2,0,1,0,0,0,0,0,0,0,0,0,1,0,0,0,0
8.455192927074356e-07,5,12,3,0,1,0,0,0,0,0,0,0,0,0,1,0,0,0,0
0.0006332260618275059,5,9,2,0,1,0,0,0,0,0,0,0,0,0,1,0,0,0,0
0.0004888088979636082,5,20,4,0,1,0,0,0,0,0,0,0,0,0,1,0,0,0,0
0.00034439173409971037,5,12,2,0,1,0,0,0,0,0,0,0,0,0,1,0,0,0,0
0.0006332260618275059,5,9,2,0,1,0,0,0,0,0,0,0,0,0,1,0,0,0,0
1.0121544817811636e-06,5,11,2,0,1,0,0,0,0,0,0,0,0,0,1,0,0,0,0
0.0010424080261085494,5,20,3,0,1,0,0,0,0,0,0,0,0,0,1,0,0,0,0
5.060772408905818e-07,3,2,1,0,1,0,0,0,0,0,0,0,0,0,1,0,0,0,0
5.863089985927472e-07,3,2,1,0,1,0,0,0,0,0,0,0,0,0,1,0,0,0,0
8.023175770216541e-07,5,15,3,0,1,0,0,0,0,0,0,0,0,0,1,0,0,0,0
0.0,5,15,3,0,1,0,0,0,0,0,0,0,0,0,1,0,0,0,0
0.0007776432256914037,3,54,8,0,0,0,0,0,0,0,0,0,0,0,1,0,0,0,0
0.0005110269231734386,5,16,3,0,1,1,0,0,0,0,0,0,0,0,1,0,0,0,0
0.0005221359357783537,5,14,2,0,1,0,0,0,0,0,0,0,0,0,1,0,0,0,0
0.0007220981626668276,3,40,5,0,0,0,0,0,0,0,0,0,0,0,1,0,0,0,0
7.344291666582834e-07,5,13,2,0,1,0,0,0,0,0,0,0,0,0,1,0,0,0,0
0.000799861250901234,5,15,3,0,1,0,0,0,0,0,0,0,0,0,1,0,0,0,0
0.0006110080366176755,5,10,2,0,1,0,0,0,0,0,0,0,0,0,1,0,0,0,0
0.0005443539609881842,1,22,3,0,0,0,0,0,0,0,0,0,0,0,1,0,0,0,0
0.0003666097593095408,5,11,2,0,1,0,0,0,0,0,0,0,0,0,1,0,0,0,0
0.0006665530996422515,5,10,2,0,1,0,0,0,0,0,0,0,0,0,1,0,0,0,0
0.000588790011407845,5,14,3,0,1,0,0,0,0,0,0,0,0,0,1,0,0,0,0
0.0004888088979636082,3,22,3,0,0,0,0,0,0,0,0,0,0,0,1,0,0,0,0
0.0005332449483832689,5,10,2,0,1,0,0,0,0,0,0,0,0,0,1,0,0,0,0
0.0008776243391356405,5,12,3,0,1,0,0,0,0,0,0,0,0,0,1,0,0,0,0
0.000860343652861328,3,15,3,0,1,0,0,0,0,0,0,0,0,0,1,0,0,0,0
0.0010553685408142839,5,11,2,0,1,0,0,0,0,0,0,0,0,0,1,0,0,0,0
0.0,5,11,2,0,1,0,0,0,0,0,0,0,0,0,1,0,0,0,0
1.073871218475137e-06,5,11,2,0,1,0,0,0,0,0,0,0,0,0,1,0,0,0,0
0.00047769988535869293,5,13,2,0,1,0,0,0,0,0,0,0,0,0,1,0,0,0,0
0.0004554818601488625,5,12,2,0,1,0,0,0,0,0,0,0,0,0,1,0,0,0,0
9.874677871035743e-07,5,42,7,0,1,0,0,0,0,0,0,0,0,0,1,0,0,0,0
0.0007467848573444169,5,13,3,0,1,0,0,0,0,0,0,0,0,0,1,0,0,0,0
0.0004443728475439473,1,26,4,0,0,0,0,0,0,0,0,0,0,0,1,0,0,0,0
1.3947982492837987e-06,1,13,2,0,0,0,0,0,0,0,0,0,0,0,1,0,0,0,0
0.0013930825240037064,1,13,2,0,0,0,0,0,0,0,0,0,0,0,1,0,0,0,0
8.331759453686408e-07,5,44,6,0,1,0,0,0,0,0,0,0,0,0,1,0,0,0,0
8.825493347238196e-07,5,37,6,0,1,0,0,0,0,0,0,0,0,0,1,0,0,0,0
6.418540616173233e-07,5,18,3,0,1,0,0,0,0,0,0,0,0,0,1,0,0,0,0
0.0007554252004815732,5,13,2,0,1,0,0,0,0,0,0,0,0,0,1,0,0,0,0
0.0012053402109806393,3,36,4,0,0,0,0,0,0,0,0,0,0,0,1,0,0,0,0
0.0007406131836750196,3,15,2,0,1,0,0,0,0,0,0,0,0,0,1,0,0,0,0
0.0005554629735930994,5,59,8,0,1,0,0,0,0,0,0,0,0,0,1,0,0,0,0
6.850557773031047e-07,3,21,3,0,0,0,0,0,0,0,0,0,0,0,1,0,0,0,0
0.0004443728475439473,1,14,1,0,1,0,0,0,0,0,0,0,0,0,1,0,0,0,0
8.763776610544222e-07,5,14,2,0,1,0,0,0,0,0,0,0,0,0,1,0,0,0,0
0.0006776621122471667,5,10,2,0,1,0,0,0,0,0,0,0,0,0,1,0,0,0,0
0.0011726303405328333,5,10,2,0,1,0,0,0,0,0,0,0,0,0,1,0,0,0,0
9.380943977483956e-07,3,23,4,0,0,0,0,0,0,0,0,0,0,0,1,0,0,0,0
0.0004999179105685234,4,17,3,0,1,0,0,0,0,0,0,0,0,0,1,0,0,0,0
1.1849613445242893e-06,5,10,2,0,1,0,0,0,0,0,0,0,0,0,1,0,0,0,0
0.00042215482233411687,5,9,2,0,1,0,0,0,0,0,0,0,0,0,1,0,0,0,0
0.0003167580652449838,1,9,1,0,0,0,0,0,0,0,0,0,0,0,1,0,0,0,0
0.0011380689679842083,1,12,2,0,0,0,0,0,0,0,0,0,0,0,1,0,0,0,0
0.0006455076924296066,5,9,2,0,1,0,0,0,0,0,0,0,0,0,1,0,0,0,0
0.0005554629735930994,5,0,42,0,1,0,0,0,0,0,0,0,0,0,1,0,0,0,0
0.0004665908727537777,5,11,2,0,1,0,0,0,0,0,0,0,0,0,1,0,0,0,0
0.00039993679712428643,5,12,2,0,1,0,0,0,0,0,0,0,0,0,1,0,0,0,0
5.924806722621445e-07,5,13,3,0,1,0,0,0,0,0,0,0,0,0,1,0,0,0,0
0.0006171797102870728,5,47,7,0,1,0,0,0,0,0,0,0,0,0,1,0,0,0,0
7.776308823440648e-07,3,22,3,0,0,0,0,0,0,0,0,0,0,0,1,0,0,0,0
0.00039993679712428643,2,18,1,0,1,0,0,0,0,0,0,0,0,0,1,0,0,0,0
0.001147943645855244,3,18,2,0,0,0,0,0,0,0,0,0,0,0,1,0,0,0,0
5.677939775845552e-07,5,11,2,0,1,0,0,0,0,0,0,0,0,0,1,0,0,0,0
5.924806722621445e-07,1,13,2,0,0,0,0,0,0,0,0,0,0,0,1,0,0,0,0
0.0006912397943198409,5,13,2,0,1,0,0,0,0,0,0,0,0,0,1,0,0,0,0
0.0008887333517405558,4,6,2,0,1,0,0,0,0,0,0,0,0,0,1,0,0,0,0
0.0004999179105685234,3,2,1,0,1,0,0,0,0,0,0,0,0,0,1,0,0,0,0
0.0006665530996422515,5,13,2,0,1,0,0,0,0,0,0,0,0,0,1,0,0,0,0
0.0005332449483832689,5,15,3,0,1,0,0,0,0,0,0,0,0,0,1,0,0,0,0
0.0005332449483832689,5,13,3,0,1,0,0,0,0,0,0,0,0,0,1,0,0,0,0
0.0007159820340604549,1,13,2,0,0,0,0,0,0,0,0,0,0,0,1,0,0,0,0
0.0010053779840921654,2,12,2,0,0,0,1,0,0,0,0,0,0,0,1,0,0,0,0
0.0004999179105685234,5,12,2,0,1,0,0,0,0,0,0,0,0,0,1,0,0,0,0
0.0005165814294758962,5,14,2,0,1,0,0,0,0,0,0,0,0,0,1,0,0,0,0
0.0006332260618275059,5,20,3,0,1,0,0,0,0,0,0,0,0,0,1,0,0,0,0
6.603690826255153e-07,5,16,3,0,1,0,0,0,0,0,0,0,0,0,1,0,0,0,0
0.0007548080331146335,5,39,6,0,1,0,0,0,0,0,0,0,0,0,1,0,0,0,0
7.529441876664754e-07,5,12,3,0,1,0,0,0,0,0,0,0,0,0,1,0,0,0,0
0.0007109891500619123,5,9,2,0,1,0,0,0,0,0,0,0,0,0,1,0,0,0,0
0.0005110269231734386,5,10,2,0,1,0,0,0,0,0,0,0,0,0,1,0,0,0,0
0.0005221359357783537,5,61,10,0,1,0,0,0,0,0,0,0,0,0,1,0,0,0,0
5.98652345931542e-07,5,41,6,0,1,0,0,0,0,0,0,0,0,0,1,0,0,0,0
6.91227450972502e-07,5,19,3,0,1,0,0,0,0,0,0,0,0,0,1,0,0,0,0
0.000377718771914456,3,26,3,0,0,0,0,0,0,0,0,0,0,0,1,0,0,0,0
6.91227450972502e-07,5,16,2,0,1,0,0,0,0,0,0,0,0,0,1,0,0,0,0
8.887210083932169e-07,5,77,13,0,1,0,0,0,0,0,0,0,0,0,1,0,0,0,0
0.0006665530996422515,5,10,2,0,1,0,0,0,0,0,0,0,0,0,1,0,0,0,0
0.0005665719861980146,5,46,7,0,1,0,0,0,0,0,0,0,0,0,1,0,0,0,0
7.652875350052701e-07,5,12,3,0,1,0,0,0,0,0,0,0,0,0,1,0,0,0,0
0.00047769988535869293,5,16,3,0,1,0,0,0,0,0,0,0,0,0,1,0,0,0,0
1.5552617646881295e-06,5,12,3,0,1,0,0,0,0,0,0,0,0,0,1,0,0,0,0
0.00042215482233411687,5,16,3,0,1,0,0,0,0,0,0,0,0,0,1,0,0,0,0
1.524403396341143e-06,1,13,2,0,0,0,0,0,0,0,0,0,0,0,1,0,0,0,0
0.00031106469628496475,4,-125,76,0,1,0,1,0,0,0,0,0,0,0,1,0,0,0,0
8.640343137156275e-07,5,14,2,0,1,0,0,0,0,0,0,0,0,0,1,0,0,0,0
7.529441876664754e-07,5,15,2,0,1,0,0,0,0,0,0,0,0,0,1,0,0,0,0
5.060772408905818e-07,5,15,3,0,1,0,0,0,0,0,0,0,0,0,1,0,0,0,0
0.0014441839819863164,3,37,4,0,0,0,0,0,0,0,0,0,0,0,1,0,0,0,0
1.709553606423063e-06,5,12,3,0,1,0,0,0,0,0,0,0,0,0,1,0,0,0,0
0.0005749716340620644,5,15,3,0,1,0,0,0,0,0,0,0,0,0,1,0,0,0,0
0.0004970789406806006,5,15,3,0,1,0,0,0,0,0,0,0,0,0,1,0,0,0,0
0.000999823477789708,3,84,11,0,0,0,0,0,0,0,0,0,0,0,1,0,0,0,0
5.492789565763632e-07,1,14,3,0,0,0,0,0,0,0,0,0,0,0,1,0,0,0,0
0.0005863213419400861,5,13,2,0,1,0,0,0,0,0,0,0,0,0,1,0,0,0,0
9.689527660953824e-07,5,11,2,0,1,0,0,0,0,0,0,0,0,0,1,0,0,0,0
0.0009257633937569398,5,21,3,0,1,0,0,0,0,0,0,0,0,0,1,0,0,0,0
0.0008949050254099531,5,13,2,0,1,0,0,0,0,0,0,0,0,0,1,0,0,0,0
1.1047295868221238e-06,5,10,2,0,1,0,0,0,0,0,0,0,0,0,1,0,0,0,0
0.0005332449483832689,5,13,3,0,1,0,0,0,0,0,0,0,0,0,1,0,0,0,0
0.0005665719861980146,5,15,3,0,1,0,0,0,0,0,0,0,0,0,1,0,0,0,0
0.0012966809812877198,3,64,9,0,0,0,0,0,0,0,0,0,0,0,1,0,0,0,0
0.0007159264889974302,5,15,3,0,1,0,0,0,0,0,0,0,0,0,1,0,0,0,0
0.0005443539609881842,5,10,2,0,1,0,0,0,0,0,0,0,0,0,1,0,0,0,0
0.0,5,15,3,0,1,0,0,0,0,0,0,0,0,0,1,0,0,0,0
0.0008776243391356405,5,11,2,0,1,0,0,0,0,0,0,0,0,0,1,0,0,0,0
0.0014997290450108924,5,37,6,0,1,0,0,0,0,0,0,0,0,0,1,0,0,0,0
0.0004591848643505009,5,16,2,0,1,0,0,0,0,0,0,0,0,0,1,0,0,0,0
0.0007406131836750196,5,36,7,0,1,0,0,0,0,0,0,0,0,0,1,0,0,0,0
0.000802329920368993,1,7,1,0,0,0,0,0,0,0,0,0,0,0,1,0,0,0,0
0.0005776809988029298,5,16,2,0,1,0,0,0,0,0,0,0,0,0,1,0,0,0,0
6.048240196009393e-07,5,14,2,0,1,0,0,0,0,0,0,0,0,0,1,0,0,0,0
0.0008763900044017611,5,41,6,0,1,0,0,0,0,0,0,0,0,0,1,0,0,0,0
0.0,1,13,2,0,0,0,0,0,0,0,0,0,0,0,1,0,0,0,0
6.973991246418993e-07,5,14,3,0,1,0,0,0,0,0,0,0,0,0,1,0,0,0,0
0.0006409900273036078,5,12,2,0,1,0,0,0,0,0,0,0,0,0,1,0,0,0,0
0.0007332071752717428,5,49,7,0,1,0,1,0,0,0,0,0,0,0,1,0,0,0,0
0.0,5,11,2,0,1,0,0,0,0,0,0,0,0,0,1,0,0,0,0
1.709553606423063e-06,5,12,3,0,1,0,0,0,0,0,0,0,0,0,1,0,0,0,0
0.0005454895489433533,5,39,6,0,1,0,0,0,0,0,0,0,0,0,1,0,0,0,0
0.0005443539609881842,5,14,2,0,1,0,0,0,0,0,0,0,0,0,1,0,0,0,0
0.0,1,22,4,0,0,0,0,0,0,0,0,0,0,0,1,0,0,0,0
0.0,1,22,4,0,0,0,0,0,0,0,0,0,0,0,1,0,0,0,0
0.0024686818111062745,1,22,4,0,0,0,0,0,0,0,0,0,0,0,1,0,0,0,0
0.003804231993163859,1,22,4,0,0,0,0,0,0,0,0,0,0,0,1,0,0,0,0
0.002715548757882168,1,22,4,0,0,0,0,0,0,0,0,0,0,0,1,0,0,0,0
0.0004443728475439473,5,13,3,0,1,0,0,0,0,0,0,0,0,0,1,0,0,0,0
0.0003332827214947952,5,12,2,0,1,0,0,0,0,0,0,0,0,0,1,0,0,0,0
0.0010245101724672971,5,10,2,0,1,0,0,0,0,0,0,0,0,0,1,0,0,0,0
0.0006665530996422515,5,41,7,0,1,0,1,0,0,0,0,0,0,0,1,0,0,0,0
0.0004443728475439473,5,12,2,0,1,0,0,0,0,0,0,0,0,0,1,0,0,0,0
0.000377718771914456,5,9,2,0,1,0,0,0,0,0,0,0,0,0,1,0,0,0,0
0.0005924930156094835,5,18,3,0,1,0,1,0,0,0,0,0,0,0,1,0,0,0,0
0.00038882778451937124,5,46,7,0,1,0,0,0,0,0,0,0,0,0,1,0,0,0,0
0.0005221359357783537,5,12,2,0,1,0,0,0,0,0,0,0,0,0,1,0,0,0,0
0.0004888088979636082,5,14,2,0,1,0,0,0,0,0,0,0,0,0,1,0,0,0,0
0.0005221359357783537,5,10,2,0,1,0,0,0,0,0,0,0,0,0,1,0,0,0,0
0.0004443728475439473,5,10,2,0,1,0,0,0,0,0,0,0,0,0,1,0,0,0,0
0.0003332827214947952,5,13,2,0,1,0,0,0,0,0,0,0,0,0,1,0,0,0,0
7.652875350052701e-07,5,79,13,0,1,0,0,0,0,0,0,0,0,0,1,0,0,0,0
0.0006998801374569971,5,12,2,0,1,0,0,0,0,0,0,0,0,0,1,0,0,0,0
5.677939775845552e-07,5,13,3,0,1,0,0,0,0,0,0,0,0,0,1,0,0,0,0
3.579570728250457e-07,5,11,2,0,1,0,0,0,0,0,0,0,0,0,1,0,0,0,0
1.1541029761773025e-06,5,12,2,0,1,0,0,0,0,0,0,0,0,0,1,0,0,0,0
6.91227450972502e-07,5,12,2,0,1,0,0,0,0,0,0,0,0,0,1,0,0,0,0
0.0007097548153280329,3,68,9,0,0,0,0,0,0,0,0,0,0,0,1,0,0,0,0
0.0006665530996422515,5,13,2,0,1,0,0,0,0,0,0,0,0,0,1,0,0,0,0
0.0005776809988029298,5,19,3,0,1,0,0,0,0,0,0,0,0,0,1,0,0,0,0
0.0004443728475439473,5,13,2,0,1,0,0,0,0,0,0,0,0,0,1,0,0,0,0
0.0004665908727537777,5,9,2,0,1,0,0,0,0,0,0,0,0,0,1,0,0,0,0
6.788841036337073e-07,5,13,2,0,1,0,0,0,0,0,0,0,0,0,1,0,0,0,0
8.455192927074356e-07,5,13,2,0,1,0,0,0,0,0,0,0,0,0,1,0,0,0,0
0.0005585488104277981,5,12,2,0,1,0,0,0,0,0,0,0,0,0,1,0,0,0,0
0.0007784331999210864,5,12,3,0,1,0,0,0,0,0,0,0,0,0,1,0,0,0,0
0.0005332449483832689,5,14,3,0,1,1,0,0,0,0,0,0,0,0,1,0,0,0,0
0.00042215482233411687,5,-21,37,0,1,0,0,0,0,0,0,0,0,0,1,0,0,0,0
8.763776610544222e-07,5,12,3,0,1,0,0,0,0,0,0,0,0,0,1,0,0,0,0
0.0004665908727537777,5,10,2,0,1,0,0,0,0,0,0,0,0,0,1,0,0,0,0
0.00046214726771181164,5,11,2,0,1,0,0,0,0,0,0,0,0,0,1,0,0,0,0
1.524403396341143e-06,1,13,2,0,0,0,0,0,0,0,0,0,0,0,1,0,0,0,0
8.455192927074356e-07,1,13,2,0,0,0,0,0,0,0,0,0,0,0,1,0,0,0,0
0.0007220981626668276,3,23,4,0,0,0,0,0,0,0,0,0,0,0,1,0,0,0,0
7.529441876664754e-07,5,46,8,0,1,0,0,0,0,0,0,0,0,0,1,0,0,0,0
1.3392531862592226e-06,3,23,4,0,0,0,0,0,0,0,0,0,0,0,1,0,0,0,0
0.0005332449483832689,5,10,2,0,1,0,0,0,0,0,0,0,0,0,1,0,0,0,0
4.883645374594115e-05,5,11,2,0,1,0,0,0,0,0,0,0,0,0,1,0,0,0,0
0.0005554629735930994,5,9,2,0,1,0,0,0,0,0,0,0,0,0,1,0,0,0,0
0.0010183384987978998,3,33,5,0,0,0,0,0,0,0,0,0,0,0,1,0,0,0,0
0.0008720698328331829,5,13,2,0,1,0,0,0,0,0,0,0,0,0,1,0,0,0,0
0.0004443728475439473,5,21,3,0,1,0,0,0,0,0,0,0,0,0,1,0,0,0,0
0.0010442595282093687,5,17,3,0,1,0,0,0,0,0,0,0,0,0,1,0,0,0,0
9.442660714177929e-07,5,15,2,0,1,0,0,0,0,0,0,0,0,0,1,0,0,0,0
0.0007068788153980937,5,19,3,0,1,0,0,0,0,0,0,0,0,0,1,0,0,0,0
0.0,5,14,2,0,1,0,0,0,0,0,0,0,0,0,1,0,0,0,0
4.6904719887419786e-07,5,11,2,0,1,0,0,0,0,0,0,0,0,0,1,0,0,0,0
0.0004999179105685234,5,11,2,0,1,0,0,0,0,0,0,0,0,0,1,0,0,0,0
8.455192927074356e-07,5,10,2,0,1,0,0,0,0,0,0,0,0,0,1,0,0,0,0
0.0011331316290486904,5,11,2,0,1,0,0,0,0,0,0,0,0,0,1,0,0,0,0
0.0006110080366176755,5,16,2,0,1,0,0,0,0,0,0,0,0,0,1,0,0,0,0
0.0,5,21,3,0,1,0,0,0,0,0,0,0,0,0,1,0,0,0,0
1.1541029761773025e-06,5,14,3,0,1,0,0,0,0,0,0,0,0,0,1,0,0,0,0
0.0005332449483832689,5,12,2,0,1,0,0,0,0,0,0,0,0,0,1,0,0,0,0
8.208325980298462e-07,5,10,2,0,1,0,0,0,0,0,0,0,0,0,1,0,0,0,0
7.035707983112967e-07,5,18,4,0,1,0,0,0,0,0,0,0,0,0,1,0,0,0,0
8.702059873850248e-07,5,12,2,0,1,0,0,0,0,0,0,0,0,0,1,0,0,0,0
0.0005110269231734386,5,8,2,0,1,0,0,0,0,0,0,0,0,0,1,0,0,0,0
0.0007554252004815732,5,17,3,0,1,0,0,0,0,0,0,0,0,0,1,0,0,0,0
0.0005110269231734386,5,8,2,0,1,0,0,0,0,0,0,0,0,0,1,0,0,0,0
0.0007554252004815732,5,13,3,0,1,0,0,0,0,0,0,0,0,0,1,0,0,0,0
0.0005110269231734386,5,11,2,0,1,0,0,0,0,0,0,0,0,0,1,0,0,0,0
0.0005110269231734386,5,11,2,0,1,0,0,0,0,0,0,0,0,0,1,0,0,0,0
0.0004888088979636082,5,11,2,0,1,0,0,0,0,0,0,0,0,0,1,0,0,0,0
0.00035550074670462556,5,10,2,0,1,0,0,0,0,0,0,0,0,0,1,0,0,0,0
1.0491845237975477e-06,5,14,2,0,1,0,0,0,0,0,0,0,0,0,1,0,0,0,0
1.0306695027893558e-06,5,72,12,0,1,0,0,0,0,0,0,0,0,0,1,0,0,0,0
0.0011997857046781818,4,20,3,0,1,0,0,0,0,0,0,0,0,0,1,0,0,0,0
0.0013330938559371643,3,27,4,0,0,1,0,0,0,0,0,0,0,0,1,0,0,0,0
6.233390406091312e-07,5,16,3,0,1,0,0,0,0,0,0,0,0,0,1,0,0,0,0
0.00047769988535869293,5,8,2,0,1,0,0,0,0,0,0,0,0,0,1,0,0,0,0
0.0005110269231734386,2,13,1,0,1,0,0,0,0,0,0,0,0,0,1,0,0,0,0
0.0006776621122471667,5,12,2,0,1,0,0,0,0,0,0,0,0,0,1,0,0,0,0
0.0004665908727537777,5,10,2,0,1,0,0,0,0,0,0,0,0,0,1,0,0,0,0
0.0005998990240127603,4,15,3,0,1,0,0,0,0,0,0,0,0,0,1,0,0,0,0
8.208325980298462e-07,5,10,2,0,1,0,0,0,0,0,0,0,0,0,1,0,0,0,0
0.0010121668251285025,1,51,7,0,0,0,0,0,0,0,0,0,0,0,1,0,0,0,0
1.3392531862592226e-06,5,12,3,0,1,0,0,0,0,0,0,0,0,0,1,0,0,0,0
0.0007776432256914037,5,48,6,0,1,0,0,0,0,0,0,0,0,0,1,0,0,0,0
0.00076283120888485,5,12,3,0,1,0,0,0,0,0,0,0,0,0,1,0,0,0,0
8.702059873850248e-07,5,11,2,0,1,0,0,0,0,0,0,0,0,0,1,0,0,0,0
7.406008403276808e-07,5,12,3,0,1,0,0,0,0,0,0,0,0,0,1,0,0,0,0
0.0005332449483832689,5,11,2,0,1,0,0,0,0,0,0,0,0,0,1,0,0,0,0
0.0004665908727537777,5,11,2,0,1,0,0,0,0,0,0,0,0,0,1,0,0,0,0
7.961459033522568e-07,5,14,2,0,1,0,0,0,0,0,0,0,0,0,1,0,0,0,0
0.0008331882887159797,5,11,2,0,1,0,0,0,0,0,0,0,0,0,1,0,0,0,0
6.480257352867206e-07,5,38,6,0,1,0,0,0,0,0,0,0,0,0,1,0,0,0,0
0.0004628878685521393,5,13,3,0,1,0,0,0,0,0,0,0,0,0,1,0,0,0,0
0.0006887711248520819,5,17,3,0,1,0,0,0,0,0,0,0,0,0,1,0,0,0,0
0.0007776432256914037,5,11,2,0,1,0,0,0,0,0,0,0,0,0,1,0,0,0,0
6.54197408956118e-07,5,11,2,0,1,0,0,0,0,0,0,0,0,0,1,0,0,0,0
0.0002555196332603887,5,13,2,0,1,0,0,0,0,0,0,0,0,0,1,0,0,0,0
0.0006788964469810462,4,16,3,0,1,0,0,0,0,0,0,0,0,0,1,0,0,0,0
0.0009566217621039265,1,13,3,0,0,0,0,0,0,0,0,0,0,0,1,0,0,0,0
1.197304691863084e-06,5,13,2,0,1,0,0,0,0,0,0,0,0,0,1,0,0,0,0
0.00042215482233411687,5,13,3,0,1,0,0,0,0,0,0,0,0,0,1,0,0,0,0
0.0003666097593095408,5,9,2,0,1,0,0,0,0,0,0,0,0,0,1,0,0,0,0
0.003588223414734952,5,11,2,0,1,0,0,0,0,0,0,0,0,0,1,0,0,0,0
0.0,5,17,3,0,1,0,0,0,0,0,0,0,0,0,1,0,0,0,0
0.0006665530996422515,5,15,3,0,1,0,0,0,0,0,0,0,0,0,1,0,0,0,0
0.0008640466570629664,5,46,9,0,1,0,0,0,0,0,0,0,0,0,1,0,0,0,0
0.00047769988535869293,4,19,3,0,1,0,0,0,0,0,0,0,0,0,1,0,0,0,0
0.0005110269231734386,5,10,2,0,1,0,0,0,0,0,0,0,0,0,1,0,0,0,0
0.00042215482233411687,5,15,3,0,1,0,0,0,0,0,0,0,0,0,1,0,0,0,0
0.0,5,12,2,0,1,0,0,0,0,0,0,0,0,0,1,0,0,0,0
0.0005721264925004722,1,18,3,0,0,0,0,0,0,0,0,0,0,0,1,0,0,0,0
0.0005665719861980146,5,22,4,0,1,0,0,0,0,0,0,0,0,0,1,0,0,0,0
0.0006332260618275059,5,9,2,0,1,0,0,0,0,0,0,0,0,0,1,0,0,0,0
8.948926820626142e-07,5,14,2,0,1,0,0,0,0,0,0,0,0,0,1,0,0,0,0
3.08583683469867e-07,5,34,6,0,1,0,0,0,0,0,0,0,0,0,1,0,0,0,0
0.0006221170492225907,5,11,2,0,1,0,0,0,0,0,0,0,0,0,1,0,0,0,0
0.0004443728475439473,5,15,3,0,1,0,0,0,0,0,0,0,0,0,1,0,0,0,0
5.677939775845552e-07,5,10,2,0,1,0,0,0,0,0,0,0,0,0,1,0,0,0,0
8.825493347238196e-07,3,2,1,0,1,0,0,0,0,0,0,0,0,0,1,0,0,0,0
0.0,5,15,3,0,1,0,0,0,0,0,0,0,0,0,1,0,0,0,0
0.0004443728475439473,3,31,4,0,0,0,0,0,0,0,0,0,0,0,1,0,0,0,0
0.0010998045912339448,5,9,2,0,1,0,0,0,0,0,0,0,0,0,1,0,0,0,0
0.0004999179105685234,5,14,2,0,1,0,0,0,0,0,0,0,0,0,1,0,0,0,0
9.380943977483956e-07,5,17,3,0,1,0,0,0,0,0,0,0,0,0,1,0,0,0,0
0.0006998801374569971,5,12,2,0,1,0,0,0,0,0,0,0,0,0,1,0,0,0,0
0.00047769988535869293,5,10,2,0,1,0,0,0,0,0,0,0,0,0,1,0,0,0,0
0.0005221359357783537,5,9,2,0,1,0,0,0,0,0,0,0,0,0,1,0,0,0,0
0.000475231215890934,3,66,8,0,1,0,0,0,0,0,0,0,0,0,1,0,0,0,0
0.0010627745492175608,5,17,4,0,1,0,0,0,0,0,0,0,0,0,1,0,0,0,0
0.0005443539609881842,5,20,4,0,1,0,0,0,0,0,0,0,0,0,1,0,0,0,0
0.0005443539609881842,5,14,3,0,1,0,0,0,0,0,0,0,0,0,1,0,0,0,0
0.0006171797102870728,5,10,2,0,1,0,0,0,0,0,0,0,0,0,1,0,0,0,0
0.0005554629735930994,5,11,2,0,1,0,0,0,0,0,0,0,0,0,1,0,0,0,0
0.00023528271529843478,4,18,4,0,1,0,0,0,0,0,0,0,0,0,1,0,0,0,0
0.0005776809988029298,5,13,2,0,1,0,0,0,0,0,0,0,0,0,1,0,0,0,0
0.0007332071752717428,5,10,2,0,1,0,0,0,0,0,0,0,0,0,1,0,0,0,0
6.35682387947926e-07,5,10,2,0,1,0,0,0,0,0,0,0,0,0,1,0,0,0,0
0.0004999179105685234,4,29,5,0,1,0,0,0,0,0,0,0,0,0,1,0,0,0,0
0.0004888088979636082,5,13,2,0,1,0,0,0,0,0,0,0,0,0,1,0,0,0,0
0.0005554629735930994,5,44,6,0,1,0,0,0,0,0,0,0,0,0,1,0,0,0,0
0.0008054157572036916,3,54,11,0,1,0,0,0,0,0,0,0,0,0,1,0,0,0,0
0.0003085960268172058,1,14,2,0,0,0,0,0,0,0,0,0,0,0,1,0,0,0,0
0.0,5,12,3,0,1,0,0,0,0,0,0,0,0,0,1,0,0,0,0
0.0008054157572036916,3,85,18,0,1,0,0,0,0,0,0,0,0,0,1,0,0,0,0
9.380943977483956e-07,5,13,3,0,1,0,0,0,0,0,0,0,0,0,1,0,0,0,0
0.0003085960268172058,1,14,2,0,0,0,0,0,0,0,0,0,0,0,1,0,0,0,0
0.0005998990240127603,5,20,3,0,1,0,0,0,0,0,0,0,0,0,1,0,0,0,0
0.0008054157572036916,3,10,3,0,1,0,0,0,0,0,0,0,0,0,1,0,0,0,0
0.00047769988535869293,5,16,2,0,1,0,0,0,0,0,0,0,0,0,1,0,0,0,0
0.0004888088979636082,1,11,1,0,0,0,0,0,0,0,0,0,0,0,1,0,0,0,0
0.0007887522382963189,5,11,2,0,1,0,0,0,0,0,0,0,0,0,1,0,0,0,0
0.0006332260618275059,5,16,3,0,1,0,0,0,0,0,0,0,0,0,1,0,0,0,0
0.0006332260618275059,5,9,2,0,1,0,0,0,0,0,0,0,0,0,1,0,0,0,0
0.0006332260618275059,5,9,2,0,1,0,0,0,0,0,0,0,0,0,1,0,0,0,0
0.000744316187876658,1,13,2,0,0,0,0,0,0,0,0,0,0,0,1,0,0,0,0
0.0004999179105685234,5,9,2,0,1,0,0,0,0,0,0,0,0,0,1,0,0,0,0
0.0005776809988029298,5,13,2,0,1,0,0,0,0,0,0,0,0,0,1,0,0,0,0
0.000588790011407845,5,14,3,0,1,0,0,0,0,0,0,0,0,0,1,0,0,0,0
0.0005776809988029298,5,10,2,0,1,0,0,0,0,0,0,0,0,0,1,0,0,0,0
0.0012053402109806393,1,7,2,0,1,0,0,0,0,0,0,0,0,0,1,0,0,0,0
0.0005332449483832689,5,12,2,0,1,0,0,0,0,0,0,0,0,0,1,0,0,0,0
0.00039993679712428643,5,11,2,0,1,0,0,0,0,0,0,0,0,0,1,0,0,0,0
0.00047769988535869293,5,16,2,0,1,0,0,0,0,0,0,0,0,0,1,0,0,0,0
0.0004888088979636082,1,11,1,0,0,0,0,0,0,0,0,0,0,0,1,0,0,0,0
0.0004888088979636082,5,12,2,0,1,0,0,0,0,0,0,0,0,0,1,0,0,0,0
0.0005554629735930994,5,49,7,0,1,0,0,0,0,0,0,0,0,0,1,0,0,0,0
9.319227240789983e-07,5,15,3,0,1,0,0,0,0,0,0,0,0,0,1,0,0,0,0
0.0008640466570629664,5,15,3,0,1,0,0,0,0,0,0,0,0,0,1,0,0,0,0
0.000744316187876658,5,12,2,0,1,0,0,0,0,0,0,0,0,0,1,0,0,0,0
0.0004888088979636082,5,102,16,0,1,0,0,0,0,0,0,0,0,0,1,0,0,0,0
0.0009053968706479286,5,12,2,0,1,0,0,0,0,0,0,0,0,0,1,0,0,0,0
0.0009053968706479286,5,12,2,0,1,0,0,0,0,0,0,0,0,0,1,0,0,0,0
0.0010121668251285025,5,17,3,0,1,0,0,0,0,0,0,0,0,0,1,0,0,0,0
0.0006887711248520819,5,12,2,0,1,0,0,0,0,0,0,0,0,0,1,0,0,0,0
0.0006110080366176755,5,11,2,0,1,0,0,0,0,0,0,0,0,0,1,0,0,0,0
0.0005110269231734386,5,13,2,0,1,0,0,0,0,0,0,0,0,0,1,0,0,0,0
1.2219913865406732e-06,5,38,6,0,1,0,0,0,0,0,0,0,0,0,1,0,0,0,0
7.838025560134621e-07,5,12,2,0,1,0,0,0,0,0,0,0,0,0,1,0,0,0,0
0.0007554252004815732,4,110,13,0,1,0,1,0,0,0,0,0,0,0,1,0,0,0,0
0.0004443728475439473,5,12,3,0,1,0,0,0,0,0,0,0,0,0,1,0,0,0,0
0.0006110080366176755,1,13,2,0,0,0,0,0,0,0,0,0,0,0,1,0,0,0,0
8.702059873850248e-07,3,32,4,0,0,0,0,0,0,0,0,0,0,0,1,0,0,0,0
0.0004443728475439473,5,11,2,0,1,0,0,0,0,0,0,0,0,0,1,0,0,0,0
9.072360294014089e-07,5,11,2,0,1,0,0,0,0,0,0,0,0,0,1,0,0,0,0
1.3701115546062094e-06,1,14,3,0,0,0,0,0,0,0,0,0,0,0,1,0,0,0,0
0.0,5,9,2,0,1,0,0,0,0,0,0,0,0,0,1,0,0,0,0
8.455192927074356e-07,5,10,2,0,1,0,0,0,0,0,0,0,0,0,1,0,0,0,0
1.0430128501281504e-06,5,12,3,0,1,0,0,0,0,0,0,0,0,0,1,0,0,0,0
0.0005110269231734386,5,11,2,0,1,0,0,0,0,0,0,0,0,0,1,0,0,0,0
0.0003153725245062041,5,10,2,0,1,0,0,0,0,0,0,0,0,0,1,0,0,0,0
7.344291666582834e-07,5,40,7,0,1,0,0,0,0,0,0,0,0,0,1,0,0,0,0
0.0005110269231734386,5,36,6,0,1,0,0,0,0,0,0,0,0,0,1,0,0,0,0
0.0010633917165845004,5,35,6,0,1,0,0,0,0,0,0,0,0,0,1,0,0,0,0
0.0004443728475439473,5,12,2,0,1,0,0,0,0,0,0,0,0,0,1,0,0,0,0
0.0004443728475439473,5,13,3,0,1,0,0,0,0,0,0,0,0,0,1,0,0,0,0
0.0004665908727537777,5,10,2,0,1,0,0,0,0,0,0,0,0,0,1,0,0,0,0
6.7271242996431e-07,5,12,3,0,1,0,0,0,0,0,0,0,0,0,1,0,0,0,0
0.000744316187876658,5,13,2,0,1,0,0,0,0,0,0,0,0,0,1,0,0,0,0
0.0006221170492225907,5,12,2,0,1,0,0,0,0,0,0,0,0,0,1,0,0,0,0
0.0006788964469810462,5,15,3,0,1,0,0,0,0,0,0,0,0,0,1,0,0,0,0
0.00042215482233411687,5,13,3,0,1,0,0,0,0,0,0,0,0,0,1,0,0,0,0
0.000377718771914456,5,11,2,0,1,0,0,0,0,0,0,0,0,0,1,0,0,0,0
0.00043326383493903206,5,17,3,0,1,0,0,0,0,0,0,0,0,0,1,0,0,0,0
0.0005332449483832689,5,12,2,0,1,0,0,0,0,0,0,0,0,0,1,0,0,0,0
9.99811134442369e-07,5,18,3,0,1,0,0,0,0,0,0,0,0,0,1,0,0,0,0
0.0006221170492225907,5,13,2,0,1,0,0,0,0,0,0,0,0,0,1,0,0,0,0
0.37079663507020727,5,14,2,0,1,0,0,0,0,0,0,0,0,0,1,0,0,0,0
0.0006480380786340595,5,9,2,0,1,0,0,0,0,0,0,0,0,0,1,0,0,0,0
0.0007109891500619123,4,26,4,0,1,0,1,0,0,0,0,0,0,0,1,0,0,0,0
0.0007406131836750196,4,40,7,0,0,0,1,0,0,0,0,0,0,0,1,0,0,0,0
0.0004888088979636082,5,10,2,0,1,0,0,0,0,0,0,0,0,0,1,0,0,0,0
1.2034763655324813e-06,5,11,2,0,1,0,0,0,0,0,0,0,0,0,1,0,0,0,0
0.0016169908447294418,3,33,4,0,0,0,0,0,0,0,0,0,0,0,1,0,0,0,0
9.25751050409601e-07,5,14,3,0,1,0,0,0,0,0,0,0,0,0,1,0,0,0,0
0.0006332260618275059,5,16,3,0,1,0,0,0,0,0,0,0,0,0,1,0,0,0,0
0.00044282375745292857,1,13,2,0,0,0,0,0,0,0,0,0,0,0,1,0,0,0,0
0.0011849736878716281,1,13,1,0,1,0,0,0,0,0,0,0,0,0,1,0,0,0,0
7.591158613358727e-07,5,10,2,0,1,0,0,0,0,0,0,0,0,0,1,0,0,0,0
0.0004970789406806006,5,19,3,0,1,0,0,0,0,0,0,0,0,0,1,0,0,0,0
5.060772408905818e-07,5,19,3,0,1,0,0,0,0,0,0,0,0,0,1,0,0,0,0
0.0004554818601488625,5,15,2,0,1,0,0,0,0,0,0,0,0,0,1,0,0,0,0
0.00047769988535869293,5,10,2,0,1,0,0,0,0,0,0,0,0,0,1,0,0,0,0
7.220858193194887e-07,5,10,2,0,1,0,0,0,0,0,0,0,0,0,1,0,0,0,0
0.0004554818601488625,5,12,2,0,1,0,0,0,0,0,0,0,0,0,1,0,0,0,0
7.529441876664754e-07,5,11,2,0,1,0,0,0,0,0,0,0,0,0,1,0,0,0,0
0.0007258011668684659,5,22,4,0,1,0,1,0,0,0,0,0,0,0,1,0,0,0,0
0.0004443728475439473,1,13,2,0,0,0,0,0,0,0,0,0,0,0,1,0,0,0,0
0.0008516354213138084,3,25,3,0,0,0,0,0,0,0,0,0,0,0,1,0,0,0,0
8.763776610544222e-07,5,10,2,0,1,0,0,0,0,0,0,0,0,0,1,0,0,0,0
0.0,5,12,2,0,1,0,0,0,0,0,0,0,0,0,1,0,0,0,0
6.171673669397339e-07,5,12,2,0,1,0,0,0,0,0,0,0,0,0,1,0,0,0,0
0.0006332260618275059,5,9,2,0,1,0,0,0,0,0,0,0,0,0,1,0,0,0,0
0.0005554629735930994,5,14,3,0,1,0,0,0,0,0,0,0,0,0,1,0,0,0,0
0.0006221170492225907,1,18,2,0,0,0,0,0,0,0,0,0,0,0,1,0,0,0,0
0.00039993679712428643,5,8,2,0,1,0,0,0,0,0,0,0,0,0,1,0,0,0,0
0.0004443728475439473,5,45,8,0,1,0,0,0,0,0,0,0,0,0,1,0,0,0,0
3.7042385363722834e-05,1,22,4,0,0,0,0,0,0,0,0,0,0,0,1,0,0,0,0
0.0004888088979636082,5,11,2,0,1,0,0,0,0,0,0,0,0,0,1,0,0,0,0
0.0005657449819263154,1,20,2,0,0,0,0,0,0,0,0,0,0,0,1,0,0,0,0
0.001010932490394623,5,14,3,0,1,0,0,0,0,0,0,0,0,0,1,0,0,0,0
9.010643557320116e-07,5,12,3,0,1,0,0,0,0,0,0,0,0,0,1,0,0,0,0
0.0006788964469810462,3,24,3,0,0,0,0,0,0,0,0,0,0,0,1,0,0,0,0
6.91227450972502e-07,5,-100,25,0,1,0,0,0,0,0,0,0,0,0,1,0,0,0,0
0.0017342526444479912,1,13,2,0,0,0,0,0,0,0,0,0,0,0,1,0,0,0,0
0.0011053590975364023,5,50,6,0,1,0,0,0,0,0,0,0,0,0,1,0,0,0,0
6.788841036337073e-07,5,10,2,0,1,0,0,0,0,0,0,0,0,0,1,0,0,0,0
9.25751050409601e-07,5,13,2,0,1,0,0,0,0,0,0,0,0,0,1,0,0,0,0
0.00047769988535869293,5,10,2,0,1,0,0,0,0,0,0,0,0,0,1,0,0,0,0
0.0006221170492225907,5,14,2,0,1,0,0,0,0,0,0,0,0,0,1,0,0,0,0
0.0,5,10,2,0,1,0,0,0,0,0,0,0,0,0,1,0,0,0,0
1.018326155450561e-06,5,56,10,0,1,0,0,0,0,0,0,0,0,0,1,0,0,0,0
6.295107142785287e-07,5,10,2,0,1,0,0,0,0,0,0,0,0,0,1,0,0,0,0
0.0007546784279675761,5,32,6,0,1,0,0,0,0,0,0,0,0,0,1,0,0,0,0
0.0005554629735930994,4,14,3,0,1,0,0,0,0,0,0,0,0,0,1,0,0,0,0
0.0004888088979636082,5,14,3,0,1,0,0,0,0,0,0,0,0,0,1,0,0,0,0
7.838025560134621e-07,5,11,2,0,1,0,0,0,0,0,0,0,0,0,1,0,0,0,0
8.702059873850248e-07,5,12,3,0,1,0,0,0,0,0,0,0,0,0,1,0,0,0,0
0.0002888466710751343,5,13,3,0,1,0,0,0,0,0,0,0,0,0,1,0,0,0,0
0.0007714715520220063,3,84,9,0,1,0,0,0,0,0,0,0,0,0,1,0,0,0,0
0.001010932490394623,5,78,11,0,1,0,0,0,0,0,0,0,0,0,1,0,0,0,0
0.0002888466710751343,5,12,2,0,1,0,0,0,0,0,0,0,0,0,1,0,0,0,0
0.0005306219870737751,3,30,5,0,0,0,0,0,0,0,0,0,0,0,1,0,0,0,0
6.54197408956118e-07,5,10,2,0,1,0,0,0,0,0,0,0,0,0,1,0,0,0,0
0.0004554818601488625,5,43,6,0,1,0,0,0,0,0,0,0,0,0,1,0,0,0,0
0.000955387427370047,5,13,3,0,1,0,0,0,0,0,0,0,0,0,1,0,0,0,0
0.0009158887158859041,5,13,2,0,1,0,0,0,0,0,0,0,0,0,1,0,0,0,0
0.0006110080366176755,5,12,2,0,1,0,0,0,0,0,0,0,0,0,1,0,0,0,0
0.0004888088979636082,4,18,4,0,1,0,0,0,0,0,0,0,0,0,1,0,0,0,0
0.0007714715520220063,5,11,2,0,1,0,0,0,0,0,0,0,0,0,1,0,0,0,0
0.00022219259544564303,3,30,4,0,0,0,0,0,0,0,0,0,0,0,1,0,0,0,0
0.0006739591080455284,5,15,3,0,1,0,0,0,0,0,0,0,0,0,1,0,0,0,0
0.0007714715520220063,4,32,6,0,1,0,0,0,0,0,0,0,0,0,1,0,0,0,0
0.0,1,13,2,0,0,0,0,0,0,0,0,0,0,0,1,0,0,0,0
7.838025560134621e-07,5,88,13,0,1,0,0,0,0,0,0,0,0,0,1,0,0,0,0
0.000839359962385377,5,11,2,0,1,0,0,0,0,0,0,0,0,0,1,0,0,0,0
9.689527660953824e-07,5,46,8,0,1,0,0,0,0,0,0,0,0,0,1,0,0,0,0
7.776308823440648e-07,5,11,2,0,1,0,0,0,0,0,0,0,0,0,1,0,0,0,0
6.603690826255153e-07,5,12,2,0,1,0,0,0,0,0,0,0,0,0,1,0,0,0,0
0.00043326383493903206,5,13,3,0,1,0,0,0,0,0,0,0,0,0,1,0,0,0,0
0.00042215482233411687,5,9,2,0,1,0,0,0,0,0,0,0,0,0,1,0,0,0,0
9.504377450871902e-07,5,12,2,0,1,0,0,0,0,0,0,0,0,0,1,0,0,0,0
0.0008220792761110644,5,14,2,0,1,0,0,0,0,0,0,0,0,0,1,0,0,0,0
0.0006998801374569971,5,17,3,0,1,0,0,0,0,0,0,0,0,0,1,0,0,0,0
0.0,3,22,3,0,0,0,0,0,0,0,0,0,0,0,1,0,0,0,0
0.0005332449483832689,5,12,2,0,1,0,0,0,0,0,0,0,0,0,1,0,0,0,0
0.0005554629735930994,5,11,2,0,1,0,0,0,0,0,0,0,0,0,1,0,0,0,0
0.0007054346437594547,1,51,8,0,0,0,0,0,0,0,0,0,0,0,1,0,0,0,0
0.0006856914596910527,5,11,2,0,1,0,0,0,0,0,0,0,0,0,1,0,0,0,0
0.000377718771914456,5,9,2,0,1,0,0,0,0,0,0,0,0,0,1,0,0,0,0
0.0018515144441665409,1,13,2,0,0,0,0,0,0,0,0,0,0,0,1,0,0,0,0
0.0012343470772268068,1,13,2,0,0,0,0,0,0,0,0,0,0,0,1,0,0,0,0
0.0,1,13,2,0,0,0,0,0,0,0,0,0,0,0,1,0,0,0,0
0.0012343470772268068,1,13,2,0,0,0,0,0,0,0,0,0,0,0,1,0,0,0,0
0.0008578749833935691,2,19,5,0,0,0,1,0,0,0,0,0,0,0,1,0,0,0,0
8.455192927074356e-07,5,13,3,0,1,0,0,0,0,0,0,0,0,0,1,0,0,0,0
7.776308823440648e-07,5,11,2,0,1,0,0,0,0,0,0,0,0,0,1,0,0,0,0
0.0010633917165845004,3,46,6,0,0,0,0,0,0,0,0,0,0,0,1,0,0,0,0
0.00035550074670462556,5,14,2,0,1,0,0,0,0,0,0,0,0,0,1,0,0,0,0
0.0010183384987978998,5,64,11,0,1,0,1,0,0,0,0,0,0,0,1,0,0,0,0
0.000802329920368993,1,13,2,0,0,0,0,0,0,0,0,0,0,0,1,0,0,0,0
0.0008054157572036916,3,39,8,0,1,0,0,0,0,0,0,0,0,0,1,0,0,0,0
0.0006110080366176755,5,17,3,0,1,0,0,0,0,0,0,0,0,0,1,0,0,0,0
0.0006110080366176755,5,11,2,0,1,0,0,0,0,0,0,0,0,0,1,0,0,0,0
0.0005554629735930994,5,12,2,0,1,0,0,0,0,0,0,0,0,0,1,0,0,0,0
0.000377718771914456,5,12,2,0,1,0,0,0,0,0,0,0,0,0,1,0,0,0,0
0.0,5,12,2,0,1,0,0,0,0,0,0,0,0,0,1,0,0,0,0
0.0006048363629482781,3,22,2,0,0,0,0,0,0,0,0,0,0,0,1,0,0,0,0
0.0009627934357733239,3,15,2,0,0,0,0,0,0,0,0,0,0,0,1,0,0,0,0
0.000493746236899126,2,2,1,0,1,0,0,0,0,0,0,0,0,0,1,0,0,0,0
0.00038882778451937124,5,14,2,0,1,0,0,0,0,0,0,0,0,0,1,0,0,0,0
0.000377718771914456,5,11,2,0,1,0,0,0,0,0,0,0,0,0,1,0,0,0,0
0.0009566217621039265,3,25,2,0,0,0,0,0,0,0,0,0,0,0,1,0,0,0,0
6.418540616173233e-07,5,11,2,0,1,0,0,0,0,0,0,0,0,0,1,0,0,0,0
8.208325980298462e-07,5,13,2,0,1,0,0,0,0,0,0,0,0,0,1,0,0,0,0
1.197304691863084e-06,5,13,2,0,1,0,0,0,0,0,0,0,0,0,1,0,0,0,0
0.0005332449483832689,5,11,2,0,1,0,0,0,0,0,0,0,0,0,1,0,0,0,0
0.0004443728475439473,3,-30,27,0,0,0,0,0,0,0,0,0,0,0,1,0,0,0,0
7.838025560134621e-07,3,23,4,0,0,0,0,0,0,0,0,0,0,0,1,0,0,0,0
0.0008109702635061492,1,18,3,0,0,0,0,0,0,0,0,0,0,0,1,0,0,0,0
0.0007714715520220063,5,48,8,0,1,0,1,0,0,0,0,0,0,0,1,0,0,0,0
0.00047769988535869293,5,17,3,0,1,0,0,0,0,0,0,0,0,0,1,0,0,0,0
0.0007776432256914037,3,80,13,0,0,0,0,0,0,0,0,0,0,0,1,0,0,0,0
0.0007332071752717428,5,13,2,0,1,0,0,0,0,0,0,0,0,0,1,0,0,0,0
0.00111091360383886,3,126,15,0,0,0,0,0,0,0,0,0,0,0,1,0,0,0,0
0.00043326383493903206,5,13,2,0,1,0,0,0,0,0,0,0,0,0,1,0,0,0,0
0.0006443350744324211,5,15,3,0,1,0,0,0,0,0,0,0,0,0,1,0,0,0,0
0.0004443728475439473,5,36,6,0,1,0,0,0,0,0,0,0,0,0,1,0,0,0,0
0.0009381067410957344,3,126,15,0,0,0,0,0,0,0,0,0,0,0,1,0,0,0,0
0.0013164303370297914,5,13,3,0,1,0,0,0,0,0,0,0,0,0,1,0,0,0,0
0.0005431196262543047,5,9,2,0,1,0,0,0,0,0,0,0,0,0,1,0,0,0,0
0.0006332260618275059,5,10,2,0,1,0,0,0,0,0,0,0,0,0,1,0,0,0,0
0.0005554629735930994,5,8,2,0,1,0,0,0,0,0,0,0,0,0,1,0,0,0,0
0.0008165247698086068,5,48,8,0,1,0,1,0,0,0,0,0,0,0,1,0,0,0,0
0.0008331882887159797,3,28,5,0,1,0,0,0,0,0,0,0,0,0,1,0,0,0,0
0.0007220981626668276,5,14,2,0,1,0,0,0,0,0,0,0,0,0,1,0,0,0,0
0.0004443728475439473,5,12,2,0,1,0,0,0,0,0,0,0,0,0,1,0,0,0,0
0.0003666097593095408,2,11,1,0,1,0,0,0,0,0,0,0,0,0,1,0,0,0,0
0.0008331882887159797,3,28,5,0,1,0,0,0,0,0,0,0,0,0,1,0,0,0,0
0.0003703127635111793,3,18,2,0,0,0,0,0,0,0,0,0,0,0,1,0,0,0,0
0.0004554818601488625,5,16,2,0,1,0,0,0,0,0,0,0,0,0,1,0,0,0,0
0.0005221359357783537,5,13,3,0,1,0,0,0,0,0,0,0,0,0,1,0,0,0,0
8.702059873850248e-07,5,12,3,0,1,0,0,0,0,0,0,0,0,0,1,0,0,0,0
0.00047769988535869293,5,13,3,0,1,0,0,0,0,0,0,0,0,0,1,0,0,0,0
0.0008763900044017611,5,13,3,0,1,0,0,0,0,0,0,0,0,0,1,0,0,0,0
0.0003666097593095408,5,11,2,0,1,0,0,0,0,0,0,0,0,0,1,0,0,0,0
0.0006554440870373364,5,12,2,0,1,0,0,0,0,0,0,0,0,0,1,0,0,0,0
5.98652345931542e-07,5,14,3,0,1,0,0,0,0,0,0,0,0,0,1,0,0,0,0
8.763776610544222e-07,5,10,2,0,1,0,0,0,0,0,0,0,0,0,1,0,0,0,0
0.0007406131836750196,4,21,4,0,1,0,0,0,0,0,0,0,0,0,1,0,0,0,0
0.0006171797102870728,5,-116,22,0,1,0,0,0,0,0,0,0,0,0,1,0,0,0,0
7.220858193194887e-07,5,12,3,0,1,0,0,0,0,0,0,0,0,0,1,0,0,0,0
0.0005443539609881842,5,15,3,0,1,0,0,0,0,0,0,0,0,0,1,0,0,0,0
0.0005739779946012914,1,11,1,0,1,0,0,0,0,0,0,0,0,0,1,0,0,0,0
0.0009387239084626742,5,41,7,0,1,0,1,0,0,0,0,0,0,0,1,0,0,0,0
0.0004665908727537777,5,12,2,0,1,0,0,0,0,0,0,0,0,0,1,0,0,0,0
0.0010886955786290297,4,17,3,0,1,0,0,0,0,0,0,0,0,0,1,0,0,0,0
0.00042215482233411687,5,10,2,0,1,0,0,0,0,0,0,0,0,0,1,0,0,0,0
7.529441876664754e-07,5,18,3,0,1,0,0,0,0,0,0,0,0,0,1,0,0,0,0
7.652875350052701e-07,5,14,2,0,1,0,0,0,0,0,0,0,0,0,1,0,0,0,0
0.0010888190121024176,5,13,2,0,1,0,0,0,0,0,0,0,0,0,1,0,0,0,0
0.0005332449483832689,3,33,4,0,0,0,0,0,0,0,0,0,0,0,1,0,0,0,0
0.00047769988535869293,5,53,8,0,1,0,0,0,0,0,0,0,0,0,1,0,0,0,0
0.0005648439175705833,3,36,5,0,0,0,0,0,0,0,0,0,0,0,1,0,0,0,0
7.529441876664754e-07,5,46,8,0,1,0,0,0,0,0,0,0,0,0,1,0,0,0,0
5.924806722621445e-07,5,12,2,0,1,0,0,0,0,0,0,0,0,0,1,0,0,0,0
8.763776610544222e-07,5,12,2,0,1,0,0,0,0,0,0,0,0,0,1,0,0,0,0
0.0007794947277922228,5,13,2,0,1,0,0,0,0,0,0,0,0,0,1,0,0,0,0
0.0006171797102870728,3,24,3,0,0,0,0,0,0,0,0,0,0,0,1,0,0,0,0
0.0007943067445987765,1,11,2,0,0,0,0,0,0,0,0,0,0,0,1,0,0,0,0
0.0005110269231734386,3,33,4,0,0,0,0,0,0,0,0,0,0,0,1,0,0,0,0
0.0006171797102870728,5,9,2,0,1,0,0,0,0,0,0,0,0,0,1,0,0,0,0
0.0006171797102870728,5,53,8,0,1,0,0,0,0,0,0,0,0,0,1,0,0,0,0
0.0006171797102870728,3,30,4,0,0,0,0,0,0,0,0,0,0,0,1,0,0,0,0
0.0006171797102870728,3,28,4,0,0,0,0,0,0,0,0,0,0,0,1,0,0,0,0
0.001083141072326572,3,10,2,0,1,0,0,0,0,0,0,0,0,0,1,0,0,0,0
0.0008054157572036916,3,17,4,0,1,0,0,0,0,0,0,0,0,0,1,0,0,0,0
0.0004443728475439473,1,13,2,0,0,0,0,0,0,0,0,0,0,0,1,0,0,0,0
0.00043326383493903206,5,43,6,0,1,0,0,0,0,0,0,0,0,0,1,0,0,0,0
0.0006332260618275059,5,9,2,0,1,0,0,0,0,0,0,0,0,0,1,0,0,0,0
0.0004443728475439473,5,16,3,0,1,1,0,0,0,0,0,0,0,0,1,0,0,0,0
0.0005221359357783537,5,13,2,0,1,0,0,0,0,0,0,0,0,0,1,0,0,0,0
0.0006998801374569971,5,12,2,0,1,0,0,0,0,0,0,0,0,0,1,0,0,0,0
7.838025560134621e-07,5,17,3,0,1,0,0,0,0,0,0,0,0,0,1,0,0,0,0
7.097424719806941e-07,5,53,8,0,1,0,0,0,0,0,0,0,0,0,1,0,0,0,0
0.00042215482233411687,5,15,3,0,1,0,0,0,0,0,0,0,0,0,1,0,0,0,0
0.0008276337824135221,1,20,2,0,0,0,0,0,0,0,0,0,0,0,1,0,0,0,0
0.00015430418508227228,5,15,3,0,1,0,0,0,0,0,0,0,0,0,1,0,0,0,0
0.0005863213419400861,5,12,2,0,1,0,0,0,0,0,0,0,0,0,1,0,0,0,0
5.677939775845552e-07,1,13,2,0,0,0,0,0,0,0,0,0,0,0,1,0,0,0,0
0.0007529565310138142,5,14,2,0,1,0,0,0,0,0,0,0,0,0,1,0,0,0,0
7.344291666582834e-07,5,42,7,0,1,0,0,0,0,0,0,0,0,0,1,0,0,0,0
0.0005221359357783537,5,15,3,0,1,0,0,0,0,0,0,0,0,0,1,0,0,0,0
0.0006110080366176755,5,73,10,0,1,0,0,0,0,0,0,0,0,0,1,0,0,0,0
0.0005332449483832689,3,37,5,0,0,0,0,0,0,0,0,0,0,0,1,0,0,0,0
0.0005863213419400861,5,58,8,0,1,0,0,0,0,0,0,0,0,0,1,0,0,0,0
0.0007406131836750196,3,39,4,0,0,0,0,0,0,0,0,0,0,0,1,0,0,0,0
8.146609243604488e-07,1,14,3,0,0,0,0,0,0,0,0,0,0,0,1,0,0,0,0
0.0005776809988029298,5,12,2,0,1,0,0,0,0,0,0,0,0,0,1,0,0,0,0
0.0005554629735930994,5,52,6,0,1,0,0,0,0,0,0,0,0,0,1,0,0,0,0
0.00047769988535869293,5,42,7,0,1,0,0,0,0,0,0,0,0,0,1,0,0,0,0
0.00047769988535869293,5,15,3,0,1,0,0,0,0,0,0,0,0,0,1,0,0,0,0
1.1232446078303157e-06,5,10,2,0,1,0,0,0,0,0,0,0,0,0,1,0,0,0,0
0.0006665530996422515,5,70,11,0,1,0,1,0,0,0,0,0,0,0,1,0,0,0,0
0.0008995337806620011,5,12,3,0,1,0,0,0,0,0,0,0,0,0,1,0,0,0,0
0.0005332449483832689,5,11,2,0,1,0,0,0,0,0,0,0,0,0,1,0,0,0,0
0.0006369290660291443,5,12,2,0,1,0,0,0,0,0,0,0,0,0,1,0,0,0,0
5.801373249233499e-07,5,11,2,0,1,0,0,0,0,0,0,0,0,0,1,0,0,0,0
0.0006110080366176755,5,15,3,0,1,0,0,0,0,0,0,0,0,0,1,0,0,0,0
0.0006665530996422515,5,11,2,0,1,0,0,0,0,0,0,0,0,0,1,0,0,0,0
0.0004554818601488625,5,15,3,0,1,0,0,0,0,0,0,0,0,0,1,0,0,0,0
0.0005221359357783537,5,42,7,0,1,0,0,0,0,0,0,0,0,0,1,0,0,0,0
0.0,3,44,6,0,0,0,0,0,0,0,0,0,0,0,1,0,0,0,0
9.62781092425985e-07,5,12,3,0,1,0,0,0,0,0,0,0,0,0,1,0,0,0,0
8.578626400462302e-07,5,9,2,0,1,0,0,0,0,0,0,0,0,0,1,0,0,0,0
0.0006332260618275059,5,11,2,0,1,0,0,0,0,0,0,0,0,0,1,0,0,0,0
0.0004888088979636082,5,12,2,0,1,0,0,0,0,0,0,0,0,0,1,0,0,0,0
0.0004443728475439473,1,16,3,0,0,0,0,0,0,0,0,0,0,0,1,0,0,0,0
0.0005554629735930994,5,11,2,0,1,0,0,0,0,0,0,0,0,0,1,0,0,0,0
1.1232446078303157e-06,3,25,3,0,0,0,0,0,0,0,0,0,0,0,1,0,0,0,0
7.344291666582834e-07,5,13,2,0,1,0,0,0,0,0,0,0,0,0,1,0,0,0,0
0.0004999179105685234,4,20,4,0,1,0,0,0,0,0,0,0,0,0,1,0,0,0,0
0.0006864567472260579,4,20,4,0,1,1,0,0,0,0,0,0,0,0,1,0,0,0,0
0.0009942689714872502,4,50,8,0,1,0,1,0,0,0,0,0,0,0,1,0,0,0,0
7.035707983112967e-07,3,23,4,0,0,0,0,0,0,0,0,0,0,0,1,0,0,0,0
0.0005776809988029298,1,14,1,0,1,0,0,0,0,0,0,0,0,0,1,0,0,0,0
4.813905462129924e-07,5,9,2,0,1,0,0,0,0,0,0,0,0,0,1,0,0,0,0
3.332703781474564e-07,5,18,3,0,1,0,0,0,0,0,0,0,0,0,1,0,0,0,0
0.0006171797102870728,1,13,2,0,0,0,0,0,0,0,0,0,0,0,1,0,0,0,0
0.0005554629735930994,5,38,7,0,1,0,0,0,0,0,0,0,0,0,1,0,0,0,0
0.0,3,21,3,0,0,0,0,0,0,0,0,0,0,0,1,0,0,0,0
0.0007097548153280329,1,12,1,0,1,0,0,0,0,0,0,0,0,0,1,0,0,0,0
0.0006171797102870728,5,14,2,0,1,0,0,0,0,0,0,0,0,0,1,0,0,0,0
0.0006276715555250483,5,19,3,0,1,0,0,0,0,0,0,0,0,0,1,0,0,0,0
0.0009331694021602166,5,12,2,0,1,0,0,0,0,0,0,0,0,0,1,0,0,0,0
0.0004443728475439473,1,14,1,0,1,0,0,0,0,0,0,0,0,0,1,0,0,0,0
0.0008720698328331829,3,24,3,0,0,0,0,0,0,0,0,0,0,0,1,0,0,0,0
1.1849613445242893e-06,5,13,2,0,1,0,0,0,0,0,0,0,0,0,1,0,0,0,0
8.455192927074356e-07,5,15,3,0,1,0,0,0,0,0,0,0,0,0,1,0,0,0,0
0.0005998990240127603,1,8,2,0,0,0,0,0,0,0,0,0,0,0,1,0,0,0,0
0.0005332449483832689,4,19,4,0,1,0,0,0,0,0,0,0,0,0,1,0,0,0,0
0.00047769988535869293,5,18,3,0,1,0,0,0,0,0,0,0,0,0,1,0,0,0,0
0.0004665908727537777,5,15,3,0,1,0,0,0,0,0,0,0,0,0,1,0,0,0,0
0.0007924552424979571,5,16,3,0,1,0,0,0,0,0,0,0,0,0,1,0,0,0,0
0.0,5,14,2,0,1,0,0,0,0,0,0,0,0,0,1,0,0,0,0
0.0007554252004815732,5,96,15,0,1,0,0,0,0,0,0,0,0,0,1,0,0,0,0
0.0008146732677077877,5,11,2,0,1,0,0,0,0,0,0,0,0,0,1,0,0,0,0
6.233390406091312e-07,5,11,2,0,1,0,0,0,0,0,0,0,0,0,1,0,0,0,0
0.0005924930156094835,5,14,2,0,1,0,0,0,0,0,0,0,0,0,1,0,0,0,0
0.0008331882887159797,1,11,2,0,0,0,0,0,0,0,0,0,0,0,1,0,0,0,0
8.270042716992435e-07,5,11,2,0,1,0,0,0,0,0,0,0,0,0,1,0,0,0,0
3.6207152193797726e-07,3,33,6,0,0,0,0,0,0,0,0,0,0,0,1,0,0,0,0
0.0007794947277922228,5,43,7,0,1,0,0,0,0,0,0,0,0,0,1,0,0,0,0
0.0010331505156044535,1,15,2,0,0,0,0,0,0,0,0,0,0,0,1,0,0,0,0
8.208325980298462e-07,5,12,3,0,1,0,0,0,0,0,0,0,0,0,1,0,0,0,0
0.0006332260618275059,5,11,2,0,1,0,0,0,0,0,0,0,0,0,1,0,0,0,0
0.0005554629735930994,5,10,2,0,1,0,0,0,0,0,0,0,0,0,1,0,0,0,0
0.00043326383493903206,5,13,3,0,1,0,0,0,0,0,0,0,0,0,1,0,0,0,0
7.529441876664754e-07,5,127,21,0,1,0,0,0,0,0,0,0,0,0,1,0,0,0,0
0.000802329920368993,5,12,3,0,1,0,0,0,0,0,0,0,0,0,1,0,0,0,0
0.0006171797102870728,5,11,2,0,1,0,0,0,0,0,0,0,0,0,1,0,0,0,0
0.000799861250901234,5,16,3,0,1,0,0,0,0,0,0,0,0,0,1,0,0,0,0
0.0005554629735930994,5,45,9,0,1,0,0,0,0,0,0,0,0,0,1,0,0,0,0
8.146609243604488e-07,5,54,9,0,1,0,0,0,0,0,0,0,0,0,1,0,0,0,0
0.0006332260618275059,5,12,2,0,1,0,0,0,0,0,0,0,0,0,1,0,0,0,0
0.00047769988535869293,5,10,2,0,1,0,0,0,0,0,0,0,0,0,1,0,0,0,0
0.0010121668251285025,5,79,15,0,1,0,0,0,0,0,0,0,0,0,1,0,0,0,0
8.640343137156275e-07,5,10,2,0,1,0,0,0,0,0,0,0,0,0,1,0,0,0,0
1.4318282913001828e-06,5,17,3,0,1,0,0,0,0,0,0,0,0,0,1,0,0,0,0
0.0008054157572036916,3,12,3,0,1,0,0,0,0,0,0,0,0,0,1,0,0,0,0
0.0004999179105685234,2,18,3,0,0,0,1,0,0,0,0,0,0,0,1,0,0,0,0
0.0009566217621039265,1,13,3,0,0,0,0,0,0,0,0,0,0,0,1,0,0,0,0
9.751244397647797e-07,5,13,2,0,1,0,0,0,0,0,0,0,0,0,1,0,0,0,0
0.0007665342130864884,5,15,3,0,1,0,0,0,0,0,0,0,0,0,1,0,0,0,0
6.54197408956118e-07,1,13,2,0,0,0,0,0,0,0,0,0,0,0,1,0,0,0,0
0.0004665908727537777,4,21,4,0,1,0,0,0,0,0,0,0,0,0,1,0,0,0,0
5.431072829069658e-07,5,9,2,0,1,0,0,0,0,0,0,0,0,0,1,0,0,0,0
0.0011232569511776546,5,11,2,0,1,0,0,0,0,0,0,0,0,0,1,0,0,0,0
0.0012053402109806393,5,16,3,0,1,0,0,0,0,0,0,0,0,0,1,0,0,0,0
6.603690826255153e-07,5,17,3,0,1,0,0,0,0,0,0,0,0,0,1,0,0,0,0
0.0009628551525100178,5,13,2,0,1,0,0,0,0,0,0,0,0,0,1,0,0,0,0
7.529441876664754e-07,5,46,6,0,1,0,0,0,0,0,0,0,0,0,1,0,0,0,0
0.0005110269231734386,1,12,1,0,1,0,0,0,0,0,0,0,0,0,1,0,0,0,0
0.0008054157572036916,3,12,3,0,1,0,0,0,0,0,0,0,0,0,1,0,0,0,0
0.0003666097593095408,5,13,2,0,1,0,0,0,0,0,0,0,0,0,1,0,0,0,0
1.907047163843778e-06,5,11,2,0,1,0,0,0,0,0,0,0,0,0,1,0,0,0,0
0.0007097548153280329,4,52,7,0,0,0,1,0,0,0,0,0,0,0,1,0,0,0,0
6.665407562949127e-07,5,11,2,0,1,0,0,0,0,0,0,0,0,0,1,0,0,0,0
0.0005776809988029298,5,14,2,0,1,0,0,0,0,0,0,0,0,0,1,0,0,0,0
0.0005221359357783537,5,13,3,0,1,0,0,0,0,0,0,0,0,0,1,0,0,0,0
0.0010998045912339448,5,11,2,0,1,0,0,0,0,0,0,0,0,0,1,0,0,0,0
0.0006221170492225907,5,12,2,0,1,0,0,0,0,0,0,0,0,0,1,0,0,0,0
0.0011726303405328333,5,22,3,0,1,0,0,0,0,0,0,0,0,0,1,0,0,0,0
0.0006276715555250483,5,62,10,0,1,0,1,0,0,0,0,0,0,0,1,0,0,0,0
0.0008640466570629664,5,40,6,0,1,0,0,0,0,0,0,0,0,0,1,0,0,0,0
5.369356092375685e-07,5,16,3,0,1,0,0,0,0,0,0,0,0,0,1,0,0,0,0
0.0005554629735930994,5,12,3,0,1,0,0,0,0,0,0,0,0,0,1,0,0,0,0
0.0008640466570629664,3,28,4,0,0,0,0,0,0,0,0,0,0,0,1,0,0,0,0
7.529441876664754e-07,5,12,2,0,1,0,0,0,0,0,0,0,0,0,1,0,0,0,0
0.0006480380786340595,4,19,3,0,1,0,0,0,0,0,0,0,0,0,1,0,0,0,0
0.0005554629735930994,2,15,1,0,1,0,0,0,0,0,0,0,0,0,1,0,0,0,0
0.0006233513839564701,2,2,1,0,1,0,0,0,0,0,0,0,0,0,1,0,0,0,0
0.0008554063139258101,1,18,3,0,0,0,0,0,0,0,0,0,0,0,1,0,0,0,0
0.0007258011668684659,5,34,5,0,1,1,0,0,0,0,0,0,0,0,1,0,0,0,0
0.000377718771914456,5,13,2,0,1,0,0,0,0,0,0,0,0,0,1,0,0,0,0
7.406008403276808e-07,5,15,2,0,1,0,0,0,0,0,0,0,0,0,1,0,0,0,0
0.00038882778451937124,4,15,3,0,1,0,0,0,0,0,0,0,0,0,1,0,0,0,0
0.000377718771914456,5,11,2,0,1,0,0,0,0,0,0,0,0,0,1,0,0,0,0
1.308394817912236e-06,5,11,2,0,1,0,0,0,0,0,0,0,0,0,1,0,0,0,0
9.010643557320116e-07,5,20,3,0,1,0,0,0,0,0,0,0,0,0,1,0,0,0,0
0.00042215482233411687,5,15,2,0,1,0,0,0,0,0,0,0,0,0,1,0,0,0,0
0.0005776809988029298,5,90,12,0,1,0,0,0,0,0,0,0,0,0,1,0,0,0,0
0.001115233775407438,5,38,6,0,1,0,0,0,0,0,0,0,0,0,1,0,0,0,0
0.0003332827214947952,5,14,2,0,1,0,0,0,0,0,0,0,0,0,1,0,0,0,0
0.0006455076924296066,3,24,4,0,1,0,0,0,0,0,0,0,0,0,1,0,0,0,0
0.0008825616780711584,1,13,2,0,0,0,0,0,0,0,0,0,0,0,1,0,0,0,0
0.0005332449483832689,5,15,3,0,1,0,0,0,0,0,0,0,0,0,1,0,0,0,0
0.0008473831381555936,3,24,3,0,0,0,0,0,0,0,0,0,0,0,1,0,0,0,0
0.0007159264889974302,5,14,2,0,1,0,0,0,0,0,0,0,0,0,1,0,0,0,0
0.0006554440870373364,5,9,2,0,1,0,0,0,0,0,0,0,0,0,1,0,0,0,0
0.0006887711248520819,3,24,3,0,0,0,0,0,0,0,0,0,0,0,1,0,0,0,0
0.0007887522382963189,5,9,2,0,1,0,0,0,0,0,0,0,0,0,1,0,0,0,0
1.0306695027893558e-06,5,11,2,0,1,0,0,0,0,0,0,0,0,0,1,0,0,0,0
9.504377450871902e-07,1,13,2,0,0,0,0,0,0,0,0,0,0,0,1,0,0,0,0
8.455192927074356e-07,5,13,2,0,1,0,0,0,0,0,0,0,0,0,1,0,0,0,0
0.0005332449483832689,5,11,2,0,1,0,0,0,0,0,0,0,0,0,1,0,0,0,0
0.0007714715520220063,1,7,1,0,0,0,0,0,0,0,0,0,0,0,1,0,0,0,0
0.0008257822803127029,5,38,6,0,1,0,0,0,0,0,0,0,0,0,1,0,0,0,0
0.0,5,9,2,0,1,0,0,0,0,0,0,0,0,0,1,0,0,0,0
0.0005221359357783537,5,10,2,0,1,0,0,0,0,0,0,0,0,0,1,0,0,0,0
0.0007943067445987765,5,12,3,0,1,0,0,0,0,0,0,0,0,0,1,0,0,0,0
0.0004665908727537777,5,15,3,0,1,0,0,0,0,0,0,0,0,0,1,0,0,0,0
0.0,5,13,2,0,1,0,0,0,0,0,0,0,0,0,1,0,0,0,0
0.00030936748602588047,5,9,2,0,1,0,0,0,0,0,0,0,0,0,1,0,0,0,0
9.566094187565878e-07,5,15,3,0,1,0,0,0,0,0,0,0,0,0,1,0,0,0,0
0.0,5,15,2,0,1,0,0,0,0,0,0,0,0,0,1,0,0,0,0
0.0005221359357783537,5,55,8,0,1,0,1,0,0,0,0,0,0,0,1,0,0,0,0
0.0008887333517405558,5,12,3,0,1,0,0,0,0,0,0,0,0,0,1,0,0,0,0
0.000588790011407845,5,11,2,0,1,0,0,0,0,0,0,0,0,0,1,0,0,0,0
0.000377718771914456,5,15,2,0,1,0,0,0,0,0,0,0,0,0,1,0,0,0,0
0.000756042367848513,3,19,2,0,0,0,0,0,0,0,0,0,0,0,1,0,0,0,0
0.000588790011407845,5,11,2,0,1,0,0,0,0,0,0,0,0,0,1,0,0,0,0
0.0004554818601488625,5,70,12,0,1,0,0,0,0,0,0,0,0,0,1,0,0,0,0
8.887210083932169e-07,5,13,2,0,1,0,0,0,0,0,0,0,0,0,1,0,0,0,0
7.652875350052701e-07,5,13,2,0,1,0,0,0,0,0,0,0,0,0,1,0,0,0,0
0.000377718771914456,5,76,12,0,1,0,0,0,0,0,0,0,0,0,1,0,0,0,0
0.00038882778451937124,5,14,2,0,1,0,0,0,0,0,0,0,0,0,1,0,0,0,0
0.0005443539609881842,4,16,3,0,1,0,0,0,0,0,0,0,0,0,1,0,0,0,0
8.146609243604488e-07,1,13,2,0,0,0,0,0,0,0,0,0,0,0,1,0,0,0,0
0.0,1,22,3,0,0,0,0,0,0,0,0,0,0,0,1,0,0,0,0
6.850557773031047e-07,3,23,3,0,0,0,0,0,0,0,0,0,0,0,1,0,0,0,0
1.0121544817811636e-06,5,13,2,0,1,0,0,0,0,0,0,0,0,0,1,0,0,0,0
8.640343137156275e-07,5,11,2,0,1,0,0,0,0,0,0,0,0,0,1,0,0,0,0
0.0,1,22,4,0,0,0,0,0,0,0,0,0,0,0,1,0,0,0,0
0.0005110269231734386,5,11,2,0,1,0,0,0,0,0,0,0,0,0,1,0,0,0,0
0.0006221170492225907,5,11,2,0,1,0,0,0,0,0,0,0,0,0,1,0,0,0,0
0.0005332449483832689,5,14,2,0,1,0,0,0,0,0,0,0,0,0,1,0,0,0,0
0.0004443728475439473,5,42,5,0,1,0,0,0,0,0,0,0,0,0,1,0,0,0,0
0.0004443728475439473,1,14,1,0,1,0,0,0,0,0,0,0,0,0,1,0,0,0,0
0.0005332449483832689,5,12,2,0,1,0,0,0,0,0,0,0,0,0,1,0,0,0,0
8.270042716992435e-07,5,12,3,0,1,0,0,0,0,0,0,0,0,0,1,0,0,0,0
0.00047769988535869293,5,63,11,0,1,0,1,0,0,0,0,0,0,0,1,0,0,0,0
0.00030936748602588047,5,9,2,0,1,0,0,0,0,0,0,0,0,0,1,0,0,0,0
0.0009257633937569398,5,12,3,0,1,0,0,0,0,0,0,0,0,0,1,0,0,0,0
8.455192927074356e-07,5,114,19,0,1,0,0,0,0,0,0,0,0,0,1,0,0,0,0
0.0005863213419400861,1,14,3,0,0,0,0,0,0,0,0,0,0,0,1,0,0,0,0
0.0008331882887159797,5,11,2,0,1,0,0,0,0,0,0,0,0,0,1,0,0,0,0
0.0,3,45,7,0,1,0,0,0,0,0,0,0,0,0,1,0,0,0,0
0.0008782415065025803,1,11,1,0,1,0,0,0,0,0,0,0,0,0,1,0,0,0,0
0.0009887144651847927,5,16,3,0,1,0,0,0,0,0,0,0,0,0,1,0,0,0,0
0.0007714715520220063,1,13,2,0,0,0,0,0,0,0,0,0,0,0,1,0,0,0,0
0.0004628878685521393,5,14,3,0,1,0,0,0,0,0,0,0,0,0,1,0,0,0,0
0.0006017505261135794,5,14,2,0,1,0,0,0,0,0,0,0,0,0,1,0,0,0,0
0.0,5,21,4,0,1,0,0,0,0,0,0,0,0,0,1,0,0,0,0
0.0009245290590230603,5,10,2,0,1,0,0,0,0,0,0,0,0,0,1,0,0,0,0
0.0006171797102870728,5,13,2,0,1,0,0,0,0,0,0,0,0,0,1,0,0,0,0
0.0008949050254099531,5,9,2,0,1,0,0,0,0,0,0,0,0,0,1,0,0,0,0
0.0006443350744324211,5,15,2,0,1,0,0,0,0,0,0,0,0,0,1,0,0,0,0
0.0005554629735930994,5,10,2,0,1,0,0,0,0,0,0,0,0,0,1,0,0,0,0
0.0006542097523034568,3,24,3,0,0,0,0,0,0,0,0,0,0,0,1,0,0,0,0
0.0005665719861980146,5,77,10,0,1,0,0,0,0,0,0,0,0,0,1,0,0,0,0
0.0010677118881530787,5,90,15,0,1,0,1,0,0,0,0,0,0,0,1,0,0,0,0
0.000802329920368993,1,8,2,0,0,0,0,0,0,0,0,0,0,0,1,0,0,0,0
0.0008949050254099531,5,12,3,0,1,0,0,0,0,0,0,0,0,0,1,0,0,0,0
0.0004665908727537777,5,11,2,0,1,0,0,0,0,0,0,0,0,0,1,0,0,0,0
0.0005431196262543047,1,13,2,0,0,0,0,0,0,0,0,0,0,0,1,0,0,0,0
0.0004443728475439473,5,11,2,0,1,0,0,0,0,0,0,0,0,0,1,0,0,0,0
0.000493746236899126,5,16,2,0,1,0,0,0,0,0,0,0,0,0,1,0,0,0,0
6.850557773031047e-07,5,41,6,0,1,0,0,0,0,0,0,0,0,0,1,0,0,0,0
0.0008949050254099531,1,7,1,0,0,0,0,0,0,0,0,0,0,0,1,0,0,0,0
0.0006348060102868716,5,12,2,0,1,0,0,0,0,0,0,0,0,0,1,0,0,0,0
8.887210083932169e-07,5,12,3,0,1,0,0,0,0,0,0,0,0,0,1,0,0,0,0
0.0007097548153280329,3,26,2,0,0,0,0,0,0,0,0,0,0,0,1,0,0,0,0
8.804921101673537e-07,5,18,3,0,1,0,0,0,0,0,0,0,0,0,1,0,0,0,0
0.00035550074670462556,3,31,4,0,0,0,0,0,0,0,0,0,0,0,1,0,0,0,0
0.000802329920368993,1,7,1,0,0,0,0,0,0,0,0,0,0,0,1,0,0,0,0
5.369356092375685e-07,3,13,3,0,1,0,0,0,0,0,0,0,0,0,1,0,0,0,0
7.838025560134621e-07,5,10,2,0,1,0,0,0,0,0,0,0,0,0,1,0,0,0,0
0.0009887144651847927,5,12,2,0,1,0,0,0,0,0,0,0,0,0,1,0,0,0,0
0.0007714715520220063,5,49,8,0,1,0,0,0,0,0,0,0,0,0,1,0,0,0,0
7.344291666582834e-07,5,10,2,0,1,0,0,0,0,0,0,0,0,0,1,0,0,0,0
0.0004517788559472241,5,9,2,0,1,0,0,0,0,0,0,0,0,0,1,0,0,0,0
0.0006727247733116489,3,14,2,0,1,0,0,0,0,0,0,0,0,0,1,0,0,0,0
0.0007159264889974302,5,24,4,0,1,1,0,0,0,0,0,0,0,0,1,0,0,0,0
0.0012343470772268068,1,10,1,0,0,0,0,0,0,0,0,0,0,0,1,0,0,0,0
0.0007406131836750196,3,-100,19,0,0,0,0,0,0,0,0,0,0,0,1,0,0,0,0
0.0004443728475439473,5,10,2,0,1,0,0,0,0,0,0,0,0,0,1,0,0,0,0
0.0008183762719094261,5,12,2,0,1,0,0,0,0,0,0,0,0,0,1,0,0,0,0
0.0005554629735930994,2,31,5,0,1,0,0,0,0,0,0,0,0,0,1,0,0,0,0
0.00042215482233411687,1,35,6,0,0,0,0,0,0,0,0,0,0,0,1,0,0,0,0
7.097424719806941e-07,5,14,3,0,1,0,0,0,0,0,0,0,0,0,1,0,0,0,0
0.0004665908727537777,3,23,4,0,0,0,0,0,0,0,0,0,0,0,1,0,0,0,0
0.0005110269231734386,5,11,2,0,1,0,0,0,0,0,0,0,0,0,1,0,0,0,0
0.000999823477789708,5,14,3,0,1,0,0,0,0,0,0,0,0,0,1,0,0,0,0
9.936394607729717e-07,5,13,2,0,1,0,0,0,0,0,0,0,0,0,1,0,0,0,0
0.0007220981626668276,5,11,2,0,1,0,0,0,0,0,0,0,0,0,1,0,0,0,0
0.00035550074670462556,4,46,7,0,1,0,0,0,0,0,0,0,0,0,1,0,0,0,0
0.0006727247733116489,5,15,2,0,1,0,0,0,0,0,0,0,0,0,1,0,0,0,0
5.060772408905818e-07,5,15,3,0,1,0,0,0,0,0,0,0,0,0,1,0,0,0,0
0.0008640466570629664,5,15,3,0,1,0,0,0,0,0,0,0,0,0,1,0,0,0,0
0.0005665719861980146,5,13,2,0,1,0,0,0,0,0,0,0,0,0,1,0,0,0,0
7.035707983112967e-07,5,10,2,0,1,0,0,0,0,0,0,0,0,0,1,0,0,0,0
0.001974947917554487,5,12,2,0,1,0,0,0,0,0,0,0,0,0,1,0,0,0,0
7.529441876664754e-07,3,34,4,0,0,0,0,0,0,0,0,0,0,0,1,0,0,0,0
0.0007406131836750196,1,13,2,0,0,0,0,0,0,0,0,0,0,0,1,0,0,0,0
0.0005863213419400861,5,10,2,0,1,0,0,0,0,0,0,0,0,0,1,0,0,0,0
0.0006171797102870728,5,14,3,0,1,0,0,0,0,0,0,0,0,0,1,0,0,0,0
0.0009791483709972269,3,24,2,0,0,0,0,0,0,0,0,0,0,0,1,0,0,0,0
5.492789565763632e-07,5,10,2,0,1,0,0,0,0,0,0,0,0,0,1,0,0,0,0
1.3392531862592226e-06,5,11,2,0,1,0,0,0,0,0,0,0,0,0,1,0,0,0,0
0.0007251839995015263,1,38,7,0,0,0,0,0,0,0,0,0,0,0,1,0,0,0,0
0.0006788964469810462,1,6,1,0,0,0,0,0,0,0,0,0,0,0,1,0,0,0,0
0.0,5,14,2,0,1,0,0,0,0,0,0,0,0,0,1,0,0,0,0
0.0004999179105685234,4,76,14,0,1,0,0,0,0,0,0,0,0,0,1,0,0,0,0
7.838025560134621e-07,1,13,2,0,0,0,0,0,0,0,0,0,0,0,1,0,0,0,0
0.0005554629735930994,5,47,7,0,1,0,0,0,0,0,0,0,0,0,1,0,0,0,0
0.0008111801004109088,1,57,9,0,0,0,0,0,0,0,0,0,0,0,1,0,0,0,0
0.00039993679712428643,5,12,2,0,1,0,0,0,0,0,0,0,0,0,1,0,0,0,0
0.0006171797102870728,1,25,3,0,1,0,0,0,0,0,0,0,0,0,1,0,0,0,0
0.00043326383493903206,5,12,3,0,1,0,0,0,0,0,0,0,0,0,1,0,0,0,0
0.000735058677372562,5,10,2,0,1,0,0,0,0,0,0,0,0,0,1,0,0,0,0
9.99811134442369e-07,5,9,2,0,1,0,0,0,0,0,0,0,0,0,1,0,0,0,0
0.0007332071752717428,5,84,12,0,1,0,0,0,0,0,0,0,0,0,1,0,0,0,0
3.209270308086617e-07,1,13,2,0,0,0,0,0,0,0,0,0,0,0,1,0,0,0,0
0.0007554252004815732,5,10,2,0,1,0,0,0,0,0,0,0,0,0,1,0,0,0,0
0.0005828713763588929,3,30,5,0,0,0,0,0,0,0,0,0,0,0,1,0,0,0,0
9.99811134442369e-07,1,13,2,0,0,0,0,0,0,0,0,0,0,0,1,0,0,0,0
0.0006887711248520819,5,11,2,0,1,0,0,0,0,0,0,0,0,0,1,0,0,0,0
0.0004443728475439473,5,11,2,0,1,0,0,0,0,0,0,0,0,0,1,0,0,0,0
0.0006788964469810462,3,32,4,0,0,0,0,0,0,0,0,0,0,0,1,0,0,0,0
0.0,5,14,3,0,1,0,0,0,0,0,0,0,0,0,1,0,0,0,0
0.0006171797102870728,1,13,2,0,0,0,0,0,0,0,0,0,0,0,1,0,0,0,0
0.0005443539609881842,1,14,1,0,1,0,0,0,0,0,0,0,0,0,1,0,0,0,0
0.00030310323725144217,5,17,3,0,1,0,0,0,0,0,0,0,0,0,1,0,0,0,0
1.4503433123083747e-06,5,15,3,0,1,0,0,0,0,0,0,0,0,0,1,0,0,0,0
4.752188725435952e-07,5,11,2,0,1,0,0,0,0,0,0,0,0,0,1,0,0,0,0
0.0,3,24,3,0,0,0,0,0,0,0,0,0,0,0,1,0,0,0,0
7.529441876664754e-07,5,12,2,0,1,0,0,0,0,0,0,0,0,0,1,0,0,0,0
5.677939775845552e-07,5,10,2,0,1,0,0,0,0,0,0,0,0,0,1,0,0,0,0
6.7271242996431e-07,5,11,2,0,1,0,0,0,0,0,0,0,0,0,1,0,0,0,0
9.99811134442369e-07,5,40,6,0,1,0,0,0,0,0,0,0,0,0,1,0,0,0,0
7.838025560134621e-07,5,13,2,0,1,0,0,0,0,0,0,0,0,0,1,0,0,0,0
0.0008591093181274485,5,61,9,0,1,0,0,0,0,0,0,0,0,0,1,0,0,0,0
9.010643557320116e-07,5,12,3,0,1,0,0,0,0,0,0,0,0,0,1,0,0,0,0
8.455192927074356e-07,5,12,3,0,1,0,0,0,0,0,0,0,0,0,1,0,0,0,0
8.331759453686408e-07,5,12,3,0,1,0,0,0,0,0,0,0,0,0,1,0,0,0,0
0.0006171797102870728,5,12,3,0,1,0,0,0,0,0,0,0,0,0,1,0,0,0,0
0.000377718771914456,5,13,3,0,1,0,0,0,0,0,0,0,0,0,1,0,0,0,0
7.838025560134621e-07,5,11,2,0,1,0,0,0,0,0,0,0,0,0,1,0,0,0,0
7.838025560134621e-07,3,14,2,0,1,0,0,0,0,0,0,0,0,0,1,0,0,0,0
9.566094187565878e-07,5,12,3,0,1,0,0,0,0,0,0,0,0,0,1,0,0,0,0
6.788841036337073e-07,5,15,2,0,1,0,0,0,0,0,0,0,0,0,1,0,0,0,0
0.0,1,13,2,0,0,0,0,0,0,0,0,0,0,0,1,0,0,0,0
0.0008983611626648156,4,53,9,0,1,0,1,0,0,0,0,0,0,0,1,0,0,0,0
6.603690826255153e-07,5,10,2,0,1,0,0,0,0,0,0,0,0,0,1,0,0,0,0
0.0008270166150465823,5,10,2,0,1,0,0,0,0,0,0,0,0,0,1,0,0,0,0
9.380943977483956e-07,5,11,2,0,1,0,0,0,0,0,0,0,0,0,1,0,0,0,0
5.677939775845552e-07,1,13,2,0,0,0,0,0,0,0,0,0,0,0,1,0,0,0,0
6.295107142785287e-07,5,12,3,0,1,0,0,0,0,0,0,0,0,0,1,0,0,0,0
0.000802329920368993,5,39,6,0,1,0,0,0,0,0,0,0,0,0,1,0,0,0,0
1.4441716386389774e-06,5,17,3,0,1,0,0,0,0,0,0,0,0,0,1,0,0,0,0
0.0005184329315767154,1,13,2,0,0,0,0,0,0,0,0,0,0,0,1,0,0,0,0
0.0004443728475439473,5,11,2,0,1,0,0,0,0,0,0,0,0,0,1,0,0,0,0
6.295107142785287e-07,5,12,3,0,1,0,0,0,0,0,0,0,0,0,1,0,0,0,0
0.00043326383493903206,1,13,2,0,0,0,0,0,0,0,0,0,0,0,1,0,0,0,0
0.0007529565310138142,3,35,4,0,0,0,0,0,0,0,0,0,0,0,1,0,0,0,0
0.000839359962385377,3,46,5,0,1,0,0,0,0,0,0,0,0,0,1,0,0,0,0
0.0004443728475439473,5,13,2,0,1,0,0,0,0,0,0,0,0,0,1,0,0,0,0
0.0004443728475439473,3,22,3,0,0,0,0,0,0,0,0,0,0,0,1,0,0,0,0
7.591158613358727e-07,1,13,2,0,0,0,0,0,0,0,0,0,0,0,1,0,0,0,0
8.516909663768329e-07,1,13,2,0,0,0,0,0,0,0,0,0,0,0,1,0,0,0,0
9.072360294014089e-07,5,17,3,0,1,0,0,0,0,0,0,0,0,0,1,0,0,0,0
0.0007245668321345866,5,46,7,0,1,0,0,0,0,0,0,0,0,0,1,0,0,0,0
0.0,5,16,3,0,1,0,0,0,0,0,0,0,0,0,1,0,0,0,0
1.4812016806553616e-07,1,10,2,0,0,0,0,0,0,0,0,0,0,0,1,0,0,0,0
0.00047769988535869293,5,12,2,0,1,0,0,0,0,0,0,0,0,0,1,0,0,0,0
0.0004443728475439473,1,22,3,0,0,0,0,0,0,0,0,0,0,0,1,0,0,0,0
0.0006443350744324211,5,12,2,0,1,0,0,0,0,0,0,0,0,0,1,0,0,0,0
0.0,1,10,2,0,0,0,0,0,0,0,0,0,0,0,1,0,0,0,0
7.961459033522568e-07,5,13,2,0,1,0,0,0,0,0,0,0,0,0,1,0,0,0,0
0.0004443728475439473,5,11,2,0,1,0,0,0,0,0,0,0,0,0,1,0,0,0,0
0.000377718771914456,5,18,4,0,1,0,0,0,0,0,0,0,0,0,1,0,0,0,0
0.0,1,13,2,0,0,0,0,0,0,0,0,0,0,0,1,0,0,0,0
0.0,1,10,2,0,0,0,0,0,0,0,0,0,0,0,1,0,0,0,0
0.00120348870887982,3,25,3,0,0,0,0,0,0,0,0,0,0,0,1,0,0,0,0
1.1849613445242893e-06,5,17,3,0,1,0,0,0,0,0,0,0,0,0,1,0,0,0,0
0.00120348870887982,3,15,2,0,0,0,0,0,0,0,0,0,0,0,1,0,0,0,0
0.0,1,13,2,0,0,0,0,0,0,0,0,0,0,0,1,0,0,0,0
0.0,1,13,2,0,0,0,0,0,0,0,0,0,0,0,1,0,0,0,0
0.0005110269231734386,5,37,6,0,1,0,0,0,0,0,0,0,0,0,1,0,0,0,0
0.0007332071752717428,5,20,4,0,1,1,0,0,0,0,0,0,0,0,1,0,0,0,0
6.91227450972502e-07,5,11,2,0,1,0,0,0,0,0,0,0,0,0,1,0,0,0,0
0.0004443728475439473,5,20,4,0,1,1,0,0,0,0,0,0,0,0,1,0,0,0,0
6.109956932703366e-07,5,14,2,0,1,0,0,0,0,0,0,0,0,0,1,0,0,0,0
5.677939775845552e-07,5,14,2,0,1,0,0,0,0,0,0,0,0,0,1,0,0,0,0
7.159141456500914e-07,5,9,2,0,1,0,0,0,0,0,0,0,0,0,1,0,0,0,0
6.109956932703366e-07,5,14,2,0,1,0,0,0,0,0,0,0,0,0,1,0,0,0,0
0.0004665908727537777,5,17,3,0,1,0,0,0,0,0,0,0,0,0,1,0,0,0,0
0.00035550074670462556,5,10,2,0,1,0,0,0,0,0,0,0,0,0,1,0,0,0,0
0.0,5,8,2,0,1,0,0,0,0,0,0,0,0,0,1,0,0,0,0
0.0004665908727537777,5,17,3,0,1,0,0,0,0,0,0,0,0,0,1,0,0,0,0
8.763776610544222e-07,1,13,2,0,0,0,0,0,0,0,0,0,0,0,1,0,0,0,0
0.00038882778451937124,5,77,12,0,1,0,0,0,0,0,0,0,0,0,1,0,0,0,0
0.001027596009301996,5,19,3,0,1,0,0,0,0,0,0,0,0,0,1,0,0,0,0
9.25751050409601e-07,5,14,2,0,1,0,0,0,0,0,0,0,0,0,1,0,0,0,0
0.000802329920368993,5,11,2,0,1,0,0,0,0,0,0,0,0,0,1,0,0,0,0
0.000802329920368993,5,14,2,0,1,0,0,0,0,0,0,0,0,0,1,0,0,0,0
0.0007332071752717428,5,12,2,0,1,0,0,0,0,0,0,0,0,0,1,0,0,0,0
8.763776610544222e-07,1,13,2,0,0,0,0,0,0,0,0,0,0,0,1,0,0,0,0
0.0,5,12,2,0,1,0,0,0,0,0,0,0,0,0,1,0,0,0,0
6.295107142785287e-07,5,53,9,0,1,0,0,0,0,0,0,0,0,0,1,0,0,0,0
1.1664463235160971e-06,5,12,3,0,1,0,0,0,0,0,0,0,0,0,1,0,0,0,0
1.0491845237975477e-06,5,15,3,0,1,0,0,0,0,0,0,0,0,0,1,0,0,0,0
0.0008331882887159797,3,33,6,0,0,0,0,0,0,0,0,0,0,0,1,0,0,0,0
0.0005369479525849074,3,40,6,0,1,0,1,0,0,0,0,0,0,0,1,0,0,0,0
0.0005850870072062066,5,10,2,0,1,0,0,0,0,0,0,0,0,0,1,0,0,0,0
0.0007332071752717428,5,52,9,0,1,0,1,0,0,0,0,0,0,0,1,0,0,0,0
0.0006665530996422515,5,-4,40,0,1,0,0,0,0,0,0,0,0,0,1,0,0,0,0
0.00038882778451937124,5,62,10,0,1,0,0,0,0,0,0,0,0,0,1,0,0,0,0
0.0006221170492225907,5,40,7,0,1,0,1,0,0,0,0,0,0,0,1,0,0,0,0
0.0008331882887159797,3,24,3,0,0,0,0,0,0,0,0,0,0,0,1,0,0,0,0
0.000607305032416037,5,48,7,0,1,0,1,0,0,0,0,0,0,0,1,0,0,0,0
0.0008331882887159797,3,23,4,0,0,0,0,0,0,0,0,0,0,0,1,0,0,0,0
6.295107142785287e-07,5,12,2,0,1,0,0,0,0,0,0,0,0,0,1,0,0,0,0
8.270042716992435e-07,5,11,2,0,1,0,0,0,0,0,0,0,0,0,1,0,0,0,0
0.0021107247382812287,5,12,3,0,1,0,0,0,0,0,0,0,0,0,1,0,0,0,0
9.072360294014089e-07,5,16,3,0,1,0,0,0,0,0,0,0,0,0,1,0,0,0,0
0.0009167404068522809,5,51,9,0,1,0,0,0,0,0,0,0,0,0,1,0,0,0,0
0.0,5,14,3,0,1,0,0,0,0,0,0,0,0,0,1,0,0,0,0
0.0007899865730301983,4,20,4,0,1,0,1,0,0,0,0,0,0,0,1,0,0,0,0
0.0009387239084626742,1,22,4,0,0,0,0,0,0,0,0,0,0,0,1,0,0,0,0
8.763776610544222e-07,5,22,4,0,1,0,0,0,0,0,0,0,0,0,1,0,0,0,0
8.455192927074356e-07,5,12,3,0,1,0,0,0,0,0,0,0,0,0,1,0,0,0,0
0.0006998801374569971,5,13,2,0,1,0,0,0,0,0,0,0,0,0,1,0,0,0,0
8.455192927074356e-07,3,14,2,0,1,0,0,0,0,0,0,0,0,0,1,0,0,0,0
1.2034763655324813e-06,5,38,6,0,1,0,0,0,0,0,0,0,0,0,1,0,0,0,0
0.0004554818601488625,5,47,7,0,1,0,0,0,0,0,0,0,0,0,1,0,0,0,0
0.0011775676794683512,5,77,10,0,1,0,0,0,0,0,0,0,0,0,1,0,0,0,0
0.0005665719861980146,5,15,2,0,1,0,0,0,0,0,0,0,0,0,1,0,0,0,0
0.0004554818601488625,5,42,8,0,1,0,0,0,0,0,0,0,0,0,1,0,0,0,0
0.0004554818601488625,1,13,2,0,0,0,0,0,0,0,0,0,0,0,1,0,0,0,0
9.99811134442369e-07,5,15,3,0,1,0,0,0,0,0,0,0,0,0,1,0,0,0,0
0.0005554629735930994,5,13,2,0,1,0,0,0,0,0,0,0,0,0,1,0,0,0,0
0.0005554629735930994,5,12,2,0,1,0,0,0,0,0,0,0,0,0,1,0,0,0,0
0.0005554629735930994,5,12,2,0,1,0,0,0,0,0,0,0,0,0,1,0,0,0,0
0.0005554629735930994,5,49,7,0,1,0,0,0,0,0,0,0,0,0,1,0,0,0,0
0.00053077627891551,5,11,2,0,1,0,0,0,0,0,0,0,0,0,1,0,0,0,0
0.0007899865730301983,5,10,2,0,1,0,0,0,0,0,0,0,0,0,1,0,0,0,0
0.0005554629735930994,5,9,2,0,1,0,0,0,0,0,0,0,0,0,1,0,0,0,0
0.0,5,11,2,0,1,0,0,0,0,0,0,0,0,0,1,0,0,0,0
0.0006739591080455284,5,10,2,0,1,0,0,0,0,0,0,0,0,0,1,0,0,0,0
0.0007899865730301983,5,10,2,0,1,0,0,0,0,0,0,0,0,0,1,0,0,0,0
0.0005998990240127603,5,11,2,0,1,0,0,0,0,0,0,0,0,0,1,0,0,0,0
0.0,5,11,2,0,1,0,0,0,0,0,0,0,0,0,1,0,0,0,0
0.00042215482233411687,3,26,4,0,0,0,0,0,0,0,0,0,0,0,1,0,0,0,0
0.0007406131836750196,5,12,2,0,1,0,0,0,0,0,0,0,0,0,1,0,0,0,0
8.763776610544222e-07,3,-110,77,0,0,0,0,0,0,0,0,0,0,0,1,0,0,0,0
0.0004554818601488625,5,9,2,0,1,0,0,0,0,0,0,0,0,0,1,0,0,0,0
0.0004554818601488625,5,9,2,0,1,0,0,0,0,0,0,0,0,0,1,0,0,0,0
8.023175770216541e-07,5,9,2,0,1,0,0,0,0,0,0,0,0,0,1,0,0,0,0
0.000839359962385377,5,15,2,0,1,0,0,0,0,0,0,0,0,0,1,0,0,0,0
0.00047769988535869293,5,11,2,0,1,0,0,0,0,0,0,0,0,0,1,0,0,0,0
0.00053077627891551,4,15,3,0,1,0,0,0,0,0,0,0,0,0,1,0,0,0,0
0.0,5,19,3,0,1,0,1,0,0,0,0,0,0,0,1,0,0,0,0
0.0006171797102870728,5,18,4,0,1,0,1,0,0,0,0,0,0,0,1,0,0,0,0
0.0006171797102870728,5,19,3,0,1,0,1,0,0,0,0,0,0,0,1,0,0,0,0
0.0006788964469810462,3,14,2,0,1,0,0,0,0,0,0,0,0,0,1,0,0,0,0
0.0006171797102870728,1,25,3,0,1,0,0,0,0,0,0,0,0,0,1,0,0,0,0
0.00111091360383886,5,36,5,0,1,0,0,0,0,0,0,0,0,0,1,0,0,0,0
0.00111091360383886,1,13,2,0,0,0,0,0,0,0,0,0,0,0,1,0,0,0,0
0.0004888088979636082,5,34,6,0,1,0,0,0,0,0,0,0,0,0,1,0,0,0,0
5.98652345931542e-07,5,13,2,0,1,0,0,0,0,0,0,0,0,0,1,0,0,0,0
2.7895964985675974e-06,1,13,2,0,0,0,0,0,0,0,0,0,0,0,1,0,0,0,0
0.0008442973013208949,5,17,3,0,1,0,0,0,0,0,0,0,0,0,1,0,0,0,0
6.788841036337073e-07,5,15,3,0,1,0,0,0,0,0,0,0,0,0,1,0,0,0,0
0.0,3,13,3,0,1,0,0,0,0,0,0,0,0,0,1,0,0,0,0
6.7271242996431e-07,5,15,3,0,1,0,0,0,0,0,0,0,0,0,1,0,0,0,0
6.788841036337073e-07,5,45,7,0,1,0,0,0,0,0,0,0,0,0,1,0,0,0,0
0.0011929968636418447,1,18,3,0,0,0,0,0,0,0,0,0,0,0,1,0,0,0,0
0.0009331694021602166,5,15,3,0,1,0,0,0,0,0,0,0,0,0,1,0,0,0,0
9.99811134442369e-07,5,14,2,0,1,0,0,0,0,0,0,0,0,0,1,0,0,0,0
7.467725139970781e-07,5,46,7,0,1,0,0,0,0,0,0,0,0,0,1,0,0,0,0
1.308394817912236e-06,5,45,8,0,1,0,0,0,0,0,0,0,0,0,1,0,0,0,0
0.0006788964469810462,5,87,14,0,1,0,0,0,0,0,0,0,0,0,1,0,0,0,0
0.0,5,10,2,0,1,0,0,0,0,0,0,0,0,0,1,0,0,0,0
1.0491845237975477e-06,5,12,3,0,1,0,0,0,0,0,0,0,0,0,1,0,0,0,0
6.91227450972502e-07,5,14,2,0,1,0,0,0,0,0,0,0,0,0,1,0,0,0,0
9.25751050409601e-07,5,13,3,0,1,0,0,0,0,0,0,0,0,0,1,0,0,0,0
7.035707983112967e-07,5,10,2,0,1,0,0,0,0,0,0,0,0,0,1,0,0,0,0
0.0,5,15,3,0,1,0,0,0,0,0,0,0,0,0,1,0,0,0,0
0.0,3,47,6,0,0,0,0,0,0,0,0,0,0,0,1,0,0,0,0
0.0007961582466995957,5,44,7,0,1,0,1,0,0,0,0,0,0,0,1,0,0,0,0
0.0006788964469810462,5,87,14,0,1,0,0,0,0,0,0,0,0,0,1,0,0,0,0
0.0007714715520220063,2,23,5,0,0,0,1,0,0,0,0,0,0,0,1,0,0,0,0
6.788841036337073e-07,5,71,10,0,1,0,0,0,0,0,0,0,0,0,1,0,0,0,0
7.714592086746674e-07,5,12,3,0,1,0,0,0,0,0,0,0,0,0,1,0,0,0,0
8.455192927074356e-07,5,12,3,0,1,0,0,0,0,0,0,0,0,0,1,0,0,0,0
0.0005554629735930994,5,11,2,0,1,0,0,0,0,0,0,0,0,0,1,0,0,0,0
0.0005554629735930994,5,12,3,0,1,0,0,0,0,0,0,0,0,0,1,0,0,0,0
7.035707983112967e-07,1,13,2,0,0,0,0,0,0,0,0,0,0,0,1,0,0,0,0
0.0005998990240127603,5,12,2,0,1,0,0,0,0,0,0,0,0,0,1,0,0,0,0
0.00047769988535869293,5,13,3,0,1,0,0,0,0,0,0,0,0,0,1,0,0,0,0
0.0005554629735930994,5,10,2,0,1,0,0,0,0,0,0,0,0,0,1,0,0,0,0
6.91227450972502e-07,5,15,2,0,1,0,0,0,0,0,0,0,0,0,1,0,0,0,0
8.455192927074356e-07,5,12,3,0,1,0,0,0,0,0,0,0,0,0,1,0,0,0,0
0.0012343470772268068,3,27,5,0,1,0,0,0,0,0,0,0,0,0,1,0,0,0,0
0.0008887333517405558,5,12,3,0,1,0,0,0,0,0,0,0,0,0,1,0,0,0,0
0.0012343470772268068,5,12,3,0,1,0,0,0,0,0,0,0,0,0,1,0,0,0,0
0.000802329920368993,5,28,5,0,1,0,0,0,0,0,0,0,0,0,1,0,0,0,0
0.0007332071752717428,5,105,17,0,1,0,1,0,0,0,0,0,0,0,1,0,0,0,0
0.0004443728475439473,5,17,3,0,1,0,0,0,0,0,0,0,0,0,1,0,0,0,0
0.0007788775604252831,3,20,3,0,1,0,1,0,0,0,0,0,0,0,1,0,0,0,0
0.0010029093146244066,1,7,1,0,0,0,0,0,0,0,0,0,0,0,1,0,0,0,0
0.0005554629735930994,5,12,3,0,1,0,0,0,0,0,0,0,0,0,1,0,0,0,0
0.0,1,13,2,0,0,0,0,0,0,0,0,0,0,0,1,0,0,0,0
7.838025560134621e-07,5,10,2,0,1,0,0,0,0,0,0,0,0,0,1,0,0,0,0
0.0006480380786340595,1,7,1,0,0,0,0,0,0,0,0,0,0,0,1,0,0,0,0
7.220858193194887e-07,1,13,2,0,0,0,0,0,0,0,0,0,0,0,1,0,0,0,0
7.714592086746674e-07,5,12,2,0,1,0,0,0,0,0,0,0,0,0,1,0,0,0,0
5.677939775845552e-07,5,11,2,0,1,0,0,0,0,0,0,0,0,0,1,0,0,0,0
6.91227450972502e-07,5,14,2,0,1,0,0,0,0,0,0,0,0,0,1,0,0,0,0
0.000955387427370047,1,13,2,0,0,0,0,0,0,0,0,0,0,0,1,0,0,0,0
0.000839359962385377,1,11,2,0,0,0,0,0,0,0,0,0,0,0,1,0,0,0,0
1.0491845237975477e-06,5,12,3,0,1,0,0,0,0,0,0,0,0,0,1,0,0,0,0
8.516909663768329e-07,5,10,2,0,1,0,0,0,0,0,0,0,0,0,1,0,0,0,0
7.097424719806941e-07,5,12,3,0,1,0,0,0,0,0,0,0,0,0,1,0,0,0,0
0.00022219259544564303,1,13,2,0,0,0,0,0,0,0,0,0,0,0,1,0,0,0,0
7.838025560134621e-07,5,18,3,0,1,0,0,0,0,0,0,0,0,0,1,0,0,0,0
8.146609243604488e-07,5,14,2,0,1,0,0,0,0,0,0,0,0,0,1,0,0,0,0
6.973991246418993e-07,5,18,3,0,1,0,0,0,0,0,0,0,0,0,1,0,0,0,0
0.00038882778451937124,4,46,7,0,1,0,1,0,0,0,0,0,0,0,1,0,0,0,0
0.0007591282046832117,4,16,3,0,1,0,0,0,0,0,0,0,0,0,1,0,0,0,0
7.220858193194887e-07,5,15,3,0,1,0,0,0,0,0,0,0,0,0,1,0,0,0,0
8.208325980298462e-07,5,15,3,0,1,0,0,0,0,0,0,0,0,0,1,0,0,0,0
0.0006665530996422515,1,6,1,0,0,0,0,0,0,0,0,0,0,0,1,0,0,0,0
5.677939775845552e-07,5,13,2,0,1,0,0,0,0,0,0,0,0,0,1,0,0,0,0
0.0,5,10,2,0,1,0,0,0,0,0,0,0,0,0,1,0,0,0,0
8.023175770216541e-07,5,13,2,0,1,0,0,0,0,0,0,0,0,0,1,0,0,0,0
5.98652345931542e-07,5,15,2,0,1,0,0,0,0,0,0,0,0,0,1,0,0,0,0
6.91227450972502e-07,5,16,2,0,1,0,0,0,0,0,0,0,0,0,1,0,0,0,0
8.763776610544222e-07,5,12,3,0,1,0,0,0,0,0,0,0,0,0,1,0,0,0,0
0.0005332449483832689,5,11,2,0,1,0,0,0,0,0,0,0,0,0,1,0,0,0,0
7.529441876664754e-07,5,12,2,0,1,0,0,0,0,0,0,0,0,0,1,0,0,0,0
7.467725139970781e-07,5,9,2,0,1,0,0,0,0,0,0,0,0,0,1,0,0,0,0
7.220858193194887e-07,5,15,3,0,1,0,0,0,0,0,0,0,0,0,1,0,0,0,0
7.838025560134621e-07,5,12,3,0,1,0,0,0,0,0,0,0,0,0,1,0,0,0,0
0.0005332449483832689,5,12,3,0,1,0,0,0,0,0,0,0,0,0,1,0,0,0,0
0.0,1,21,3,0,0,0,0,0,0,0,0,0,0,0,1,0,0,0,0
0.0,5,66,12,0,1,0,1,0,0,0,0,0,0,0,1,0,0,0,0
0.0004665908727537777,5,14,2,0,1,0,0,0,0,0,0,0,0,0,1,0,0,0,0
0.0005554629735930994,5,44,8,0,1,0,0,0,0,0,0,0,0,0,1,0,0,0,0
6.109956932703366e-07,5,14,2,0,1,0,0,0,0,0,0,0,0,0,1,0,0,0,0
0.0009257633937569398,5,13,3,0,1,0,0,0,0,0,0,0,0,0,1,0,0,0,0
5.677939775845552e-07,5,14,2,0,1,0,0,0,0,0,0,0,0,0,1,0,0,0,0
5.863089985927472e-07,5,14,2,0,1,0,0,0,0,0,0,0,0,0,1,0,0,0,0
0.0015429307606966737,5,12,3,0,1,0,0,0,0,0,0,0,0,0,1,0,0,0,0
6.973991246418993e-07,5,13,2,0,1,0,0,0,0,0,0,0,0,0,1,0,0,0,0
8.084892506910514e-07,3,14,2,0,1,0,0,0,0,0,0,0,0,0,1,0,0,0,0
6.54197408956118e-07,5,10,2,0,1,0,0,0,0,0,0,0,0,0,1,0,0,0,0
0.0005110269231734386,5,37,6,0,1,0,0,0,0,0,0,0,0,0,1,0,0,0,0
6.788841036337073e-07,5,15,3,0,1,0,0,0,0,0,0,0,0,0,1,0,0,0,0
0.0005110269231734386,5,10,2,0,1,0,0,0,0,0,0,0,0,0,1,0,0,0,0
5.492789565763632e-07,5,13,3,0,1,0,0,0,0,0,0,0,0,0,1,0,0,0,0
7.097424719806941e-07,5,13,2,0,1,0,0,0,0,0,0,0,0,0,1,0,0,0,0
0.0005443539609881842,5,10,2,0,1,0,0,0,0,0,0,0,0,0,1,0,0,0,0
0.0005110269231734386,5,10,2,0,1,0,0,0,0,0,0,0,0,0,1,0,0,0,0
0.0,3,13,3,0,1,0,0,0,0,0,0,0,0,0,1,0,0,0,0
6.665407562949127e-07,5,9,2,0,1,0,0,0,0,0,0,0,0,0,1,0,0,0,0
6.418540616173233e-07,5,15,2,0,1,0,0,0,0,0,0,0,0,0,1,0,0,0,0
6.109956932703366e-07,5,9,2,0,1,0,0,0,0,0,0,0,0,0,1,0,0,0,0
7.714592086746674e-07,5,15,3,0,1,0,0,0,0,0,0,0,0,0,1,0,0,0,0
5.492789565763632e-07,5,47,9,0,1,0,0,0,0,0,0,0,0,0,1,0,0,0,0
0.0007776432256914037,5,13,2,0,1,0,0,0,0,0,0,0,0,0,1,0,0,0,0
6.973991246418993e-07,5,10,2,0,1,0,0,0,0,0,0,0,0,0,1,0,0,0,0
0.0005554629735930994,5,11,2,0,1,0,0,0,0,0,0,0,0,0,1,0,0,0,0
0.0012960638139207802,1,42,7,0,0,0,0,0,0,0,0,0,0,0,1,0,0,0,0
8.146609243604488e-07,5,11,2,0,1,0,0,0,0,0,0,0,0,0,1,0,0,0,0
6.418540616173233e-07,5,11,2,0,1,0,0,0,0,0,0,0,0,0,1,0,0,0,0
8.763776610544222e-07,5,14,3,0,1,0,0,0,0,0,0,0,0,0,1,0,0,0,0
7.406008403276808e-07,5,10,2,0,1,0,0,0,0,0,0,0,0,0,1,0,0,0,0
6.788841036337073e-07,5,10,2,0,1,0,0,0,0,0,0,0,0,0,1,0,0,0,0
7.776308823440648e-07,5,10,2,0,1,0,0,0,0,0,0,0,0,0,1,0,0,0,0
7.035707983112967e-07,5,11,2,0,1,0,0,0,0,0,0,0,0,0,1,0,0,0,0
0.0008949050254099531,1,13,2,0,0,0,0,0,0,0,0,0,0,0,1,0,0,0,0
9.134077030708062e-07,5,11,2,0,1,0,0,0,0,0,0,0,0,0,1,0,0,0,0
0.0006480380786340595,5,18,3,0,1,0,0,0,0,0,0,0,0,0,1,0,0,0,0
0.0004888088979636082,5,10,2,0,1,0,0,0,0,0,0,0,0,0,1,0,0,0,0
0.0005110269231734386,5,10,2,0,1,0,0,0,0,0,0,0,0,0,1,0,0,0,0
0.0005110269231734386,5,10,2,0,1,0,0,0,0,0,0,0,0,0,1,0,0,0,0
0.000493746236899126,3,31,4,0,0,0,0,0,0,0,0,0,0,0,1,0,0,0,0
8.763776610544222e-07,5,14,3,0,1,0,0,0,0,0,0,0,0,0,1,0,0,0,0
0.0005110269231734386,5,10,2,0,1,0,0,0,0,0,0,0,0,0,1,0,0,0,0
0.001289892140251383,1,13,2,0,0,0,0,0,0,0,0,0,0,0,1,0,0,0,0
7.529441876664754e-07,5,-75,29,0,1,0,0,0,0,0,0,0,0,0,1,0,0,0,0
0.0,5,10,2,0,1,0,0,0,0,0,0,0,0,0,1,0,0,0,0
8.578626400462302e-07,5,11,2,0,1,0,0,0,0,0,0,0,0,0,1,0,0,0,0
0.8889432009886626,5,10,2,0,1,0,0,0,0,0,0,0,0,0,1,0,0,0,0
7.776308823440648e-07,5,16,2,0,1,0,0,0,0,0,0,0,0,0,1,0,0,0,0
8.763776610544222e-07,5,92,15,0,1,0,0,0,0,0,0,0,0,0,1,0,0,0,0
0.0008331882887159797,5,13,2,0,1,0,0,0,0,0,0,0,0,0,1,0,0,0,0
0.0007745573888567049,1,13,2,0,0,0,0,0,0,0,0,0,0,0,1,0,0,0,0
8.146609243604488e-07,5,11,2,0,1,0,0,0,0,0,0,0,0,0,1,0,0,0,0
0.0008640466570629664,5,12,2,0,1,0,0,0,0,0,0,0,0,0,1,0,0,0,0
0.0005554629735930994,5,15,3,0,1,0,0,0,0,0,0,0,0,0,1,0,0,0,0
0.0004443728475439473,3,24,3,0,0,0,0,0,0,0,0,0,0,0,1,0,0,0,0
6.109956932703366e-07,5,14,2,0,1,0,0,0,0,0,0,0,0,0,1,0,0,0,0
0.0007035831416586356,3,14,2,0,1,0,0,0,0,0,0,0,0,0,1,0,0,0,0
9.072360294014089e-07,5,15,3,0,1,0,0,0,0,0,0,0,0,0,1,0,0,0,0
6.603690826255153e-07,5,12,3,0,1,0,0,0,0,0,0,0,0,0,1,0,0,0,0
7.467725139970781e-07,5,9,2,0,1,0,0,0,0,0,0,0,0,0,1,0,0,0,0
0.0004443728475439473,5,47,8,0,1,0,1,0,0,0,0,0,0,0,1,0,0,0,0
2.408187065798842e-05,1,22,4,0,0,0,0,0,0,0,0,0,0,0,1,0,0,0,0
0.0,1,22,4,0,0,0,0,0,0,0,0,0,0,0,1,0,0,0,0
2.287633706789947e-06,1,22,4,0,0,0,0,0,0,0,0,0,0,0,1,0,0,0,0
0.0,1,22,4,0,0,0,0,0,0,0,0,0,0,0,1,0,0,0,0
0.000830102451881281,1,8,2,0,0,0,0,0,0,0,0,0,0,0,1,0,0,0,0
7.097424719806941e-07,5,13,2,0,1,0,0,0,0,0,0,0,0,0,1,0,0,0,0
8.084892506910514e-07,5,17,3,0,1,0,0,0,0,0,0,0,0,0,1,0,0,0,0
0.0006332260618275059,5,15,3,0,1,0,0,0,0,0,0,0,0,0,1,0,0,0,0
0.0006850681206504436,5,10,2,0,1,0,0,0,0,0,0,0,0,0,1,0,0,0,0
0.00043881834124148965,1,21,3,0,1,0,1,0,0,0,0,0,0,0,1,0,0,0,0
9.874677871035743e-07,5,15,3,0,1,0,0,0,0,0,0,0,0,0,1,0,0,0,0
0.0005110269231734386,5,11,2,0,1,0,0,0,0,0,0,0,0,0,1,0,0,0,0
7.220858193194887e-07,5,19,3,0,1,1,0,0,0,0,0,0,0,0,1,0,0,0,0
9.010643557320116e-07,5,12,3,0,1,0,0,0,0,0,0,0,0,0,1,0,0,0,0
0.0006776621122471667,5,13,2,0,1,0,0,0,0,0,0,0,0,0,1,0,0,0,0
0.0009658792726080225,3,35,4,0,0,0,0,0,0,0,0,0,0,0,1,0,0,0,0
7.529441876664754e-07,5,16,2,0,1,0,0,0,0,0,0,0,0,0,1,0,0,0,0
9.010643557320116e-07,5,12,3,0,1,0,0,0,0,0,0,0,0,0,1,0,0,0,0
0.0005924930156094835,5,37,8,0,1,0,0,0,0,0,0,0,0,0,1,0,0,0,0
0.0005332449483832689,1,13,2,0,0,0,0,0,0,0,0,0,0,0,1,0,0,0,0
0.0006332260618275059,5,10,2,0,1,0,0,0,0,0,0,0,0,0,1,0,0,0,0
6.603690826255153e-07,5,13,2,0,1,0,0,0,0,0,0,0,0,0,1,0,0,0,0
9.25751050409601e-07,5,102,16,0,1,0,0,0,0,0,0,0,0,0,1,0,0,0,0
7.838025560134621e-07,5,12,3,0,1,0,0,0,0,0,0,0,0,0,1,0,0,0,0
0.0,1,13,2,0,0,0,0,0,0,0,0,0,0,0,1,0,0,0,0
9.380943977483956e-07,5,10,2,0,1,0,0,0,0,0,0,0,0,0,1,0,0,0,0
8.516909663768329e-07,5,14,3,0,1,1,0,0,0,0,0,0,0,0,1,0,0,0,0
5.307639355681712e-07,5,14,2,0,1,0,0,0,0,0,0,0,0,0,1,0,0,0,0
0.0008640466570629664,5,12,3,0,1,0,0,0,0,0,0,0,0,0,1,0,0,0,0
1.0,5,12,2,0,1,0,0,0,0,0,0,0,0,0,1,0,0,0,0
0.0007776432256914037,5,51,9,0,1,0,0,0,0,0,0,0,0,0,1,0,0,0,0
0.0004665908727537777,5,11,2,0,1,0,0,0,0,0,0,0,0,0,1,0,0,0,0
5.863089985927472e-07,5,14,2,0,1,0,0,0,0,0,0,0,0,0,1,0,0,0,0
0.00042215482233411687,5,45,8,0,1,0,0,0,0,0,0,0,0,0,1,0,0,0,0
0.0005443539609881842,5,12,3,0,1,0,0,0,0,0,0,0,0,0,1,0,0,0,0
0.00038882778451937124,5,11,2,0,1,0,0,0,0,0,0,0,0,0,1,0,0,0,0
0.0005221359357783537,5,14,2,0,1,0,0,0,0,0,0,0,0,0,1,0,0,0,0
1.3762832282756067e-06,5,12,3,0,1,0,0,0,0,0,0,0,0,0,1,0,0,0,0
0.0005110269231734386,5,11,2,0,1,0,0,0,0,0,0,0,0,0,1,0,0,0,0
0.000493746236899126,1,24,4,0,1,0,0,0,0,0,0,0,0,0,1,0,0,0,0
5.801373249233499e-07,5,10,2,0,1,0,0,0,0,0,0,0,0,0,1,0,0,0,0
0.00053077627891551,5,15,3,0,1,0,0,0,0,0,0,0,0,0,1,0,0,0,0
0.0005221359357783537,5,10,2,0,1,0,0,0,0,0,0,0,0,0,1,0,0,0,0
0.0005554629735930994,5,92,16,0,1,0,0,0,0,0,0,0,0,0,1,0,0,0,0
0.0007097548153280329,1,8,2,0,0,0,0,0,0,0,0,0,0,0,1,0,0,0,0
0.0007220981626668276,5,12,3,0,1,0,0,0,0,0,0,0,0,0,1,0,0,0,0
0.0006110080366176755,3,28,4,0,1,0,0,0,0,0,0,0,0,0,1,0,0,0,0
1.197304691863084e-06,5,17,3,0,1,0,0,0,0,0,0,0,0,0,1,0,0,0,0
5.863089985927472e-07,5,12,2,0,1,0,0,0,0,0,0,0,0,0,1,0,0,0,0
7.529441876664754e-07,5,12,3,0,1,0,0,0,0,0,0,0,0,0,1,0,0,0,0
0.00042215482233411687,5,15,3,0,1,0,0,0,0,0,0,0,0,0,1,0,0,0,0
7.529441876664754e-07,5,10,2,0,1,0,0,0,0,0,0,0,0,0,1,0,0,0,0
0.0005554629735930994,5,18,4,0,1,0,0,0,0,0,0,0,0,0,1,0,0,0,0
0.00042215482233411687,5,15,3,0,1,0,0,0,0,0,0,0,0,0,1,0,0,0,0
1.1602746498466998e-06,5,12,3,0,1,0,0,0,0,0,0,0,0,0,1,0,0,0,0
4.6904719887419786e-07,5,38,6,0,1,0,0,0,0,0,0,0,0,0,1,0,0,0,0
5.554506302457605e-07,5,38,6,0,1,0,0,0,0,0,0,0,0,0,1,0,0,0,0
0.0005998990240127603,5,-78,69,0,1,0,0,0,0,0,0,0,0,0,1,0,0,0,0
1.0615278711363424e-06,5,12,3,0,1,0,0,0,0,0,0,0,0,0,1,0,0,0,0
8.393476190380381e-07,3,23,4,0,0,0,0,0,0,0,0,0,0,0,1,0,0,0,0
0.0005221359357783537,5,14,2,0,1,0,0,0,0,0,0,0,0,0,1,0,0,0,0
0.0005554629735930994,5,10,2,0,1,0,0,0,0,0,0,0,0,0,1,0,0,0,0
5.863089985927472e-07,5,13,2,0,1,0,0,0,0,0,0,0,0,0,1,0,0,0,0
7.899742296828595e-07,5,12,3,0,1,0,0,0,0,0,0,0,0,0,1,0,0,0,0
0.001083141072326572,5,12,2,0,1,0,0,0,0,0,0,0,0,0,1,0,0,0,0
0.0005184329315767154,5,20,3,0,1,0,1,0,0,0,0,0,0,0,1,0,0,0,0
8.763776610544222e-07,5,69,11,0,1,0,0,0,0,0,0,0,0,0,1,0,0,0,0
0.0006974114679892382,4,47,9,0,1,0,1,0,0,0,0,0,0,0,1,0,0,0,0
0.0005184329315767154,5,20,3,0,1,0,1,0,0,0,0,0,0,0,1,0,0,0,0
0.0008887333517405558,5,12,3,0,1,0,0,0,0,0,0,0,0,0,1,0,0,0,0
0.0008293309926726063,1,8,2,0,0,0,0,0,0,0,0,0,0,0,1,0,0,0,0
8.578626400462302e-07,5,11,2,0,1,0,0,0,0,0,0,0,0,0,1,0,0,0,0
0.00035550074670462556,3,34,4,0,0,0,0,0,0,0,0,0,0,0,1,0,0,0,0
0.0004888088979636082,5,20,4,0,1,0,1,0,0,0,0,0,0,0,1,0,0,0,0
0.00031106469628496475,1,11,1,0,1,0,0,0,0,0,0,0,0,0,1,0,0,0,0
0.001066477553419199,5,44,7,0,1,0,1,0,0,0,0,0,0,0,1,0,0,0,0
0.0006110080366176755,5,25,4,0,1,0,1,0,0,0,0,0,0,0,1,0,0,0,0
1.3392531862592226e-06,5,16,3,0,1,0,0,0,0,0,0,0,0,0,1,0,0,0,0
0.0007332071752717428,5,38,7,0,1,0,1,0,0,0,0,0,0,0,1,0,0,0,0
0.0005776809988029298,5,15,3,0,1,0,0,0,0,0,0,0,0,0,1,0,0,0,0
0.00111091360383886,5,12,3,0,1,0,0,0,0,0,0,0,0,0,1,0,0,0,0
0.0004999179105685234,3,23,3,0,0,0,0,0,0,0,0,0,0,0,1,0,0,0,0
0.0006221170492225907,5,48,8,0,1,0,1,0,0,0,0,0,0,0,1,0,0,0,0
6.91227450972502e-07,5,9,2,0,1,0,0,0,0,0,0,0,0,0,1,0,0,0,0
0.0006221170492225907,5,11,2,0,1,0,0,0,0,0,0,0,0,0,1,0,0,0,0
7.28257492988886e-07,5,10,2,0,1,0,0,0,0,0,0,0,0,0,1,0,0,0,0
0.0010800552354918733,5,12,3,0,1,0,0,0,0,0,0,0,0,0,1,0,0,0,0
6.603690826255153e-07,5,9,2,0,1,0,0,0,0,0,0,0,0,0,1,0,0,0,0
0.0007406131836750196,3,77,10,0,1,0,0,0,0,0,0,0,0,0,1,0,0,0,0
0.0005332449483832689,5,12,2,0,1,0,0,0,0,0,0,0,0,0,1,0,0,0,0
8.023175770216541e-07,5,10,2,0,1,0,0,0,0,0,0,0,0,0,1,0,0,0,0
0.0006221170492225907,5,10,2,0,1,0,0,0,0,0,0,0,0,0,1,0,0,0,0
9.072360294014089e-07,1,13,2,0,0,0,0,0,0,0,0,0,0,0,1,0,0,0,0
0.0013330938559371643,5,15,3,0,1,0,0,0,0,0,0,0,0,0,1,0,0,0,0
0.0005554629735930994,5,12,2,0,1,0,0,0,0,0,0,0,0,0,1,0,0,0,0
1.0306695027893558e-06,5,46,7,0,1,0,0,0,0,0,0,0,0,0,1,0,0,0,0
7.529441876664754e-07,5,10,2,0,1,0,0,0,0,0,0,0,0,0,1,0,0,0,0
0.0006943256311545395,1,29,3,0,0,0,1,0,0,0,0,0,0,0,1,0,0,0,0
0.0008452230523713045,1,7,1,0,0,0,0,0,0,0,0,0,0,0,1,0,0,0,0
8.023175770216541e-07,5,15,2,0,1,0,0,0,0,0,0,0,0,0,1,0,0,0,0
0.0005776809988029298,1,19,3,0,0,0,0,0,0,0,0,0,0,0,1,0,0,0,0
0.0004443728475439473,1,10,1,0,0,0,0,0,0,0,0,0,0,0,1,0,0,0,0
8.023175770216541e-07,5,15,2,0,1,0,0,0,0,0,0,0,0,0,1,0,0,0,0
0.0007930724098648969,5,46,7,0,1,0,1,0,0,0,0,0,0,0,1,0,0,0,0
0.0006480380786340595,2,2,1,0,1,0,0,0,0,0,0,0,0,0,1,0,0,0,0
0.0005110269231734386,5,65,10,0,1,0,0,0,0,0,0,0,0,0,1,0,0,0,0
0.0008887333517405558,1,7,1,0,0,0,0,0,0,0,0,0,0,0,1,0,0,0,0
0.0010535170387134646,4,23,5,0,0,0,0,0,0,0,0,0,0,0,1,0,0,0,0
0.00071654365636437,2,39,10,0,1,0,0,0,0,0,0,0,0,0,1,0,0,0,0
6.295107142785287e-07,5,12,3,0,1,0,0,0,0,0,0,0,0,0,1,0,0,0,0
6.91227450972502e-07,5,14,2,0,1,0,0,0,0,0,0,0,0,0,1,0,0,0,0
0.0007702372172881267,2,73,15,0,0,0,0,0,0,0,0,0,0,0,1,0,0,0,0
7.529441876664754e-07,5,11,2,0,1,0,0,0,0,0,0,0,0,0,1,0,0,0,0
6.35682387947926e-07,5,11,2,0,1,0,0,0,0,0,0,0,0,0,1,0,0,0,0
0.0007930724098648969,5,46,7,0,1,0,1,0,0,0,0,0,0,0,1,0,0,0,0
0.0005110269231734386,4,21,4,0,1,0,0,0,0,0,0,0,0,0,1,0,0,0,0
5.492789565763632e-07,5,12,2,0,1,0,0,0,0,0,0,0,0,0,1,0,0,0,0
0.0006665530996422515,5,-95,25,0,1,0,0,0,0,0,0,0,0,0,1,0,0,0,0
0.0005332449483832689,5,35,46,0,1,0,0,0,0,0,0,0,0,0,1,0,0,0,0
0.0005332449483832689,5,-28,36,0,1,0,0,0,0,0,0,0,0,0,1,0,0,0,0
9.010643557320116e-07,5,11,2,0,1,0,0,0,0,0,0,0,0,0,1,0,0,0,0
0.0005332449483832689,5,11,2,0,1,0,0,0,0,0,0,0,0,0,1,0,0,0,0
0.0005332449483832689,5,14,2,0,1,0,0,0,0,0,0,0,0,0,1,0,0,0,0
7.097424719806941e-07,5,12,3,0,1,0,0,0,0,0,0,0,0,0,1,0,0,0,0
8.331759453686408e-07,5,14,3,0,1,0,0,0,0,0,0,0,0,0,1,0,0,0,0
0.0006110080366176755,5,12,2,0,1,0,0,0,0,0,0,0,0,0,1,0,0,0,0
0.0005554629735930994,5,-104,24,0,1,0,0,0,0,0,0,0,0,0,1,0,0,0,0
0.0004554818601488625,5,11,2,0,1,0,0,0,0,0,0,0,0,0,1,0,0,0,0
0.0007097548153280329,2,2,1,0,1,0,0,0,0,0,0,0,0,0,1,0,0,0,0
0.00032217370888987994,3,58,8,0,0,0,0,0,0,0,0,0,0,0,1,0,0,0,0
0.0006665530996422515,5,21,3,0,1,0,0,0,0,0,0,0,0,0,1,0,0,0,0
0.00071654365636437,2,39,10,0,1,0,0,0,0,0,0,0,0,0,1,0,0,0,0
0.0,5,19,4,0,1,1,0,0,0,0,0,0,0,0,1,0,0,0,0
0.00047769988535869293,5,15,2,0,1,0,0,0,0,0,0,0,0,0,1,0,0,0,0
0.0003332827214947952,1,13,2,0,0,0,0,0,0,0,0,0,0,0,1,0,0,0,0
0.0008949050254099531,4,20,3,0,1,0,0,0,0,0,0,0,0,0,1,0,0,0,0
0.0004443728475439473,3,74,16,0,1,0,0,0,0,0,0,0,0,0,1,0,0,0,0
0.0005332449483832689,5,16,2,0,1,0,0,0,0,0,0,0,0,0,1,0,0,0,0
0.001577492133245299,5,12,3,0,1,0,0,0,0,0,0,0,0,0,1,0,0,0,0
7.220858193194887e-07,5,15,3,0,1,0,0,0,0,0,0,0,0,0,1,0,0,0,0
0.0005332449483832689,5,11,2,0,1,0,0,0,0,0,0,0,0,0,1,0,0,0,0
6.048240196009393e-07,1,13,2,0,0,0,0,0,0,0,0,0,0,0,1,0,0,0,0
0.0007220981626668276,1,18,2,0,1,0,0,0,0,0,0,0,0,0,1,0,0,0,0
0.0011331316290486904,1,54,6,0,1,0,0,0,0,0,0,0,0,0,1,0,0,0,0
0.0012553307677027577,1,9,2,0,0,0,1,0,0,0,0,0,0,0,1,0,0,0,0
0.0008517033097241718,4,15,3,0,1,0,0,0,0,0,0,0,0,0,1,0,0,0,0
0.0006665530996422515,5,37,6,0,1,0,0,0,0,0,0,0,0,0,1,0,0,0,0
0.0005776809988029298,5,8,2,0,1,0,0,0,0,0,0,0,0,0,1,0,0,0,0
5.98652345931542e-07,5,12,2,0,1,0,0,0,0,0,0,0,0,0,1,0,0,0,0
6.91227450972502e-07,5,12,3,0,1,0,0,0,0,0,0,0,0,0,1,0,0,0,0
0.0006369290660291443,1,6,1,0,0,0,0,0,0,0,0,0,0,0,1,0,0,0,0
0.0008949050254099531,1,10,1,0,0,0,0,0,0,0,0,0,0,0,1,0,0,0,0
0.0005924930156094835,5,12,2,0,1,0,0,0,0,0,0,0,0,0,1,0,0,0,0
0.0005924930156094835,4,10,2,0,1,0,0,0,0,0,0,0,0,0,1,0,0,0,0
0.0008146732677077877,5,36,7,0,1,0,0,0,0,0,0,0,0,0,1,0,0,0,0
7.529441876664754e-07,5,10,2,0,1,0,0,0,0,0,0,0,0,0,1,0,0,0,0
0.0008794758412364597,3,33,6,0,0,0,0,0,0,0,0,0,0,0,1,0,0,0,0
0.0005110269231734386,5,15,3,0,1,0,0,0,0,0,0,0,0,0,1,0,0,0,0
0.00038882778451937124,5,17,3,0,1,0,0,0,0,0,0,0,0,0,1,0,0,0,0
0.00039993679712428643,5,-98,24,0,1,0,0,0,0,0,0,0,0,0,1,0,0,0,0
0.0007887522382963189,5,72,12,0,1,0,0,0,0,0,0,0,0,0,1,0,0,0,0
0.0,5,12,2,0,1,0,0,0,0,0,0,0,0,0,1,0,0,0,0
7.529441876664754e-07,5,12,2,0,1,0,0,0,0,0,0,0,0,0,1,0,0,0,0
9.380943977483956e-07,5,12,3,0,1,0,0,0,0,0,0,0,0,0,1,0,0,0,0
4.1350213584962175e-07,5,14,3,0,1,0,0,0,0,0,0,0,0,0,1,0,0,0,0
1.3022231442428387e-06,5,14,2,0,1,0,0,0,0,0,0,0,0,0,1,0,0,0,0
0.0007097548153280329,1,12,1,0,0,0,0,0,0,0,0,0,0,0,1,0,0,0,0
1.0923862394833291e-06,3,23,4,0,0,0,0,0,0,0,0,0,0,0,1,0,0,0,0
0.00035550074670462556,5,15,3,0,1,0,0,0,0,0,0,0,0,0,1,0,0,0,0
0.0003332827214947952,5,14,2,0,1,0,0,0,0,0,0,0,0,0,1,0,0,0,0
7.838025560134621e-07,3,23,4,0,0,0,0,0,0,0,0,0,0,0,1,0,0,0,0
6.295107142785287e-07,5,16,2,0,1,0,0,0,0,0,0,0,0,0,1,0,0,0,0
8.146609243604488e-07,5,36,6,0,1,0,0,0,0,0,0,0,0,0,1,0,0,0,0
7.529441876664754e-07,5,10,2,0,1,0,0,0,0,0,0,0,0,0,1,0,0,0,0
0.00035550074670462556,5,46,6,0,1,0,0,0,0,0,0,0,0,0,1,0,0,0,0
0.00040734280552756326,1,26,4,0,0,0,0,0,0,0,0,0,0,0,1,0,0,0,0
0.0007535736983807541,5,10,2,0,1,0,0,0,0,0,0,0,0,0,1,0,0,0,0
6.295107142785287e-07,5,15,3,0,1,0,0,0,0,0,0,0,0,0,1,0,0,0,0
0.0,5,15,3,0,1,0,0,0,0,0,0,0,0,0,1,0,0,0,0
0.0006110080366176755,5,11,2,0,1,0,0,0,0,0,0,0,0,0,1,0,0,0,0
0.0005554629735930994,5,9,2,0,1,0,0,0,0,0,0,0,0,0,1,0,0,0,0
5.184205882293765e-07,5,11,2,0,1,0,0,0,0,0,0,0,0,0,1,0,0,0,0
1.3701115546062094e-06,5,13,3,0,1,0,0,0,0,0,0,0,0,0,1,0,0,0,0
0.0004443728475439473,5,11,2,0,1,0,0,0,0,0,0,0,0,0,1,0,0,0,0
0.0004999179105685234,5,9,2,0,1,0,0,0,0,0,0,0,0,0,1,0,0,0,0
0.0002721831521677615,1,21,4,0,1,0,0,0,0,0,0,0,0,0,1,0,0,0,0
0.0006171797102870728,1,13,2,0,0,0,0,0,0,0,0,0,0,0,1,0,0,0,0
1.0800428921445345e-06,5,12,3,0,1,0,0,0,0,0,0,0,0,0,1,0,0,0,0
8.825493347238196e-07,5,11,2,0,1,0,0,0,0,0,0,0,0,0,1,0,0,0,0
7.097424719806941e-07,1,13,2,0,0,0,0,0,0,0,0,0,0,0,1,0,0,0,0
0.0005110269231734386,5,14,2,0,1,0,0,0,0,0,0,0,0,0,1,0,0,0,0
0.00034439173409971037,5,15,2,0,1,0,0,0,0,0,0,0,0,0,1,0,0,0,0
0.000377718771914456,5,11,2,0,1,0,0,0,0,0,0,0,0,0,1,0,0,0,0
1.968763900537751e-06,5,12,3,0,1,0,0,0,0,0,0,0,0,0,1,0,0,0,0
0.000493746236899126,3,14,2,0,1,0,0,0,0,0,0,0,0,0,1,0,0,0,0
0.0010491968671448866,5,12,2,0,1,0,0,0,0,0,0,0,0,0,1,0,0,0,0
0.0004443728475439473,1,13,2,0,0,0,0,0,0,0,0,0,0,0,1,0,0,0,0
0.0005924930156094835,5,13,2,0,1,0,0,0,0,0,0,0,0,0,1,0,0,0,0
0.000377718771914456,5,12,2,0,1,0,0,0,0,0,0,0,0,0,1,0,0,0,0
1.3207381652510307e-06,5,14,2,0,1,0,0,0,0,0,0,0,0,0,1,0,0,0,0
7.097424719806941e-07,5,11,2,0,1,0,0,0,0,0,0,0,0,0,1,0,0,0,0
9.99811134442369e-07,5,10,2,0,1,0,0,0,0,0,0,0,0,0,1,0,0,0,0
7.220858193194887e-07,5,11,2,0,1,0,0,0,0,0,0,0,0,0,1,0,0,0,0
0.000567806320931894,1,6,1,0,0,0,0,0,0,0,0,0,0,0,1,0,0,0,0
0.0004443728475439473,5,13,2,0,1,0,0,0,0,0,0,0,0,0,1,0,0,0,0
0.0005554629735930994,5,11,2,0,1,0,0,0,0,0,0,0,0,0,1,0,0,0,0
8.763776610544222e-07,5,15,2,0,1,0,0,0,0,0,0,0,0,0,1,0,0,0,0
0.0004443728475439473,5,88,14,0,1,0,0,0,0,0,0,0,0,0,1,0,0,0,0
0.0003332827214947952,5,13,3,0,1,0,0,0,0,0,0,0,0,0,1,0,0,0,0
7.220858193194887e-07,5,55,10,0,1,0,0,0,0,0,0,0,0,0,1,0,0,0,0
0.0006665530996422515,5,11,2,0,1,0,0,0,0,0,0,0,0,0,1,0,0,0,0
1.6972102590842684e-06,5,12,3,0,1,0,0,0,0,0,0,0,0,0,1,0,0,0,0
8.084892506910514e-07,5,11,2,0,1,0,0,0,0,0,0,0,0,0,1,0,0,0,0
7.961459033522568e-07,5,12,3,0,1,0,0,0,0,0,0,0,0,0,1,0,0,0,0
9.689527660953824e-07,5,43,8,0,1,0,0,0,0,0,0,0,0,0,1,0,0,0,0
0.0007109891500619123,5,15,3,0,1,0,0,0,0,0,0,0,0,0,1,0,0,0,0
7.714592086746674e-07,5,54,9,0,1,0,0,0,0,0,0,0,0,0,1,0,0,0,0
0.0006332260618275059,5,10,2,0,1,0,0,0,0,0,0,0,0,0,1,0,0,0,0
0.0004665908727537777,5,17,3,0,1,0,0,0,0,0,0,0,0,0,1,0,0,0,0
0.000820844941377185,1,26,4,0,0,0,0,0,0,0,0,0,0,0,1,0,0,0,0
8.825493347238196e-07,5,9,2,0,1,0,0,0,0,0,0,0,0,0,1,0,0,0,0
0.0009134200464181451,3,32,4,0,0,0,0,0,0,0,0,0,0,0,1,0,0,0,0
0.0006387805681299635,4,13,3,0,1,0,0,0,0,0,0,0,0,0,1,0,0,0,0
0.0009257633937569398,5,11,2,0,1,0,0,0,0,0,0,0,0,0,1,0,0,0,0
6.295107142785287e-07,5,13,2,0,1,0,0,0,0,0,0,0,0,0,1,0,0,0,0
0.0009257633937569398,3,38,5,0,0,0,0,0,0,0,0,0,0,0,1,0,0,0,0
0.0007097548153280329,2,11,2,0,1,0,0,0,0,0,0,0,0,0,1,0,0,0,0
0.000377718771914456,5,40,7,0,1,0,0,0,0,0,0,0,0,0,1,0,0,0,0
0.0004888088979636082,5,14,2,0,1,0,0,0,0,0,0,0,0,0,1,0,0,0,0
6.788841036337073e-07,5,36,6,0,1,0,0,0,0,0,0,0,0,0,1,0,0,0,0
7.776308823440648e-07,5,9,2,0,1,0,0,0,0,0,0,0,0,0,1,0,0,0,0
0.0005665719861980146,5,10,2,0,1,0,0,0,0,0,0,0,0,0,1,0,0,0,0
6.788841036337073e-07,5,52,9,0,1,0,0,0,0,0,0,0,0,0,1,0,0,0,0
1.0800428921445345e-06,5,11,2,0,1,0,0,0,0,0,0,0,0,0,1,0,0,0,0
1.4935450279941562e-06,5,15,3,0,1,0,0,0,0,0,0,0,0,0,1,0,0,0,0
8.455192927074356e-07,5,12,3,0,1,0,0,0,0,0,0,0,0,0,1,0,0,0,0
6.788841036337073e-07,5,14,2,0,1,0,0,0,0,0,0,0,0,0,1,0,0,0,0
6.788841036337073e-07,5,55,9,0,1,0,0,0,0,0,0,0,0,0,1,0,0,0,0
0.0011331316290486904,3,34,4,0,0,0,0,0,0,0,0,0,0,0,1,0,0,0,0
0.0012960638139207802,1,9,2,0,0,0,0,0,0,0,0,0,0,0,1,0,0,0,0
5.801373249233499e-07,1,13,2,0,0,0,0,0,0,0,0,0,0,0,1,0,0,0,0
0.0005184329315767154,5,14,3,0,1,0,0,0,0,0,0,0,0,0,1,0,0,0,0
1.9761699089410282e-05,1,22,4,0,0,0,0,0,0,0,0,0,0,0,1,0,0,0,0
1.0985579131527265e-06,5,12,2,0,1,0,0,0,0,0,0,0,0,0,1,0,0,0,0
6.788841036337073e-07,5,14,2,0,1,0,0,0,0,0,0,0,0,0,1,0,0,0,0
6.788841036337073e-07,5,9,2,0,1,0,0,0,0,0,0,0,0,0,1,0,0,0,0
6.788841036337073e-07,5,9,2,0,1,0,0,0,0,0,0,0,0,0,1,0,0,0,0
0.0,3,23,4,0,0,0,0,0,0,0,0,0,0,0,1,0,0,0,0
0.0007035831416586356,3,14,2,0,1,0,0,0,0,0,0,0,0,0,1,0,0,0,0
0.0005443539609881842,3,44,4,0,0,0,0,0,0,0,0,0,0,0,1,0,0,0,0
1.0615278711363424e-06,5,10,2,0,1,0,0,0,0,0,0,0,0,0,1,0,0,0,0
7.406008403276808e-07,5,11,2,0,1,0,0,0,0,0,0,0,0,0,1,0,0,0,0
0.0004554818601488625,5,41,7,0,1,0,0,0,0,0,0,0,0,0,1,0,0,0,0
0.0009609419336725046,5,5,33,0,1,0,0,0,0,0,0,0,0,0,1,0,0,0,0
0.0007332071752717428,5,56,9,0,1,0,1,0,0,0,0,0,0,0,1,0,0,0,0
0.00035550074670462556,5,56,8,0,1,0,0,0,0,0,0,0,0,0,1,0,0,0,0
0.0009720509462774198,4,16,3,0,1,0,0,0,0,0,0,0,0,0,1,0,0,0,0
8.825493347238196e-07,5,11,2,0,1,0,0,0,0,0,0,0,0,0,1,0,0,0,0
0.0006110080366176755,5,20,4,0,1,0,1,0,0,0,0,0,0,0,1,0,0,0,0
0.0010707051498827364,3,12,3,0,1,0,0,0,0,0,0,0,0,0,1,0,0,0,0
0.000744316187876658,5,11,2,0,1,0,0,0,0,0,0,0,0,0,1,0,0,0,0
9.380943977483956e-07,5,11,2,0,1,0,0,0,0,0,0,0,0,0,1,0,0,0,0
0.00042215482233411687,2,15,1,0,1,0,0,0,0,0,0,0,0,0,1,0,0,0,0
0.0,3,23,4,0,0,0,0,0,0,0,0,0,0,0,1,0,0,0,0
0.00047769988535869293,5,10,2,0,1,0,0,0,0,0,0,0,0,0,1,0,0,0,0
0.00047769988535869293,5,8,2,0,1,0,0,0,0,0,0,0,0,0,1,0,0,0,0
5.369356092375685e-07,5,15,2,0,1,0,0,0,0,0,0,0,0,0,1,0,0,0,0
0.0006998801374569971,3,25,3,0,0,0,0,0,0,0,0,0,0,0,1,0,0,0,0
5.307639355681712e-07,5,10,2,0,1,0,0,0,0,0,0,0,0,0,1,0,0,0,0
0.00047769988535869293,5,12,2,0,1,0,0,0,0,0,0,0,0,0,1,0,0,0,0
0.0004999179105685234,2,15,1,0,1,0,0,0,0,0,0,0,0,0,1,0,0,0,0
6.973991246418993e-07,5,15,2,0,1,0,0,0,0,0,0,0,0,0,1,0,0,0,0
0.00039993679712428643,5,11,2,0,1,0,0,0,0,0,0,0,0,0,1,0,0,0,0
0.00047769988535869293,5,13,2,0,1,0,0,0,0,0,0,0,0,0,1,0,0,0,0
6.295107142785287e-07,5,13,2,0,1,0,0,0,0,0,0,0,0,0,1,0,0,0,0
0.0004888088979636082,5,12,2,0,1,0,0,0,0,0,0,0,0,0,1,0,0,0,0
0.0005443539609881842,5,10,2,0,1,0,0,0,0,0,0,0,0,0,1,0,0,0,0
0.0005776809988029298,5,16,2,0,1,0,0,0,0,0,0,0,0,0,1,0,0,0,0
0.0005776809988029298,5,10,2,0,1,0,0,0,0,0,0,0,0,0,1,0,0,0,0
0.00039993679712428643,5,20,3,0,1,0,0,0,0,0,0,0,0,0,1,0,0,0,0
0.0008331882887159797,5,12,3,0,1,0,0,0,0,0,0,0,0,0,1,0,0,0,0
0.0005708921577665928,1,13,2,0,0,0,0,0,0,0,0,0,0,0,1,0,0,0,0
7.159141456500914e-07,5,38,6,0,1,0,0,0,0,0,0,0,0,0,1,0,0,0,0
0.000802329920368993,5,45,9,0,1,0,0,0,0,0,0,0,0,0,1,0,0,0,0
0.0006554440870373364,5,12,3,0,1,0,0,0,0,0,0,0,0,0,1,0,0,0,0
7.467725139970781e-07,5,13,2,0,1,0,0,0,0,0,0,0,0,0,1,0,0,0,0
0.0005332449483832689,5,17,3,0,1,0,0,0,0,0,0,0,0,0,1,0,0,0,0
0.0007109891500619123,5,13,2,0,1,0,0,0,0,0,0,0,0,0,1,0,0,0,0
0.00031106469628496475,5,15,3,0,1,0,0,0,0,0,0,0,0,0,1,0,0,0,0
0.00031106469628496475,5,12,2,0,1,0,0,0,0,0,0,0,0,0,1,0,0,0,0
0.0006998801374569971,5,8,2,0,1,0,0,0,0,0,0,0,0,0,1,0,0,0,0
0.0008362741255506784,2,2,1,0,1,0,0,0,0,0,0,0,0,0,1,0,0,0,0
6.788841036337073e-07,5,9,2,0,1,0,0,0,0,0,0,0,0,0,1,0,0,0,0
0.0008331882887159797,3,11,2,0,1,0,0,0,0,0,0,0,0,0,1,0,0,0,0
8.948926820626142e-07,3,25,4,0,0,0,0,0,0,0,0,0,0,0,1,0,0,0,0
6.788841036337073e-07,5,11,2,0,1,0,0,0,0,0,0,0,0,0,1,0,0,0,0
8.146609243604488e-07,5,-106,27,0,1,0,0,0,0,0,0,0,0,0,1,0,0,0,0
0.0006665530996422515,5,12,2,0,1,0,0,0,0,0,0,0,0,0,1,0,0,0,0
0.000493746236899126,5,12,3,0,1,0,0,0,0,0,0,0,0,0,1,0,0,0,0
0.0005332449483832689,5,10,2,0,1,0,0,0,0,0,0,0,0,0,1,0,0,0,0
8.146609243604488e-07,5,36,6,0,1,0,0,0,0,0,0,0,0,0,1,0,0,0,0
8.455192927074356e-07,5,44,7,0,1,0,0,0,0,0,0,0,0,0,1,0,0,0,0
7.776308823440648e-07,5,11,2,0,1,0,0,0,0,0,0,0,0,0,1,0,0,0,0
0.0014812140240027004,3,14,2,0,1,0,0,0,0,0,0,0,0,0,1,0,0,0,0
0.0004443728475439473,3,24,3,0,0,0,0,0,0,0,0,0,0,0,1,0,0,0,0
5.98652345931542e-07,5,10,2,0,1,0,0,0,0,0,0,0,0,0,1,0,0,0,0
0.0006554440870373364,1,15,2,0,0,0,0,0,0,0,0,0,0,0,1,0,0,0,0
6.7271242996431e-07,5,44,7,0,1,0,0,0,0,0,0,0,0,0,1,0,0,0,0
6.788841036337073e-07,5,15,3,0,1,0,0,0,0,0,0,0,0,0,1,0,0,0,0
7.344291666582834e-07,5,13,2,0,1,0,0,0,0,0,0,0,0,0,1,0,0,0,0
6.7271242996431e-07,5,40,6,0,1,0,0,0,0,0,0,0,0,0,1,0,0,0,0
5.98652345931542e-07,5,11,2,0,1,0,0,0,0,0,0,0,0,0,1,0,0,0,0
0.00039993679712428643,5,124,17,0,1,0,0,0,0,0,0,0,0,0,1,0,0,0,0
0.0007332071752717428,5,19,4,0,1,0,0,0,0,0,0,0,0,0,1,0,0,0,0
0.0006443350744324211,5,15,3,0,1,0,0,0,0,0,0,0,0,0,1,0,0,0,0
9.99811134442369e-07,5,11,2,0,1,0,0,0,0,0,0,0,0,0,1,0,0,0,0
0.0006850681206504436,4,52,7,0,0,0,1,0,0,0,0,0,0,0,1,0,0,0,0
1.1849613445242893e-06,5,39,6,0,1,0,0,0,0,0,0,0,0,0,1,0,0,0,0
8.146609243604488e-07,5,13,2,0,1,0,0,0,0,0,0,0,0,0,1,0,0,0,0
7.838025560134621e-07,5,56,10,0,1,0,0,0,0,0,0,0,0,0,1,0,0,0,0
0.00111091360383886,5,12,3,0,1,0,0,0,0,0,0,0,0,0,1,0,0,0,0
0.0004888088979636082,3,51,7,0,1,0,0,0,0,0,0,0,0,0,1,0,0,0,0
0.0006480380786340595,5,11,2,0,1,0,0,0,0,0,0,0,0,0,1,0,0,0,0
0.0,5,13,2,0,1,0,0,0,0,0,0,0,0,0,1,0,0,0,0
0.0008109702635061492,5,12,2,0,1,0,0,0,0,0,0,0,0,0,1,0,0,0,0
8.763776610544222e-07,3,23,4,0,0,0,0,0,0,0,0,0,0,0,1,0,0,0,0
6.171673669397339e-07,1,20,3,0,0,0,0,0,0,0,0,0,0,0,1,0,0,0,0
0.0008270166150465823,5,10,2,0,1,0,0,0,0,0,0,0,0,0,1,0,0,0,0
0.0,5,10,2,0,1,0,0,0,0,0,0,0,0,0,1,0,0,0,0
0.000955387427370047,5,18,3,0,1,0,0,0,0,0,0,0,0,0,1,0,0,0,0
0.00039993679712428643,5,39,6,0,1,0,0,0,0,0,0,0,0,0,1,0,0,0,0
9.99811134442369e-07,5,12,3,0,1,0,0,0,0,0,0,0,0,0,1,0,0,0,0
7.529441876664754e-07,5,10,2,0,1,0,0,0,0,0,0,0,0,0,1,0,0,0,0
0.0004443728475439473,5,11,2,0,1,0,0,0,0,0,0,0,0,0,1,0,0,0,0
8.270042716992435e-07,5,8,2,0,1,0,0,0,0,0,0,0,0,0,1,0,0,0,0
0.0006171797102870728,5,15,3,0,1,0,0,0,0,0,0,0,0,0,1,0,0,0,0
0.0003332827214947952,5,21,4,0,1,0,0,0,0,0,0,0,0,0,1,0,0,0,0
1.1232446078303157e-06,5,12,3,0,1,0,0,0,0,0,0,0,0,0,1,0,0,0,0
0.00045671619488274197,5,-113,22,0,1,0,0,0,0,0,0,0,0,0,1,0,0,0,0
0.0005110269231734386,5,10,2,0,1,0,0,0,0,0,0,0,0,0,1,0,0,0,0
0.0006998801374569971,5,17,3,0,1,0,0,0,0,0,0,0,0,0,1,0,0,0,0
0.0011726303405328333,5,41,8,0,1,0,0,0,0,0,0,0,0,0,1,0,0,0,0
0.0006788964469810462,1,6,1,0,0,0,0,0,0,0,0,0,0,0,1,0,0,0,0
9.380943977483956e-07,1,13,2,0,0,0,0,0,0,0,0,0,0,0,1,0,0,0,0
0.0006998801374569971,5,15,3,0,1,0,0,0,0,0,0,0,0,0,1,0,0,0,0
0.0008640466570629664,5,14,3,0,1,0,0,0,0,0,0,0,0,0,1,0,0,0,0
6.295107142785287e-07,2,32,5,0,0,0,0,0,0,0,0,0,0,0,1,0,0,0,0
0.0007220981626668276,1,35,5,0,1,0,0,0,0,0,0,0,0,0,1,0,0,0,0
0.0012343470772268068,3,24,3,0,0,0,0,0,0,0,0,0,0,0,1,0,0,0,0
9.072360294014089e-07,5,15,3,0,1,0,0,0,0,0,0,0,0,0,1,0,0,0,0
8.763776610544222e-07,5,46,8,0,1,0,0,0,0,0,0,0,0,0,1,0,0,0,0
5.863089985927472e-07,3,23,4,0,0,0,0,0,0,0,0,0,0,0,1,0,0,0,0
8.887210083932169e-07,5,12,3,0,1,0,0,0,0,0,0,0,0,0,1,0,0,0,0
9.380943977483956e-07,5,12,3,0,1,0,0,0,0,0,0,0,0,0,1,0,0,0,0
7.097424719806941e-07,5,12,3,0,1,0,0,0,0,0,0,0,0,0,1,0,0,0,0
0.0005246046052461127,1,7,1,0,0,0,0,0,0,0,0,0,0,0,1,0,0,0,0
1.1232446078303157e-06,5,13,3,0,1,0,0,0,0,0,0,0,0,0,1,0,0,0,0
7.529441876664754e-07,5,10,2,0,1,0,0,0,0,0,0,0,0,0,1,0,0,0,0
0.0005332449483832689,3,25,3,0,0,0,0,0,0,0,0,0,0,0,1,0,0,0,0
0.0005332449483832689,3,25,4,0,0,0,0,0,0,0,0,0,0,0,1,0,0,0,0
0.0005332449483832689,5,10,2,0,1,0,0,0,0,0,0,0,0,0,1,0,0,0,0
1.4071415966225935e-06,5,12,2,0,1,0,0,0,0,0,0,0,0,0,1,0,0,0,0
9.81296113434177e-07,5,8,2,0,1,0,0,0,0,0,0,0,0,0,1,0,0,0,0
0.0004443728475439473,5,14,2,0,1,0,0,0,0,0,0,0,0,0,1,0,0,0,0
0.0006332260618275059,5,44,7,0,1,0,1,0,0,0,0,0,0,0,1,0,0,0,0
0.0005443539609881842,5,22,3,0,1,0,0,0,0,0,0,0,0,0,1,0,0,0,0
5.431072829069658e-07,5,11,2,0,1,0,0,0,0,0,0,0,0,0,1,0,0,0,0
0.0006998801374569971,5,12,2,0,1,0,0,0,0,0,0,0,0,0,1,0,0,0,0
0.0006665530996422515,5,15,3,0,1,0,0,0,0,0,0,0,0,0,1,0,0,0,0
8.948926820626142e-07,5,9,2,0,1,0,0,0,0,0,0,0,0,0,1,0,0,0,0
0.000567806320931894,5,15,3,0,1,0,0,0,0,0,0,0,0,0,1,0,0,0,0
0.0004999179105685234,5,42,6,0,1,0,0,0,0,0,0,0,0,0,1,0,0,0,0
6.91227450972502e-07,5,12,3,0,1,0,0,0,0,0,0,0,0,0,1,0,0,0,0
8.763776610544222e-07,5,15,3,0,1,0,0,0,0,0,0,0,0,0,1,0,0,0,0
6.7271242996431e-07,5,14,2,0,1,0,0,0,0,0,0,0,0,0,1,0,0,0,0
7.035707983112967e-07,5,15,3,0,1,0,0,0,0,0,0,0,0,0,1,0,0,0,0
7.529441876664754e-07,5,14,2,0,1,0,0,0,0,0,0,0,0,0,1,0,0,0,0
7.529441876664754e-07,5,42,7,0,1,0,0,0,0,0,0,0,0,0,1,0,0,0,0
6.91227450972502e-07,5,14,2,0,1,0,0,0,0,0,0,0,0,0,1,0,0,0,0
0.0005554629735930994,5,14,2,0,1,0,0,0,0,0,0,0,0,0,1,0,0,0,0
7.899742296828595e-07,5,14,2,0,1,0,0,0,0,0,0,0,0,0,1,0,0,0,0
7.406008403276808e-07,5,15,3,0,1,0,0,0,0,0,0,0,0,0,1,0,0,0,0
7.652875350052701e-07,5,14,2,0,1,0,0,0,0,0,0,0,0,0,1,0,0,0,0
6.35682387947926e-07,5,13,2,0,1,0,0,0,0,0,0,0,0,0,1,0,0,0,0
7.220858193194887e-07,1,13,2,0,0,0,0,0,0,0,0,0,0,0,1,0,0,0,0
0.0007097548153280329,2,11,2,0,1,0,0,0,0,0,0,0,0,0,1,0,0,0,0
7.220858193194887e-07,1,13,2,0,0,0,0,0,0,0,0,0,0,0,1,0,0,0,0
8.763776610544222e-07,5,13,2,0,1,0,0,0,0,0,0,0,0,0,1,0,0,0,0
0.0005110269231734386,5,38,6,0,1,0,0,0,0,0,0,0,0,0,1,0,0,0,0
0.0004443728475439473,5,10,2,0,1,0,0,0,0,0,0,0,0,0,1,0,0,0,0
0.0005110269231734386,5,11,2,0,1,0,0,0,0,0,0,0,0,0,1,0,0,0,0
0.0004888088979636082,5,11,2,0,1,0,0,0,0,0,0,0,0,0,1,0,0,0,0
0.0005110269231734386,5,9,2,0,1,0,0,0,0,0,0,0,0,0,1,0,0,0,0
6.295107142785287e-07,5,12,2,0,1,0,0,0,0,0,0,0,0,0,1,0,0,0,0
0.0005110269231734386,5,9,2,0,1,0,0,0,0,0,0,0,0,0,1,0,0,0,0
0.0005332449483832689,5,56,9,0,1,0,0,0,0,0,0,0,0,0,1,0,0,0,0
0.0005332449483832689,5,46,5,0,1,0,0,0,0,0,0,0,0,0,1,0,0,0,0
0.0003332827214947952,5,15,3,0,1,0,0,0,0,0,0,0,0,0,1,0,0,0,0
5.369356092375685e-07,5,13,3,0,1,0,0,0,0,0,0,0,0,0,1,0,0,0,0
0.0005221359357783537,5,16,3,0,1,0,0,0,0,0,0,0,0,0,1,0,0,0,0
0.0,3,24,3,0,0,0,0,0,0,0,0,0,0,0,1,0,0,0,0
0.0003332827214947952,1,17,2,0,0,0,0,0,0,0,0,0,0,0,1,0,0,0,0
0.0004665908727537777,5,68,8,0,1,0,1,0,0,0,0,0,0,0,1,0,0,0,0
7.652875350052701e-07,5,12,3,0,1,0,0,0,0,0,0,0,0,0,1,0,0,0,0
0.0006665530996422515,4,26,5,0,1,0,1,0,0,0,0,0,0,0,1,0,0,0,0
0.0006776621122471667,4,22,4,0,1,0,1,0,0,0,0,0,0,0,1,0,0,0,0
0.0006887711248520819,4,26,5,0,1,0,1,0,0,0,0,0,0,0,1,0,0,0,0
0.0006998801374569971,4,26,5,0,1,0,1,0,0,0,0,0,0,0,1,0,0,0,0
0.00039993679712428643,5,18,3,0,1,0,0,0,0,0,0,0,0,0,1,0,0,0,0
0.0007183951584651892,5,16,3,0,1,0,0,0,0,0,0,0,0,0,1,0,0,0,0
9.072360294014089e-07,5,12,3,0,1,0,0,0,0,0,0,0,0,0,1,0,0,0,0
0.0010967187543992462,1,14,3,0,0,0,0,0,0,0,0,0,0,0,1,0,0,0,0
8.146609243604488e-07,5,12,2,0,1,0,0,0,0,0,0,0,0,0,1,0,0,0,0
0.000588790011407845,3,23,4,0,0,0,0,0,0,0,0,0,0,0,1,0,0,0,0
8.578626400462302e-07,5,17,3,0,1,0,0,0,0,0,0,0,0,0,1,0,0,0,0
0.0002839093321396164,1,13,2,0,0,0,0,0,0,0,0,0,0,0,1,0,0,0,0
0.00043326383493903206,5,45,7,0,1,0,0,0,0,0,0,0,0,0,1,0,0,0,0
0.00039993679712428643,5,12,2,0,1,0,0,0,0,0,0,0,0,0,1,0,0,0,0
1.2158197128712759e-06,5,11,2,0,1,0,0,0,0,0,0,0,0,0,1,0,0,0,0
0.0007591282046832117,1,6,1,0,0,0,0,0,0,0,0,0,0,0,1,0,0,0,0
8.146609243604488e-07,5,12,2,0,1,0,0,0,0,0,0,0,0,0,1,0,0,0,0
9.195793767402036e-07,3,23,4,0,0,0,0,0,0,0,0,0,0,0,1,0,0,0,0
9.319227240789983e-07,5,12,3,0,1,0,0,0,0,0,0,0,0,0,1,0,0,0,0
7.591158613358727e-07,5,12,3,0,1,0,0,0,0,0,0,0,0,0,1,0,0,0,0
7.467725139970781e-07,5,12,2,0,1,0,0,0,0,0,0,0,0,0,1,0,0,0,0
0.00015553851981615175,1,7,1,0,0,0,0,0,0,0,0,0,0,0,1,0,0,0,0
0.0008455316360547743,5,13,3,0,1,0,0,0,0,0,0,0,0,0,1,0,0,0,0
7.406008403276808e-07,5,10,2,0,1,0,0,0,0,0,0,0,0,0,1,0,0,0,0
7.838025560134621e-07,5,12,3,0,1,0,0,0,0,0,0,0,0,0,1,0,0,0,0
8.393476190380381e-07,5,10,2,0,1,0,0,0,0,0,0,0,0,0,1,0,0,0,0
2.2835192576770159e-07,1,16,1,0,1,0,0,0,0,0,0,0,0,0,1,0,0,0,0
5.863089985927472e-07,5,13,2,0,1,0,0,0,0,0,0,0,0,0,1,0,0,0,0
0.0008270166150465823,3,25,4,0,1,0,0,0,0,0,0,0,0,0,1,0,0,0,0
0.0008084583923227046,5,13,2,0,1,0,0,0,0,0,0,0,0,0,1,0,0,0,0
0.0008949050254099531,1,8,2,0,0,0,0,0,0,0,0,0,0,0,1,0,0,0,0
0.0008270166150465823,3,25,4,0,1,0,0,0,0,0,0,0,0,0,1,0,0,0,0
0.0004999179105685234,1,13,2,0,0,0,0,0,0,0,0,0,0,0,1,0,0,0,0
6.048240196009393e-07,5,12,2,0,1,0,0,0,0,0,0,0,0,0,1,0,0,0,0
0.000493746236899126,5,64,51,0,1,0,1,0,0,0,0,0,0,0,1,0,0,0,0
0.0006221170492225907,5,53,9,0,1,0,1,0,0,0,0,0,0,0,1,0,0,0,0
0.000493746236899126,5,64,51,0,1,0,1,0,0,0,0,0,0,0,1,0,0,0,0
0.0009257633937569398,4,47,9,0,1,0,1,0,0,0,0,0,0,0,1,0,0,0,0
7.529441876664754e-07,5,11,2,0,1,0,0,0,0,0,0,0,0,0,1,0,0,0,0
0.0004443728475439473,3,47,6,0,0,0,0,0,0,0,0,0,0,0,1,0,0,0,0
5.924806722621445e-07,5,11,2,0,1,0,0,0,0,0,0,0,0,0,1,0,0,0,0
0.0007387616815742004,5,58,11,0,1,0,1,0,0,0,0,0,0,0,1,0,0,0,0
0.0006480380786340595,1,13,2,0,0,0,0,0,0,0,0,0,0,0,1,0,0,0,0
0.0006221170492225907,5,50,8,0,1,0,1,0,0,0,0,0,0,0,1,0,0,0,0
0.0006554440870373364,5,8,2,0,1,0,0,0,0,0,0,0,0,0,1,0,0,0,0
0.0004443728475439473,5,13,2,0,1,0,0,0,0,0,0,0,0,0,1,0,0,0,0
0.0005110269231734386,5,9,2,0,1,0,0,0,0,0,0,0,0,0,1,0,0,0,0
0.0006171797102870728,2,14,1,0,1,0,0,0,0,0,0,0,0,0,1,0,0,0,0
0.0007714715520220063,5,33,7,0,1,0,1,0,0,0,0,0,0,0,1,0,0,0,0
0.000377718771914456,5,39,6,0,1,0,0,0,0,0,0,0,0,0,1,0,0,0,0
0.0006221170492225907,3,14,2,0,1,0,0,0,0,0,0,0,0,0,1,0,0,0,0
0.0003332827214947952,5,13,2,0,1,0,0,0,0,0,0,0,0,0,1,0,0,0,0
0.0005110269231734386,5,11,2,0,1,0,0,0,0,0,0,0,0,0,1,0,0,0,0
8.455192927074356e-07,5,13,3,0,1,0,0,0,0,0,0,0,0,0,1,0,0,0,0
0.0004999179105685234,1,13,2,0,0,0,0,0,0,0,0,0,0,0,1,0,0,0,0
0.000737527346840321,2,14,1,0,1,0,0,0,0,0,0,0,0,0,1,0,0,0,0
0.0005554629735930994,5,20,3,0,1,1,0,0,0,0,0,0,0,0,1,0,0,0,0
7.28257492988886e-07,5,10,2,0,1,0,0,0,0,0,0,0,0,0,1,0,0,0,0
0.00042215482233411687,1,7,1,0,0,0,0,0,0,0,0,0,0,0,1,0,0,0,0
0.0005776809988029298,5,17,3,0,1,0,0,0,0,0,0,0,0,0,1,0,0,0,0
0.0004665908727537777,5,13,3,0,1,0,0,0,0,0,0,0,0,0,1,0,0,0,0
0.0012960638139207802,5,14,2,0,1,0,0,0,0,0,0,0,0,0,1,0,0,0,0
0.0005110269231734386,5,9,2,0,1,0,0,0,0,0,0,0,0,0,1,0,0,0,0
0.0005110269231734386,5,11,2,0,1,0,0,0,0,0,0,0,0,0,1,0,0,0,0
0.0004888088979636082,5,11,2,0,1,0,0,0,0,0,0,0,0,0,1,0,0,0,0
0.0,3,38,5,0,0,0,0,0,0,0,0,0,0,0,1,0,0,0,0
0.0007406131836750196,5,13,2,0,1,0,0,0,0,0,0,0,0,0,1,0,0,0,0
0.0007406131836750196,5,85,14,0,1,0,0,0,0,0,0,0,0,0,1,0,0,0,0
0.0007406131836750196,5,36,6,0,1,0,0,0,0,0,0,0,0,0,1,0,0,0,0
0.0004888088979636082,1,32,5,0,1,0,1,0,0,0,0,0,0,0,1,0,0,0,0
0.0004443728475439473,3,22,3,0,0,0,0,0,0,0,0,0,0,0,1,0,0,0,0
8.270042716992435e-07,5,10,2,0,1,0,0,0,0,0,0,0,0,0,1,0,0,0,0
8.270042716992435e-07,5,10,2,0,1,0,0,0,0,0,0,0,0,0,1,0,0,0,0
0.0007406131836750196,5,11,2,0,1,0,0,0,0,0,0,0,0,0,1,0,0,0,0
6.233390406091312e-07,5,15,3,0,1,0,0,0,0,0,0,0,0,0,1,0,0,0,0
6.603690826255153e-07,2,32,5,0,0,0,0,0,0,0,0,0,0,0,1,0,0,0,0
0.0005616346472624967,3,18,4,0,0,0,0,0,0,0,0,0,0,0,1,0,0,0,0
0.0013948105926311375,1,31,6,0,0,0,0,0,0,0,0,0,0,0,1,0,0,0,0
7.838025560134621e-07,5,12,3,0,1,0,0,0,0,0,0,0,0,0,1,0,0,0,0
0.0005554629735930994,5,16,3,0,1,0,0,0,0,0,0,0,0,0,1,0,0,0,0
0.0004665908727537777,5,16,3,0,1,0,0,0,0,0,0,0,0,0,1,0,0,0,0
0.0005554629735930994,5,12,2,0,1,0,0,0,0,0,0,0,0,0,1,0,0,0,0
7.344291666582834e-07,5,15,3,0,1,0,0,0,0,0,0,0,0,0,1,0,0,0,0
6.7271242996431e-07,5,56,9,0,1,0,0,0,0,0,0,0,0,0,1,0,0,0,0
7.220858193194887e-07,1,13,2,0,0,0,0,0,0,0,0,0,0,0,1,0,0,0,0
1.0491845237975477e-06,5,12,3,0,1,0,0,0,0,0,0,0,0,0,1,0,0,0,0
8.455192927074356e-07,5,18,3,0,1,0,0,0,0,0,0,0,0,0,1,0,0,0,0
7.899742296828595e-07,5,12,2,0,1,0,0,0,0,0,0,0,0,0,1,0,0,0,0
0.0005998990240127603,5,17,3,0,1,0,0,0,0,0,0,0,0,0,1,0,0,0,0
0.0004999179105685234,5,15,2,0,1,0,0,0,0,0,0,0,0,0,1,0,0,0,0
9.072360294014089e-07,5,12,3,0,1,0,0,0,0,0,0,0,0,0,1,0,0,0,0
0.0007714715520220063,3,18,4,0,0,0,0,0,0,0,0,0,0,0,1,0,0,0,0
0.00071654365636437,2,39,10,0,1,0,0,0,0,0,0,0,0,0,1,0,0,0,0
1.1232446078303157e-06,5,15,2,0,1,0,0,0,0,0,0,0,0,0,1,0,0,0,0
0.0006332260618275059,5,17,3,0,1,1,0,0,0,0,0,0,0,0,1,0,0,0,0
1.6601802170678843e-06,5,12,3,0,1,0,0,0,0,0,0,0,0,0,1,0,0,0,0
8.455192927074356e-07,5,11,2,0,1,0,0,0,0,0,0,0,0,0,1,0,0,0,0
7.406008403276808e-07,5,11,2,0,1,0,0,0,0,0,0,0,0,0,1,0,0,0,0
8.270042716992435e-07,5,12,3,0,1,0,0,0,0,0,0,0,0,0,1,0,0,0,0
0.00071654365636437,2,39,10,0,1,0,0,0,0,0,0,0,0,0,1,0,0,0,0
0.0005554629735930994,4,2,1,0,1,0,0,0,0,0,0,0,0,0,1,0,0,0,0
0.0005554629735930994,4,2,1,0,1,0,0,0,0,0,0,0,0,0,1,0,0,0,0
0.0005554629735930994,4,2,1,0,1,0,0,0,0,0,0,0,0,0,1,0,0,0,0
0.0005554629735930994,4,2,1,0,1,0,0,0,0,0,0,0,0,0,1,0,0,0,0
9.99811134442369e-07,5,17,3,0,1,0,0,0,0,0,0,0,0,0,1,0,0,0,0
0.0009257633937569398,1,6,1,0,0,0,0,0,0,0,0,0,0,0,1,0,0,0,0
0.0006480380786340595,5,70,11,0,1,0,0,0,0,0,0,0,0,0,1,0,0,0,0
7.838025560134621e-07,5,11,2,0,1,0,0,0,0,0,0,0,0,0,1,0,0,0,0
8.825493347238196e-07,5,40,6,0,1,0,0,0,0,0,0,0,0,0,1,0,0,0,0
6.295107142785287e-07,5,12,2,0,1,0,0,0,0,0,0,0,0,0,1,0,0,0,0
9.380943977483956e-07,5,11,2,0,1,0,0,0,0,0,0,0,0,0,1,0,0,0,0
0.0006171797102870728,4,19,4,0,1,0,0,0,0,0,0,0,0,0,1,0,0,0,0
0.0006171797102870728,4,19,4,0,1,0,0,0,0,0,0,0,0,0,1,0,0,0,0
0.0008949050254099531,4,20,3,0,1,0,0,0,0,0,0,0,0,0,1,0,0,0,0
0.0005554629735930994,3,21,3,0,0,0,0,0,0,0,0,0,0,0,1,0,0,0,0
1.2034763655324813e-06,5,13,3,0,1,0,0,0,0,0,0,0,0,0,1,0,0,0,0
1.1232446078303157e-06,5,53,8,0,1,0,0,0,0,0,0,0,0,0,1,0,0,0,0
1.3392531862592226e-06,5,10,2,0,1,0,0,0,0,0,0,0,0,0,1,0,0,0,0
9.072360294014089e-07,5,11,2,0,1,0,0,0,0,0,0,0,0,0,1,0,0,0,0
1.4565149859777723e-06,5,13,3,0,1,0,0,0,0,0,0,0,0,0,1,0,0,0,0
0.00111091360383886,5,53,8,0,1,0,0,0,0,0,0,0,0,0,1,0,0,0,0
0.0005246046052461127,3,15,2,0,1,0,0,0,0,0,0,0,0,0,1,0,0,0,0
0.0009609419336725046,5,22,4,0,1,0,1,0,0,0,0,0,0,0,1,0,0,0,0
0.0005554629735930994,5,11,2,0,1,0,0,0,0,0,0,0,0,0,1,0,0,0,0
9.99811134442369e-07,5,12,3,0,1,0,0,0,0,0,0,0,0,0,1,0,0,0,0
0.00111091360383886,5,15,2,0,1,0,0,0,0,0,0,0,0,0,1,0,0,0,0
0.0005221359357783537,3,26,4,0,1,0,0,0,0,0,0,0,0,0,1,0,0,0,0
0.0003036586878816879,5,17,3,0,1,0,0,0,0,0,0,0,0,0,1,0,0,0,0
0.00039993679712428643,5,13,2,0,1,0,0,0,0,0,0,0,0,0,1,0,0,0,0
0.0004665908727537777,5,10,2,0,1,0,0,0,0,0,0,0,0,0,1,0,0,0,0
5.98652345931542e-07,5,13,2,0,1,0,0,0,0,0,0,0,0,0,1,0,0,0,0
6.295107142785287e-07,1,13,2,0,0,0,0,0,0,0,0,0,0,0,1,0,0,0,0
0.0009566217621039265,3,36,5,0,0,0,0,0,0,0,0,0,0,0,1,0,0,0,0
0.0014441839819863164,5,13,3,0,1,0,0,0,0,0,0,0,0,0,1,0,0,0,0
0.0005246046052461127,5,11,2,0,1,0,0,0,0,0,0,0,0,0,1,0,0,0,0
0.0005776809988029298,1,24,3,0,0,0,0,0,0,0,0,0,0,0,1,0,0,0,0
0.0008689839959984842,5,26,4,0,1,0,0,0,0,0,0,0,0,0,1,0,0,0,0
6.295107142785287e-07,5,15,3,0,1,0,0,0,0,0,0,0,0,0,1,0,0,0,0
9.380943977483956e-07,5,10,2,0,1,0,0,0,0,0,0,0,0,0,1,0,0,0,0
0.0008689839959984842,5,26,4,0,1,0,0,0,0,0,0,0,0,0,1,0,0,0,0
0.0008149818513912575,3,18,4,0,0,0,0,0,0,0,0,0,0,0,1,0,0,0,0
9.380943977483956e-07,5,39,7,0,1,0,0,0,0,0,0,0,0,0,1,0,0,0,0
0.0007097548153280329,5,12,3,0,1,0,0,0,0,0,0,0,0,0,1,0,0,0,0
0.0009257633937569398,1,8,2,0,0,0,0,0,0,0,0,0,0,0,1,0,0,0,0
7.591158613358727e-07,5,12,3,0,1,0,0,0,0,0,0,0,0,0,1,0,0,0,0
0.0007720887193889461,5,15,3,0,1,0,0,0,0,0,0,0,0,0,1,0,0,0,0
0.000588790011407845,5,13,2,0,1,0,0,0,0,0,0,0,0,0,1,0,0,0,0
1.4565149859777723e-06,5,13,3,0,1,0,0,0,0,0,0,0,0,0,1,0,0,0,0
0.0011911453615410254,1,14,3,0,0,0,0,0,0,0,0,0,0,0,1,0,0,0,0
7.652875350052701e-07,5,11,2,0,1,0,0,0,0,0,0,0,0,0,1,0,0,0,0
1.3515965335980175e-06,5,10,2,0,1,0,0,0,0,0,0,0,0,0,1,0,0,0,0
0.0004443728475439473,5,12,2,0,1,0,0,0,0,0,0,0,0,0,1,0,0,0,0
7.529441876664754e-07,5,10,2,0,1,0,0,0,0,0,0,0,0,0,1,0,0,0,0
8.578626400462302e-07,5,15,3,0,1,0,0,0,0,0,0,0,0,0,1,0,0,0,0
9.380943977483956e-07,5,9,2,0,1,0,0,0,0,0,0,0,0,0,1,0,0,0,0
9.566094187565878e-07,5,11,2,0,1,0,0,0,0,0,0,0,0,0,1,0,0,0,0
1.4318282913001828e-06,5,10,2,0,1,0,0,0,0,0,0,0,0,0,1,0,0,0,0
0.0006788964469810462,3,35,4,0,0,0,0,0,0,0,0,0,0,0,1,0,0,0,0
1.018326155450561e-06,5,12,2,0,1,0,0,0,0,0,0,0,0,0,1,0,0,0,0
1.4565149859777723e-06,5,13,3,0,1,0,0,0,0,0,0,0,0,0,1,0,0,0,0
0.0006437179070654814,3,21,3,0,0,0,0,0,0,0,0,0,0,0,1,0,0,0,0
0.0007220981626668276,5,17,3,0,1,0,0,0,0,0,0,0,0,0,1,0,0,0,0
9.442660714177929e-07,5,10,2,0,1,0,0,0,0,0,0,0,0,0,1,0,0,0,0
0.0006437179070654814,3,21,3,0,0,0,0,0,0,0,0,0,0,0,1,0,0,0,0
0.0015799608027130577,1,22,4,0,0,0,0,0,0,0,0,0,0,0,1,0,0,0,0
6.295107142785287e-07,1,13,2,0,0,0,0,0,0,0,0,0,0,0,1,0,0,0,0
1.0306695027893558e-06,3,23,4,0,0,0,0,0,0,0,0,0,0,0,1,0,0,0,0
9.072360294014089e-07,5,14,2,0,1,0,0,0,0,0,0,0,0,0,1,0,0,0,0
9.380943977483956e-07,5,20,3,0,1,0,0,0,0,0,0,0,0,0,1,0,0,0,0
1.0615278711363424e-06,5,12,3,0,1,0,0,0,0,0,0,0,0,0,1,0,0,0,0
1.0059828081117663e-06,2,41,7,0,0,0,0,0,0,0,0,0,0,0,1,0,0,0,0
0.0007109891500619123,5,17,3,0,1,0,0,0,0,0,0,0,0,0,1,0,0,0,0
0.0006048363629482781,3,11,2,0,1,0,0,0,0,0,0,0,0,0,1,0,0,0,0
0.0008220792761110644,5,10,2,0,1,0,0,0,0,0,0,0,0,0,1,0,0,0,0
1.1541029761773025e-06,5,15,3,0,1,0,0,0,0,0,0,0,0,0,1,0,0,0,0
1.4565149859777723e-06,5,13,3,0,1,0,0,0,0,0,0,0,0,0,1,0,0,0,0
9.689527660953824e-07,5,13,3,0,1,0,0,0,0,0,0,0,0,0,1,0,0,0,0
0.0005554629735930994,5,14,2,0,1,0,0,0,0,0,0,0,0,0,1,0,0,0,0
8.146609243604488e-07,5,13,2,0,1,0,0,0,0,0,0,0,0,0,1,0,0,0,0
0.0003332827214947952,5,45,6,0,1,0,0,0,0,0,0,0,0,0,1,0,0,0,0
8.393476190380381e-07,5,12,3,0,1,0,0,0,0,0,0,0,0,0,1,0,0,0,0
8.578626400462302e-07,5,17,3,0,1,0,0,0,0,0,0,0,0,0,1,0,0,0,0
1.4935450279941562e-06,5,12,3,0,1,0,0,0,0,0,0,0,0,0,1,0,0,0,0
0.000802329920368993,5,18,3,0,1,0,0,0,0,0,0,0,0,0,1,0,0,0,0
0.0006332260618275059,5,43,7,0,1,0,0,0,0,0,0,0,0,0,1,0,0,0,0
1.1541029761773025e-06,5,11,2,0,1,0,0,0,0,0,0,0,0,0,1,0,0,0,0
0.8889098739508479,5,12,2,0,1,0,0,0,0,0,0,0,0,0,1,0,0,0,0
0.0014441839819863164,4,18,4,0,1,0,0,0,0,0,0,0,0,0,1,0,0,0,0
0.0005221359357783537,5,13,3,0,1,0,0,0,0,0,0,0,0,0,1,0,0,0,0
9.134077030708062e-07,5,14,2,0,1,0,0,0,0,0,0,0,0,0,1,0,0,0,0
9.380943977483956e-07,1,13,2,0,0,0,0,0,0,0,0,0,0,0,1,0,0,0,0
0.0007406131836750196,5,56,8,0,1,0,0,0,0,0,0,0,0,0,1,0,0,0,0
0.0004888088979636082,5,10,2,0,1,0,0,0,0,0,0,0,0,0,1,0,0,0,0
7.838025560134621e-07,1,13,2,0,0,0,0,0,0,0,0,0,0,0,1,0,0,0,0
5.98652345931542e-07,1,20,3,0,0,0,0,0,0,0,0,0,0,0,1,0,0,0,0
0.0004665908727537777,5,10,2,0,1,0,0,0,0,0,0,0,0,0,1,0,0,0,0
0.00039993679712428643,3,26,3,0,1,0,0,0,0,0,0,0,0,0,1,0,0,0,0
0.0012590337719043962,5,12,2,0,1,0,0,0,0,0,0,0,0,0,1,0,0,0,0
9.380943977483956e-07,5,15,3,0,1,0,0,0,0,0,0,0,0,0,1,0,0,0,0
6.7271242996431e-07,5,35,6,0,1,0,0,0,0,0,0,0,0,0,1,0,0,0,0
6.665407562949127e-07,5,17,3,0,1,0,0,0,0,0,0,0,0,0,1,0,0,0,0
9.134077030708062e-07,5,11,2,0,1,0,0,0,0,0,0,0,0,0,1,0,0,0,0
0.00042215482233411687,1,22,3,0,0,0,0,0,0,0,0,0,0,0,1,0,0,0,0
6.7271242996431e-07,5,10,2,0,1,0,0,0,0,0,0,0,0,0,1,0,0,0,0
6.665407562949127e-07,5,10,2,0,1,0,0,0,0,0,0,0,0,0,1,0,0,0,0
6.850557773031047e-07,5,10,2,0,1,0,0,0,0,0,0,0,0,0,1,0,0,0,0
7.344291666582834e-07,5,11,2,0,1,0,0,0,0,0,0,0,0,0,1,0,0,0,0
6.603690826255153e-07,3,14,2,0,1,0,0,0,0,0,0,0,0,0,1,0,0,0,0
0.0007406131836750196,5,12,3,0,1,0,0,0,0,0,0,0,0,0,1,0,0,0,0
7.035707983112967e-07,5,10,2,0,1,0,0,0,0,0,0,0,0,0,1,0,0,0,0
6.603690826255153e-07,5,9,2,0,1,0,0,0,0,0,0,0,0,0,1,0,0,0,0
6.603690826255153e-07,5,12,3,0,1,0,0,0,0,0,0,0,0,0,1,0,0,0,0
8.455192927074356e-07,5,15,3,0,1,0,0,0,0,0,0,0,0,0,1,0,0,0,0
6.665407562949127e-07,5,17,3,0,1,0,0,0,0,0,0,0,0,0,1,0,0,0,0
7.220858193194887e-07,5,9,2,0,1,0,0,0,0,0,0,0,0,0,1,0,0,0,0
0.0005554629735930994,5,12,2,0,1,0,0,0,0,0,0,0,0,0,1,0,0,0,0
0.00039993679712428643,3,86,10,0,0,0,0,0,0,0,0,0,0,0,1,0,0,0,0
0.0008554063139258101,5,12,2,0,1,0,0,0,0,1,0,0,0,0,0,0,0,0,0
0.000377718771914456,5,11,2,0,1,0,0,0,0,1,0,0,0,0,0,0,0,0,0
0.000802329920368993,5,12,2,0,1,0,0,0,0,1,0,0,0,0,0,0,0,0,0
0.0009850114609831543,3,20,2,0,1,0,0,0,0,1,0,0,0,0,0,0,0,0,0
8.763776610544222e-07,5,11,2,0,1,0,0,0,0,1,0,0,0,0,0,0,0,0,0
0.0007393788489411401,5,13,2,0,1,0,0,0,0,1,0,0,0,0,0,0,0,0,0
0.000658529923872035,3,31,4,0,0,0,0,0,0,1,0,0,0,0,0,0,0,0,0
0.0006326088944605662,3,43,5,0,0,0,0,0,0,1,0,0,0,0,0,0,0,0,0
0.0006326088944605662,3,28,3,0,0,0,0,0,0,1,0,0,0,0,0,0,0,0,0
0.0008640466570629664,4,15,3,0,1,0,0,0,0,1,0,0,0,0,0,0,0,0,0
0.0006634672628075529,1,22,4,0,0,0,0,0,0,1,0,0,0,0,0,0,0,0,0
0.0007406131836750196,1,12,2,0,0,0,0,0,0,1,0,0,0,0,0,0,0,0,0
1.3102463200130552e-05,5,11,2,0,1,0,0,0,0,1,0,0,0,0,0,0,0,0,0
0.0012960638139207802,3,24,3,0,0,0,0,0,0,1,0,0,0,0,0,0,0,0,0
0.000987480130450913,5,19,4,0,1,0,0,0,0,1,0,0,0,0,0,0,0,0,0
0.0011775676794683512,4,12,3,0,1,0,0,0,0,1,0,0,0,0,0,0,0,0,0
0.0010245101724672971,1,13,1,0,1,0,0,0,0,1,0,0,0,0,0,0,0,0,0
0.0010121668251285025,1,12,1,0,1,0,0,0,0,1,0,0,0,0,0,0,0,0,0
0.00039993679712428643,5,15,3,0,1,1,0,0,0,1,0,0,0,0,0,0,0,0,0
0.0006110080366176755,5,16,2,0,1,0,0,0,0,1,0,0,0,0,0,0,0,0,0
0.0012886578055175033,5,11,2,0,1,0,0,0,0,1,0,0,0,0,0,0,0,0,0
0.0005554629735930994,3,-76,22,0,0,0,0,0,0,1,0,0,0,0,0,0,0,0,0
0.3303209476441987,5,11,2,0,1,0,0,0,0,1,0,0,0,0,0,0,0,0,0
0.0010615402144836812,3,44,7,0,1,0,0,0,0,1,0,0,0,0,0,0,0,0,0
0.0006344603965613854,2,12,1,0,1,0,0,0,0,1,0,0,0,0,0,0,0,0,0
0.0005221359357783537,2,12,1,0,1,0,0,0,0,1,0,0,0,0,0,0,0,0,0
0.0006665530996422515,5,9,2,0,1,0,0,0,0,1,0,0,0,0,0,0,0,0,0
0.0008970342528258952,5,10,2,0,1,0,0,0,0,1,0,0,0,0,0,0,0,0,0
0.0,3,24,3,0,0,0,0,0,0,1,0,0,0,0,0,0,0,0,0
0.0012586634714842322,3,115,25,0,1,0,0,0,0,1,0,0,0,0,0,0,0,0,0
0.0007450259303486387,5,12,2,0,1,0,0,0,0,1,0,0,0,0,0,0,0,0,0
0.0007554252004815732,5,11,2,0,1,0,0,0,0,1,0,0,0,0,0,0,0,0,0
0.0007869007361954996,5,15,2,0,1,0,0,0,0,1,0,0,0,0,0,0,0,0,0
0.0005332449483832689,5,11,2,0,1,0,0,0,0,1,0,0,0,0,0,0,0,0,0
0.0010800552354918733,5,62,9,0,1,0,0,0,0,1,0,0,0,0,0,0,0,0,0
0.0008720698328331829,5,93,14,0,1,0,0,0,0,1,0,0,0,0,0,0,0,0,0
0.0,5,9,2,0,1,0,0,0,0,1,0,0,0,0,0,0,0,0,0
0.0010553685408142839,5,51,8,0,1,0,0,0,0,1,0,0,0,0,0,0,0,0,0
0.0006313745597266866,3,63,7,0,0,0,0,0,0,1,0,0,0,0,0,0,0,0,0
0.0006535925849365171,5,11,2,0,1,0,0,0,0,1,0,0,0,0,0,0,0,0,0
0.0009010766990793504,5,14,2,0,1,0,0,0,0,1,0,0,0,0,0,0,0,0,0
0.0003469097769568245,5,39,6,0,1,0,0,0,0,1,0,0,0,0,0,0,0,0,0
0.0012513191798176496,5,11,2,0,1,0,0,0,0,1,0,0,0,0,0,0,0,0,0
0.0003332827214947952,5,12,2,0,1,0,0,0,0,1,0,0,0,0,0,0,0,0,0
0.0005585488104277981,3,57,8,0,1,0,0,0,0,1,0,0,0,0,0,0,0,0,0
0.0005341706994336786,3,-92,49,0,1,0,0,0,0,1,0,0,0,0,0,0,0,0,0
0.0014486152436809436,5,93,94,0,1,0,0,0,0,1,0,0,0,0,0,0,0,0,0
0.0009843942936162144,4,12,3,0,1,0,0,0,0,1,0,0,0,0,0,0,0,0,0
0.0006267519761483081,1,13,2,0,0,0,0,0,0,1,0,0,0,0,0,0,0,0,0
0.0006856852880173833,5,11,2,0,1,0,0,0,0,1,0,0,0,0,0,0,0,0,0
0.0008711749401511203,5,15,2,0,1,0,0,0,0,1,0,0,0,0,0,0,0,0,0
0.0008294852845143413,3,28,4,0,0,0,0,0,0,1,0,0,0,0,0,0,0,0,0
0.000377718771914456,5,13,2,0,1,0,0,0,0,1,0,0,0,0,0,0,0,0,0
0.000799861250901234,5,10,2,0,1,0,0,0,0,1,0,0,0,0,0,0,0,0,0
0.0005554629735930994,5,12,2,0,1,0,0,0,0,1,0,0,0,0,0,0,0,0,0
0.0005446008279349601,5,18,4,0,1,0,0,0,0,1,0,0,0,0,0,0,0,0,0
0.0011911453615410254,5,46,6,0,1,0,0,0,0,1,0,0,0,0,0,0,0,0,0
0.00043326383493903206,1,13,2,0,0,0,0,0,0,1,0,0,0,0,0,0,0,0,0
0.0008353977478896239,5,62,10,0,1,0,0,0,0,1,0,0,0,0,0,0,0,0,0
0.0011553496542585208,5,38,6,0,1,0,0,0,0,1,0,0,0,0,0,0,0,0,0
1.0615278711363424e-06,5,11,2,0,1,0,0,0,0,1,0,0,0,0,0,0,0,0,0
0.0006788964469810462,5,12,3,0,1,0,0,0,0,1,0,0,0,0,0,0,0,0,0
0.0005665719861980146,5,10,2,0,1,0,0,0,0,1,0,0,0,0,0,0,0,0,0
0.0012590337719043962,5,15,3,0,1,0,0,0,0,1,0,0,0,0,0,0,0,0,0
0.0009572389294708662,5,14,2,0,1,0,0,0,0,1,0,0,0,0,0,0,0,0,0
1.0676995448057397e-06,5,17,3,0,1,0,0,0,0,1,0,0,0,0,0,0,0,0,0
9.134077030708062e-07,5,11,2,0,1,0,0,0,0,1,0,0,0,0,0,0,0,0,0
0.0,5,43,8,0,1,0,1,0,0,1,0,0,0,0,0,0,0,0,0
0.000765299878352609,5,12,3,0,1,0,0,0,0,1,0,0,0,0,0,0,0,0,0
0.0007406131836750197,5,67,11,0,1,0,0,0,0,1,0,0,0,0,0,0,0,0,0
7.035707983112967e-07,5,13,2,0,1,0,0,0,0,1,0,0,0,0,0,0,0,0,0
0.00042770932863657446,1,13,2,0,0,0,0,0,0,1,0,0,0,0,0,0,0,0,0
0.0005875556766739656,1,112,15,0,0,0,0,0,0,1,0,0,0,0,0,0,0,0,0
0.001036853519806092,1,48,7,0,0,0,0,0,0,1,0,0,0,0,0,0,0,0,0
0.0007183951584651892,5,77,12,0,1,0,1,0,0,1,0,0,0,0,0,0,0,0,0
0.0008331882887159797,5,13,3,0,1,0,0,0,0,1,0,0,0,0,0,0,0,0,0
0.00111091360383886,1,10,2,0,0,0,0,0,0,1,0,0,0,0,0,0,0,0,0
0.000987480130450913,5,13,2,0,1,0,0,0,0,1,0,0,0,0,0,0,0,0,0
0.0005443539609881842,5,14,2,0,1,0,0,0,0,1,0,0,0,0,0,0,0,0,0
0.0004110458097292016,5,11,3,0,1,0,0,0,0,1,0,0,0,0,0,0,0,0,0
0.0003332827214947952,1,7,1,0,0,0,0,0,0,1,0,0,0,0,0,0,0,0,0
0.0008702183307323638,5,14,2,0,1,0,0,0,0,1,0,0,0,0,0,0,0,0,0
8.455192927074356e-07,5,12,2,0,1,0,0,0,0,1,0,0,0,0,0,0,0,0,0
0.001036853519806092,1,9,1,0,0,0,0,0,0,1,0,0,0,0,0,0,0,0,0
0.0011430063069197262,5,125,19,0,1,0,0,0,0,1,0,0,0,0,0,0,0,0,0
0.0004110458097292016,5,10,2,0,1,0,0,0,0,1,0,0,0,0,0,0,0,0,0
0.0006295230576258675,3,71,11,0,0,0,0,0,0,1,0,0,0,0,0,0,0,0,0
0.0013577805506147535,3,56,8,0,1,0,1,0,0,1,0,0,0,0,0,0,0,0,0
0.000765299878352609,4,17,4,0,1,0,0,0,0,1,0,0,0,0,0,0,0,0,0
0.0008949050254099531,5,18,3,0,1,0,0,0,0,1,0,0,0,0,0,0,0,0,0
0.0009547702600031073,5,-29,120,0,1,0,0,0,0,1,0,0,0,0,0,0,0,0,0
0.0011720131731658937,1,7,1,0,0,0,0,0,0,1,0,0,0,0,0,0,0,0,0
7.838025560134621e-07,5,47,8,0,1,0,0,0,0,1,0,0,0,0,0,0,0,0,0
6.295107142785287e-07,5,10,2,0,1,0,0,0,0,1,0,0,0,0,0,0,0,0,0
0.0007628990972952134,1,32,5,0,0,0,0,0,0,1,0,0,0,0,0,0,0,0,0
0.00047214537905623533,5,50,8,0,1,0,1,0,0,1,0,0,0,0,0,0,0,0,0
0.0015429307606966737,3,25,3,0,0,0,0,0,0,1,0,0,0,0,0,0,0,0,0
0.0009257633937569398,1,7,1,0,0,0,0,0,0,1,0,0,0,0,0,0,0,0,0
0.0008472597046822057,5,13,3,0,1,0,0,0,0,1,0,0,0,0,0,0,0,0,0
9.99811134442369e-07,5,14,3,0,1,0,0,0,0,1,0,0,0,0,0,0,0,0,0
0.00030936748602588047,5,9,2,0,1,0,0,0,0,1,0,0,0,0,0,0,0,0,0
0.00022774710174810063,5,10,2,0,1,0,0,0,0,1,0,0,0,0,0,0,0,0,0
1.1541029761773025e-06,5,50,7,0,1,0,0,0,0,1,0,0,0,0,0,0,0,0,0
0.0006221170492225907,2,3,1,0,0,0,0,0,0,1,0,0,0,0,0,0,0,0,0
7.714592086746674e-07,5,16,2,0,1,0,0,0,0,1,0,0,0,0,0,0,0,0,0
1.197304691863084e-06,5,12,3,0,1,0,0,0,0,1,0,0,0,0,0,0,0,0,0
0.0010800552354918733,3,31,4,0,1,0,0,0,0,1,0,0,0,0,0,0,0,0,0
0.0007776432256914037,5,11,2,0,1,0,0,0,0,1,0,0,0,0,0,0,0,0,0
0.0,1,42,8,0,0,0,0,0,0,1,0,0,0,0,0,0,0,0,0
0.0009017926132250005,5,10,2,0,1,0,0,0,0,1,0,0,0,0,0,0,0,0,0
0.0006110080366176755,5,10,2,0,1,0,0,0,0,1,0,0,0,0,0,0,0,0,0
0.00047769988535869293,5,11,2,0,1,0,0,0,0,1,0,0,0,0,0,0,0,0,0
0.0005665719861980146,5,14,2,0,1,0,0,0,0,1,0,0,0,0,0,0,0,0,0
0.0005332449483832689,1,13,2,0,0,0,0,0,0,1,0,0,0,0,0,0,0,0,0
0.0005443539609881842,3,31,5,0,1,0,1,0,0,1,0,0,0,0,0,0,0,0,0
0.0011609041605609785,5,12,2,0,1,0,0,0,0,1,0,0,0,0,0,0,0,0,0
0.0004888088979636082,5,15,3,0,1,0,0,0,0,1,0,0,0,0,0,0,0,0,0
0.00047769988535869293,5,-38,73,0,1,0,0,0,0,1,0,0,0,0,0,0,0,0,0
0.0005221359357783537,5,12,2,0,1,0,0,0,0,1,0,0,0,0,0,0,0,0,0
0.0011997857046781818,5,42,8,0,1,0,1,0,0,1,0,0,0,0,0,0,0,0,0
0.0011275771227462327,1,39,5,0,0,0,0,0,0,1,0,0,0,0,0,0,0,0,0
7.097424719806941e-07,1,13,2,0,0,0,0,0,0,1,0,0,0,0,0,0,0,0,0
0.0007672748139268161,5,17,3,0,1,0,0,0,0,1,0,0,0,0,0,0,0,0,0
0.0005426258923607529,5,43,7,0,1,0,0,0,0,1,0,0,0,0,0,0,0,0,0
0.0010942500849314871,5,14,2,0,1,0,0,0,0,1,0,0,0,0,0,0,0,0,0
0.0004999179105685234,5,14,2,0,1,0,0,0,0,1,0,0,0,0,0,0,0,0,0
0.001672535907754018,5,17,3,0,1,0,0,0,0,1,0,0,0,0,0,0,0,0,0
0.00120348870887982,5,8,2,0,1,0,0,0,0,1,0,0,0,0,0,0,0,0,0
0.0003332827214947952,1,7,1,0,0,0,0,0,0,1,0,0,0,0,0,0,0,0,0
0.0013886389189617402,3,33,6,0,0,0,0,0,0,1,0,0,0,0,0,0,0,0,0
0.001036853519806092,1,12,2,0,0,0,0,0,0,1,0,0,0,0,0,0,0,0,0
0.001036853519806092,1,12,2,0,0,0,0,0,0,1,0,0,0,0,0,0,0,0,0
8.763776610544222e-07,5,15,2,0,1,0,0,0,0,1,0,0,0,0,0,0,0,0,0
0.0004443728475439473,5,11,2,0,1,0,0,0,0,1,0,0,0,0,0,0,0,0,0
5.677939775845552e-07,5,14,3,0,1,0,0,0,0,1,0,0,0,0,0,0,0,0,0
7.838025560134621e-07,5,11,2,0,1,0,0,0,0,1,0,0,0,0,0,0,0,0,0
0.00035550074670462556,5,12,2,0,1,0,0,0,0,1,0,0,0,0,0,0,0,0,0
0.000744316187876658,5,80,13,0,1,0,1,0,0,1,0,0,0,0,0,0,0,0,0
0.0006295230576258675,4,37,6,0,1,0,0,0,0,1,0,0,0,0,0,0,0,0,0
0.0004110458097292016,4,22,3,0,1,0,0,0,0,1,0,0,0,0,0,0,0,0,0
0.0009257633937569398,1,10,1,0,0,0,0,0,0,1,0,0,0,0,0,0,0,0,0
1.1849613445242893e-06,3,23,4,0,0,0,0,0,0,1,0,0,0,0,0,0,0,0,0
8.146609243604488e-07,1,20,3,0,0,0,0,0,0,1,0,0,0,0,0,0,0,0,0
0.0010306818461366947,5,63,9,0,1,0,0,0,0,1,0,0,0,0,0,0,0,0,0
3.1166952030456567e-07,4,21,4,0,1,0,0,0,0,1,0,0,0,0,0,0,0,0,0
0.0005969366206514496,5,12,2,0,1,0,0,0,0,1,0,0,0,0,0,0,0,0,0
0.00042215482233411687,5,13,2,0,1,0,0,0,0,1,0,0,0,0,0,0,0,0,0
0.0009109513769503862,4,55,9,0,0,0,0,0,0,1,0,0,0,0,0,0,0,0,0
0.0008543694727493514,5,16,3,0,1,0,0,0,0,1,0,0,0,0,0,0,0,0,0
8.146609243604488e-07,5,28,46,0,1,0,0,0,0,1,0,0,0,0,0,0,0,0,0
7.838025560134621e-07,5,13,3,0,1,0,0,0,0,1,0,0,0,0,0,0,0,0,0
9.62781092425985e-07,5,-83,72,0,1,0,0,0,0,1,0,0,0,0,0,0,0,0,0
0.0010800552354918733,5,47,7,0,1,0,1,0,0,1,0,0,0,0,0,0,0,0,0
0.00035550074670462556,5,41,7,0,1,0,0,0,0,1,0,0,0,0,0,0,0,0,0
0.0006443350744324211,5,32,5,0,1,0,0,0,0,1,0,0,0,0,0,0,0,0,0
0.0006943256311545395,1,22,3,0,0,0,0,0,0,1,0,0,0,0,0,0,0,0,0
1.0615278711363424e-06,5,12,3,0,1,0,0,0,0,1,0,0,0,0,0,0,0,0,0
0.0008949050254099531,5,18,3,0,1,0,0,0,0,1,0,0,0,0,0,0,0,0,0
1.1232446078303157e-06,5,18,3,0,1,0,0,0,0,1,0,0,0,0,0,0,0,0,0
6.35682387947926e-07,3,24,3,0,0,0,0,0,0,1,0,0,0,0,0,0,0,0,0
0.001092398582830668,3,103,19,0,1,0,1,0,0,1,0,0,0,0,0,0,0,0,0
0.0005417371713523597,5,15,2,0,1,0,0,0,0,1,0,0,0,0,0,0,0,0,0
6.54197408956118e-07,1,13,2,0,0,0,0,0,0,1,0,0,0,0,0,0,0,0,0
0.0007406131836750196,5,35,6,0,1,0,0,0,0,1,0,0,0,0,0,0,0,0,0
0.0005554629735930994,5,11,2,0,1,0,0,0,0,1,0,0,0,0,0,0,0,0,0
0.00047214537905623533,5,13,2,0,1,0,0,0,0,1,0,0,0,0,0,0,0,0,0
0.001310875830727334,5,37,8,0,1,0,1,0,0,1,0,0,0,0,0,0,0,0,0
0.0006165625429201331,5,12,2,0,1,0,0,0,0,1,0,0,0,0,0,0,0,0,0
1.9317338585213673e-06,5,11,2,0,1,0,0,0,0,1,0,0,0,0,0,0,0,0,0
0.0014503556556557137,5,12,3,0,1,0,0,0,0,1,0,0,0,0,0,0,0,0,0
0.0012590337719043962,3,43,7,0,0,0,0,0,0,1,0,0,0,0,0,0,0,0,0
0.0010677118881530787,5,14,2,0,1,0,0,0,0,1,0,0,0,0,0,0,0,0,0
0.0009109513769503862,4,75,11,0,0,0,0,0,0,1,0,0,0,0,0,0,0,0,0
0.0021600981276364076,3,18,4,0,0,0,0,0,0,1,0,0,0,0,0,0,0,0,0
0.0005665719861980146,5,13,2,0,1,0,0,0,0,1,0,0,0,0,0,0,0,0,0
0.0009331694021602166,5,10,2,0,1,0,0,0,0,1,0,0,0,0,0,0,0,0,0
0.000744316187876658,5,10,2,0,1,0,0,0,0,1,0,0,0,0,0,0,0,0,0
0.0008331882887159797,1,8,2,0,0,0,0,0,0,1,0,0,0,0,0,0,0,0,0
0.0007220981626668276,5,14,2,0,1,0,0,0,0,1,0,0,0,0,0,0,0,0,0
0.0007097548153280329,5,11,2,0,1,0,0,0,0,1,0,0,0,0,0,0,0,0,0
6.603690826255153e-07,5,40,7,0,1,0,0,0,0,1,0,0,0,0,0,0,0,0,0
9.010643557320116e-07,1,17,2,0,1,0,0,0,0,1,0,0,0,0,0,0,0,0,0
0.0004888088979636082,5,14,2,0,1,0,0,0,0,1,0,0,0,0,0,0,0,0,0
0.00042215482233411687,5,14,3,0,1,0,0,0,0,1,0,0,0,0,0,0,0,0,0
7.899742296828595e-07,1,14,3,0,0,0,0,0,0,1,0,0,0,0,0,0,0,0,0
0.0005776809988029298,5,13,2,0,1,0,0,0,0,1,0,0,0,0,0,0,0,0,0
0.0008468585458936948,1,43,6,0,0,0,0,0,0,1,0,0,0,0,0,0,0,0,0
0.0007776432256914037,1,21,3,0,0,0,0,0,0,1,0,0,0,0,0,0,0,0,0
0.0007109891500619123,5,41,6,0,1,0,0,0,0,1,0,0,0,0,0,0,0,0,0
0.0006788964469810462,3,40,5,0,0,0,0,0,0,1,0,0,0,0,0,0,0,0,0
0.0002777376584702191,3,-89,22,0,0,0,0,0,0,1,0,0,0,0,0,0,0,0,0
0.0009701994441766006,1,8,1,0,0,0,0,0,0,1,0,0,0,0,0,0,0,0,0
0.000999823477789708,2,11,1,0,1,0,0,0,0,1,0,0,0,0,0,0,0,0,0
0.000588790011407845,5,10,2,0,1,0,0,0,0,1,0,0,0,0,0,0,0,0,0
0.0006887711248520819,5,12,2,0,1,0,0,0,0,1,0,0,0,0,0,0,0,0,0
0.0006221170492225907,5,15,3,0,1,0,0,0,0,1,0,0,0,0,0,0,0,0,0
0.0,1,13,1,0,1,0,0,0,0,1,0,0,0,0,0,0,0,0,0
0.000377718771914456,5,12,2,0,1,0,0,0,0,1,0,0,0,0,0,0,0,0,0
1.1232446078303157e-06,5,11,2,0,1,0,0,0,0,1,0,0,0,0,0,0,0,0,0
0.002681604552700483,5,12,2,0,1,0,0,0,0,1,0,0,0,0,0,0,0,0,0
9.072360294014089e-07,5,19,4,0,1,1,0,0,0,1,0,0,0,0,0,0,0,0,0
0.00039993679712428643,5,12,2,0,1,0,0,0,0,1,0,0,0,0,0,0,0,0,0
0.00038882778451937124,5,25,5,0,1,0,1,0,0,1,0,0,0,0,0,0,0,0,0
0.0012343470772268068,5,13,2,0,1,0,0,0,0,1,0,0,0,0,0,0,0,0,0
1.3515965335980175e-06,1,13,2,0,0,0,0,0,0,1,0,0,0,0,0,0,0,0,0
0.0011720131731658937,1,11,2,0,0,0,0,0,0,1,0,0,0,0,0,0,0,0,0
0.0005443539609881842,3,21,3,0,0,0,0,0,0,1,0,0,0,0,0,0,0,0,0
0.0007332071752717428,5,14,2,0,1,0,0,0,0,1,0,0,0,0,0,0,0,0,0
0.0006974114679892382,1,13,2,0,0,0,0,0,0,1,0,0,0,0,0,0,0,0,0
8.948926820626142e-07,5,70,12,0,1,0,0,0,0,1,0,0,0,0,0,0,0,0,0
0.0004665908727537777,5,21,4,0,1,0,1,0,0,1,0,0,0,0,0,0,0,0,0
0.0010331505156044535,1,48,4,0,1,0,0,0,0,1,0,0,0,0,0,0,0,0,0
0.0005554629735930994,3,41,5,0,0,0,0,0,0,1,0,0,0,0,0,0,0,0,0
0.00042215482233411687,5,10,2,0,1,0,0,0,0,1,0,0,0,0,0,0,0,0,0
0.0010121668251285025,3,68,8,0,0,0,0,0,0,1,0,0,0,0,0,0,0,0,0
0.0014503556556557137,3,44,8,0,1,0,0,0,0,1,0,0,0,0,0,0,0,0,0
1.0059828081117663e-06,5,12,2,0,1,0,0,0,0,1,0,0,0,0,0,0,0,0,0
0.0007406131836750196,3,35,6,0,0,0,0,0,0,1,0,0,0,0,0,0,0,0,0
0.0012220037298880122,3,24,3,0,0,0,0,0,0,1,0,0,0,0,0,0,0,0,0
0.0011997857046781818,5,42,8,0,1,0,1,0,0,1,0,0,0,0,0,0,0,0,0
0.0005998990240127603,5,13,2,0,1,0,0,0,0,1,0,0,0,0,0,0,0,0,0
0.0004110458097292016,5,15,2,0,1,0,0,0,0,1,0,0,0,0,0,0,0,0,0
7.714592086746674e-07,5,17,4,0,1,1,0,0,0,1,0,0,0,0,0,0,0,0,0
0.0005554629735930994,5,17,3,0,1,0,0,0,0,1,0,0,0,0,0,0,0,0,0
0.00042215482233411687,5,16,3,0,1,0,0,0,0,1,0,0,0,0,0,0,0,0,0
9.380943977483956e-07,5,10,2,0,1,0,0,0,0,1,0,0,0,0,0,0,0,0,0
0.0005443539609881842,5,16,2,0,1,0,0,0,0,1,0,0,0,0,0,0,0,0,0
0.0009504500884345292,3,24,3,0,0,0,0,0,0,1,0,0,0,0,0,0,0,0,0
1.0923862394833291e-06,1,13,2,0,0,0,0,0,0,1,0,0,0,0,0,0,0,0,0
9.072360294014089e-07,5,-67,114,0,1,0,0,0,0,1,0,0,0,0,0,0,0,0,0
0.0009566217621039265,1,8,2,0,0,0,0,0,0,1,0,0,0,0,0,0,0,0,0
0.0006443350744324211,3,31,4,0,0,0,0,0,0,1,0,0,0,0,0,0,0,0,0
6.603690826255153e-07,5,13,2,0,1,0,0,0,0,1,0,0,0,0,0,0,0,0,0
0.00042215482233411687,5,16,3,0,1,0,0,0,0,1,0,0,0,0,0,0,0,0,0
0.000802329920368993,5,20,3,0,1,0,0,0,0,1,0,0,0,0,0,0,0,0,0
0.000802329920368993,5,13,3,0,1,0,0,0,0,1,0,0,0,0,0,0,0,0,0
9.380943977483956e-07,5,16,2,0,1,0,0,0,0,1,0,0,0,0,0,0,0,0,0
0.0008554063139258101,5,51,8,0,1,0,0,0,0,1,0,0,0,0,0,0,0,0,0
8.948926820626142e-07,5,12,2,0,1,0,0,0,0,1,0,0,0,0,0,0,0,0,0
0.000987480130450913,5,12,2,0,1,0,0,0,0,1,0,0,0,0,0,0,0,0,0
1.4626866596471696e-06,5,12,3,0,1,0,0,0,0,1,0,0,0,0,0,0,0,0,0
0.0006517410828356979,5,77,10,0,1,0,1,0,0,1,0,0,0,0,0,0,0,0,0
8.146609243604488e-07,5,77,12,0,1,0,0,0,0,1,0,0,0,0,0,0,0,0,0
8.763776610544222e-07,1,20,3,0,0,0,0,0,0,1,0,0,0,0,0,0,0,0,0
0.0004665908727537777,3,19,2,0,0,0,0,0,0,1,0,0,0,0,0,0,0,0,0
0.0005998990240127603,5,11,2,0,1,0,0,0,0,1,0,0,0,0,0,0,0,0,0
1.0615278711363424e-06,1,14,3,0,0,0,0,0,0,1,0,0,0,0,0,0,0,0,0
0.0008942878580430134,5,12,2,0,1,0,0,0,0,1,0,0,0,0,0,0,0,0,0
0.00071654365636437,5,39,9,0,1,0,1,0,0,1,0,0,0,0,0,0,0,0,0
6.171673669397339e-07,5,9,2,0,1,0,0,0,0,1,0,0,0,0,0,0,0,0,0
1.197304691863084e-06,5,12,3,0,1,0,0,0,0,1,0,0,0,0,0,0,0,0,0
0.0008949050254099531,5,-102,69,0,1,0,0,0,0,1,0,0,0,0,0,0,0,0,0
0.0009387239084626742,5,13,2,0,1,0,0,0,0,1,0,0,0,0,0,0,0,0,0
8.455192927074356e-07,5,22,3,0,1,0,0,0,0,1,0,0,0,0,0,0,0,0,0
0.0006406320702307827,1,30,4,0,0,0,0,0,0,1,0,0,0,0,0,0,0,0,0
0.0008517033097241718,5,10,2,0,1,0,0,0,0,1,0,0,0,0,0,0,0,0,0
0.00042215482233411687,5,127,21,0,1,0,0,0,0,1,0,0,0,0,0,0,0,0,0
0.0,4,35,6,0,1,0,1,0,0,1,0,0,0,0,0,0,0,0,0
0.0007558448742910922,5,31,5,0,1,0,0,0,0,1,0,0,0,0,0,0,0,0,0
9.319227240789983e-07,1,13,3,0,1,0,0,0,0,1,0,0,0,0,0,0,0,0,0
7.838025560134621e-07,5,36,89,0,1,0,0,0,0,1,0,0,0,0,0,0,0,0,0
1.0306695027893558e-06,5,18,3,0,1,0,0,0,0,1,0,0,0,0,0,0,0,0,0
0.0005110269231734386,5,13,2,0,1,0,0,0,0,1,0,0,0,0,0,0,0,0,0
0.0005221359357783537,4,15,3,0,1,0,0,0,0,1,0,0,0,0,0,0,0,0,0
1.3701115546062094e-06,5,12,3,0,1,0,0,0,0,1,0,0,0,0,0,0,0,0,0
0.0005585488104277981,3,6,62,0,1,0,0,0,0,1,0,0,0,0,0,0,0,0,0
7.838025560134621e-07,5,11,2,0,1,0,0,0,0,1,0,0,0,0,0,0,0,0,0
0.0014503556556557137,5,43,8,0,1,0,1,0,0,1,0,0,0,0,0,0,0,0,0
0.0007714715520220063,5,11,2,0,1,0,0,0,0,1,0,0,0,0,0,0,0,0,0
1.0923862394833291e-06,5,13,3,0,1,0,0,0,0,1,0,0,0,0,0,0,0,0,0
0.0005341706994336786,3,27,3,0,1,0,0,0,0,1,0,0,0,0,0,0,0,0,0
0.0008220792761110644,5,36,6,0,1,0,0,0,0,1,0,0,0,0,0,0,0,0,0
0.0011726303405328333,1,8,2,0,0,0,0,0,0,1,0,0,0,0,0,0,0,0,0
0.0004999179105685234,5,14,3,0,1,0,0,0,0,1,0,0,0,0,0,0,0,0,0
9.319227240789983e-07,5,11,2,0,1,0,0,0,0,1,0,0,0,0,0,0,0,0,0
0.0009479814189667702,4,20,4,0,1,0,0,0,0,1,0,0,0,0,0,0,0,0,0
0.0,5,14,2,0,1,0,0,0,0,1,0,0,0,0,0,0,0,0,0
9.380943977483956e-07,3,25,4,0,0,0,0,0,0,1,0,0,0,0,0,0,0,0,0
0.0004443728475439473,5,71,10,0,1,0,0,0,0,1,0,0,0,0,0,0,0,0,0
0.0009479814189667702,4,20,4,0,1,0,0,0,0,1,0,0,0,0,0,0,0,0,0
0.0008951518923567289,5,20,3,0,1,0,0,0,0,1,0,0,0,0,0,0,0,0,0
4.2584548318841644e-07,5,12,3,0,1,0,0,0,0,1,0,0,0,0,0,0,0,0,0
0.000744316187876658,5,37,6,0,1,0,0,0,0,1,0,0,0,0,0,0,0,0,0
0.000802329920368993,3,17,2,0,0,0,0,0,0,1,0,0,0,0,0,0,0,0,0
0.0007529565310138142,5,11,2,0,1,0,0,0,0,1,0,0,0,0,0,0,0,0,0
0.0,5,14,2,0,1,0,0,0,0,1,0,0,0,0,0,0,0,0,0
7.406008403276808e-07,5,13,2,0,1,0,0,0,0,1,0,0,0,0,0,0,0,0,0
1.4626866596471696e-06,1,14,3,0,0,0,0,0,0,1,0,0,0,0,0,0,0,0,0
1.92556218485197e-06,5,12,3,0,1,0,0,0,0,1,0,0,0,0,0,0,0,0,0
0.001166458666863436,4,46,7,0,1,1,0,0,0,1,0,0,0,0,0,0,0,0,0
8.763776610544222e-07,5,11,2,0,1,0,0,0,0,1,0,0,0,0,0,0,0,0,0
0.0007097548153280329,5,12,3,0,1,0,0,0,0,1,0,0,0,0,0,0,0,0,0
0.0007332071752717428,5,14,3,0,1,0,0,0,0,1,0,0,0,0,0,0,0,0,0
0.0009479814189667702,4,22,4,0,1,0,0,0,0,1,0,0,0,0,0,0,0,0,0
0.0006110080366176755,1,13,2,0,0,0,0,0,0,1,0,0,0,0,0,0,0,0,0
9.874677871035743e-07,5,10,2,0,1,0,0,0,0,1,0,0,0,0,0,0,0,0,0
0.0009479814189667702,4,22,4,0,1,0,0,0,0,1,0,0,0,0,0,0,0,0,0
0.0006110080366176755,5,10,2,0,1,0,0,0,0,1,0,0,0,0,0,0,0,0,0
0.0009479814189667702,4,22,4,0,1,0,0,0,0,1,0,0,0,0,0,0,0,0,0
0.0016046474973906472,5,12,3,0,1,0,0,0,0,1,0,0,0,0,0,0,0,0,0
0.0004554818601488625,5,11,2,0,1,0,0,0,0,1,0,0,0,0,0,0,0,0,0
0.0005110269231734386,5,15,2,0,1,0,0,0,0,1,0,0,0,0,0,0,0,0,0
1.4935450279941562e-06,5,12,3,0,1,0,0,0,0,1,0,0,0,0,0,0,0,0,0
0.00042215482233411687,5,33,6,0,1,0,0,0,0,1,0,0,0,0,0,0,0,0,0
0.0009479814189667702,4,16,3,0,1,0,0,0,0,1,0,0,0,0,0,0,0,0,0
0.00047970259346441236,5,60,11,0,1,0,1,0,0,1,0,0,0,0,0,0,0,0,0
0.00042215482233411687,5,32,6,0,1,0,0,0,0,1,0,0,0,0,0,0,0,0,0
1.1541029761773025e-06,5,12,3,0,1,0,0,0,0,1,0,0,0,0,0,0,0,0,0
0.0005998990240127603,4,20,3,0,1,0,0,0,0,1,0,0,0,0,0,0,0,0,0
0.00039993679712428643,5,85,14,0,1,0,0,0,0,1,0,0,0,0,0,0,0,0,0
0.0004443728475439473,5,40,6,0,1,0,1,0,0,1,0,0,0,0,0,0,0,0,0
0.0005554629735930994,3,31,4,0,0,0,0,0,0,1,0,0,0,0,0,0,0,0,0
0.0009072483727487478,5,12,2,0,1,0,0,0,0,1,0,0,0,0,0,0,0,0,0
0.0005110269231734386,5,11,2,0,1,0,0,0,0,1,0,0,0,0,0,0,0,0,0
1.1849613445242893e-06,5,11,2,0,1,0,0,0,0,1,0,0,0,0,0,0,0,0,0
0.0005184329315767154,1,13,2,0,0,0,0,0,0,1,0,0,0,0,0,0,0,0,0
0.0,5,11,2,0,1,0,0,0,0,1,0,0,0,0,0,0,0,0,0
0.0009621762684063841,5,48,8,0,1,0,0,0,0,1,0,0,0,0,0,0,0,0,0
5.153347513946778e-07,5,14,2,0,1,0,0,0,0,1,0,0,0,0,0,0,0,0,0
0.0004888088979636082,5,74,12,0,1,0,0,0,0,1,0,0,0,0,0,0,0,0,0
1.400969922953196e-06,5,12,3,0,1,0,0,0,0,1,0,0,0,0,0,0,0,0,0
0.00043326383493903206,5,12,2,0,1,0,0,0,0,1,0,0,0,0,0,0,0,0,0
0.0007714715520220063,5,43,6,0,1,0,0,0,0,1,0,0,0,0,0,0,0,0,0
1.0059828081117663e-06,5,10,2,0,1,0,0,0,0,1,0,0,0,0,0,0,0,0,0
0.0007714715520220063,4,84,15,0,1,0,0,0,0,1,0,0,0,0,0,0,0,0,0
0.0006110080366176755,5,83,12,0,1,0,0,0,0,1,0,0,0,0,0,0,0,0,0
0.0008517033097241718,3,26,3,0,0,0,0,0,0,1,0,0,0,0,0,0,0,0,0
1.709553606423063e-06,5,11,2,0,1,0,0,0,0,1,0,0,0,0,0,0,0,0,0
0.0006221170492225907,5,15,3,0,1,0,0,0,0,1,0,0,0,0,0,0,0,0,0
0.0007943067445987765,5,38,7,0,1,0,1,0,0,1,0,0,0,0,0,0,0,0,0
6.788841036337073e-07,5,11,2,0,1,0,0,0,0,1,0,0,0,0,0,0,0,0,0
0.0009479814189667702,4,20,4,0,1,0,0,0,0,1,0,0,0,0,0,0,0,0,0
8.763776610544222e-07,5,11,2,0,1,0,0,0,0,1,0,0,0,0,0,0,0,0,0
0.0004110458097292016,5,11,2,0,1,0,0,0,0,1,0,0,0,0,0,0,0,0,0
1.0615278711363424e-06,3,25,3,0,0,0,0,0,0,1,0,0,0,0,0,0,0,0,0
6.603690826255153e-07,5,10,2,0,1,0,0,0,0,1,0,0,0,0,0,0,0,0,0
0.00042215482233411687,5,33,6,0,1,0,0,0,0,1,0,0,0,0,0,0,0,0,0
0.00120348870887982,5,45,8,0,1,0,0,0,0,1,0,0,0,0,0,0,0,0,0
7.344291666582834e-07,5,40,7,0,1,0,0,0,0,1,0,0,0,0,0,0,0,0,0
0.0013886389189617402,3,27,5,0,1,0,0,0,0,1,0,0,0,0,0,0,0,0,0
0.0007943067445987765,5,35,7,0,1,0,1,0,0,1,0,0,0,0,0,0,0,0,0
0.0007943067445987765,5,38,7,0,1,0,1,0,0,1,0,0,0,0,0,0,0,0,0
1.25284975488766e-06,5,11,2,0,1,0,0,0,0,1,0,0,0,0,0,0,0,0,0
0.00039993679712428643,5,14,2,0,1,0,0,0,0,1,0,0,0,0,0,0,0,0,0
0.0006665530996422515,5,12,2,0,1,0,0,0,0,1,0,0,0,0,0,0,0,0,0
0.00042215482233411687,5,14,2,0,1,0,0,0,0,1,0,0,0,0,0,0,0,0,0
0.0005998990240127603,5,13,3,0,1,0,0,0,0,1,0,0,0,0,0,0,0,0,0
0.0006443350744324211,5,10,2,0,1,0,0,0,0,1,0,0,0,0,0,0,0,0,0
8.146609243604488e-07,1,20,3,0,0,0,0,0,0,1,0,0,0,0,0,0,0,0,0
0.0004443728475439473,5,18,2,0,1,0,0,0,0,1,0,0,0,0,0,0,0,0,0
0.0,5,43,7,0,1,0,0,0,0,1,0,0,0,0,0,0,0,0,0
0.0005221359357783537,5,45,6,0,1,0,0,0,0,1,0,0,0,0,0,0,0,0,0
0.00042215482233411687,5,11,2,0,1,0,0,0,0,1,0,0,0,0,0,0,0,0,0
0.0006480380786340595,5,21,3,0,1,0,0,0,0,1,0,0,0,0,0,0,0,0,0
6.54197408956118e-07,5,16,2,0,1,0,0,0,0,1,0,0,0,0,0,0,0,0,0
1.400969922953196e-06,5,11,2,0,1,0,0,0,0,1,0,0,0,0,0,0,0,0,0
9.380943977483956e-07,1,20,3,0,0,0,0,0,0,1,0,0,0,0,0,0,0,0,0
0.0006110080366176755,5,12,2,0,1,0,0,0,0,1,0,0,0,0,0,0,0,0,0
9.99811134442369e-07,5,13,3,0,1,0,0,0,0,1,0,0,0,0,0,0,0,0,0
0.0005036209147701617,1,10,1,0,0,0,0,0,0,1,0,0,0,0,0,0,0,0,0
0.0009479814189667702,4,19,3,0,1,0,0,0,0,1,0,0,0,0,0,0,0,0,0
0.0004888088979636082,5,15,2,0,1,0,0,0,0,1,0,0,0,0,0,0,0,0,0
1.4441716386389774e-06,1,13,2,0,0,0,0,0,0,1,0,0,0,0,0,0,0,0,0
9.134077030708062e-07,5,12,3,0,1,0,0,0,0,1,0,0,0,0,0,0,0,0,0
0.0004110458097292016,5,42,6,0,1,0,0,0,0,1,0,0,0,0,0,0,0,0,0
0.001036853519806092,1,11,1,0,0,0,0,0,0,1,0,0,0,0,0,0,0,0,0
0.0004999179105685234,5,56,8,0,1,0,0,0,0,1,0,0,0,0,0,0,0,0,0
0.00042215482233411687,5,39,6,0,1,0,0,0,0,1,0,0,0,0,0,0,0,0,0
1.9564205531989565e-06,5,15,3,0,1,0,0,0,0,1,0,0,0,0,0,0,0,0,0
0.0009566217621039265,5,16,2,0,1,0,0,0,0,1,0,0,0,0,0,0,0,0,0
0.0005110269231734386,5,17,3,0,1,0,0,0,0,1,0,0,0,0,0,0,0,0,0
0.0005665719861980146,1,13,2,0,0,0,0,0,0,1,0,0,0,0,0,0,0,0,0
0.0005616346472624967,5,12,2,0,1,0,0,0,0,1,0,0,0,0,0,0,0,0,0
0.0004888088979636082,5,12,3,0,1,0,0,0,0,1,0,0,0,0,0,0,0,0,0
1.036841176458753e-06,5,40,7,0,1,0,0,0,0,1,0,0,0,0,0,0,0,0,0
0.0005221359357783537,5,17,3,0,1,1,0,0,0,1,0,0,0,0,0,0,0,0,0
1.2590214285570573e-06,5,22,3,0,1,0,0,0,0,1,0,0,0,0,0,0,0,0,0
0.0008331882887159797,5,12,2,0,1,0,0,0,0,1,0,0,0,0,0,0,0,0,0
1.2590214285570573e-06,5,54,8,0,1,0,0,0,0,1,0,0,0,0,0,0,0,0,0
0.0011170852775082573,1,8,2,0,0,0,0,0,0,1,0,0,0,0,0,0,0,0,0
1.0923862394833291e-06,5,12,3,0,1,0,0,0,0,1,0,0,0,0,0,0,0,0,0
8.578626400462302e-07,5,55,9,0,1,0,0,0,0,1,0,0,0,0,0,0,0,0,0
0.0006998801374569971,5,14,2,0,1,0,0,0,0,1,0,0,0,0,0,0,0,0,0
0.009664853309623573,1,10,2,0,0,0,0,0,0,1,0,0,0,0,0,0,0,0,0
8.146609243604488e-07,5,41,6,0,1,0,0,0,0,1,0,0,0,0,0,0,0,0,0
1.0430128501281504e-06,5,12,3,0,1,0,0,0,0,1,0,0,0,0,0,0,0,0,0
9.380943977483956e-07,3,23,4,0,0,0,0,0,0,1,0,0,0,0,0,0,0,0,0
9.99811134442369e-07,5,11,2,0,1,0,0,0,0,1,0,0,0,0,0,0,0,0,0
0.0005443539609881842,5,8,2,0,1,0,0,0,0,1,0,0,0,0,0,0,0,0,0
0.0006603814259728541,5,64,12,0,1,0,1,0,0,1,0,0,0,0,0,0,0,0,0
0.0006566784217712158,5,63,8,0,1,0,1,0,0,1,0,0,0,0,0,0,0,0,0
4.6904719887419786e-07,5,10,2,0,1,0,0,0,0,1,0,0,0,0,0,0,0,0,0
1.1232446078303157e-06,5,11,2,0,1,0,0,0,0,1,0,0,0,0,0,0,0,0,0
8.455192927074356e-07,5,12,3,0,1,0,0,0,0,1,0,0,0,0,0,0,0,0,0
1.1294162814997132e-06,3,23,4,0,0,0,0,0,0,1,0,0,0,0,0,0,0,0,0
9.99811134442369e-07,5,12,2,0,1,0,0,0,0,1,0,0,0,0,0,0,0,0,0
0.0013577805506147535,5,48,7,0,1,0,0,0,0,1,0,0,0,0,0,0,0,0,0
0.0012343470772268068,5,12,3,0,1,0,0,0,0,1,0,0,0,0,0,0,0,0,0
1.4318282913001828e-06,5,12,3,0,1,0,0,0,0,1,0,0,0,0,0,0,0,0,0
8.220669327637258e-06,1,13,2,0,0,0,0,0,0,1,0,0,0,0,0,0,0,0,0
0.0004582591133000913,5,12,3,0,1,0,0,0,0,1,0,0,0,0,0,0,0,0,0
2.0798540265869033e-06,5,17,3,0,1,0,0,0,0,1,0,0,0,0,0,0,0,0,0
0.0,5,70,10,0,1,0,1,0,0,1,0,0,0,0,0,0,0,0,0
0.0009627934357733239,5,53,9,0,1,0,1,0,0,1,0,0,0,0,0,0,0,0,0
9.99811134442369e-07,5,11,2,0,1,0,0,0,0,1,0,0,0,0,0,0,0,0,0
0.0007406131836750196,5,11,2,0,1,0,0,0,0,1,0,0,0,0,0,0,0,0,0
0.0006603814259728541,5,64,11,0,1,0,1,0,0,1,0,0,0,0,0,0,0,0,0
0.0010775865660241142,5,11,3,0,1,0,0,0,0,1,0,0,0,0,0,0,0,0,0
0.0008665153265307253,4,17,3,0,1,0,0,0,0,1,0,0,0,0,0,0,0,0,0
4.731616479871294e-07,5,21,5,0,1,0,0,0,0,1,0,0,0,0,0,0,0,0,0
9.380943977483956e-07,5,16,2,0,1,0,0,0,0,1,0,0,0,0,0,0,0,0,0
0.0004665908727537777,5,127,20,0,1,0,0,0,0,1,0,0,0,0,0,0,0,0,0
9.380943977483956e-07,5,13,2,0,1,0,0,0,0,1,0,0,0,0,0,0,0,0,0
1.3701115546062094e-06,5,12,3,0,1,0,0,0,0,1,0,0,0,0,0,0,0,0,0
1.1849613445242893e-06,5,122,21,0,1,0,0,0,0,1,0,0,0,0,0,0,0,0,0
8.393476190380381e-07,5,12,3,0,1,0,0,0,0,1,0,0,0,0,0,0,0,0,0
8.084892506910514e-07,5,14,2,0,1,0,0,0,0,1,0,0,0,0,0,0,0,0,0
6.171673669397339e-07,5,43,8,0,1,0,0,0,0,1,0,0,0,0,0,0,0,0,0
0.0004665908727537777,5,13,2,0,1,0,0,0,0,1,0,0,0,0,0,0,0,0,0
0.0007097548153280329,5,11,2,0,1,0,0,0,0,1,0,0,0,0,0,0,0,0,0
8.578626400462302e-07,5,11,2,0,1,0,0,0,0,1,0,0,0,0,0,0,0,0,0
7.220858193194887e-07,5,49,8,0,1,0,0,0,0,1,0,0,0,0,0,0,0,0,0
0.0009751367831121185,5,110,18,0,1,0,0,0,0,1,0,0,0,0,0,0,0,0,0
0.0006665530996422515,5,15,2,0,1,0,0,0,0,1,0,0,0,0,0,0,0,0,0
9.99811134442369e-07,5,11,2,0,1,0,0,0,0,1,0,0,0,0,0,0,0,0,0
0.0006332260618275059,5,15,3,0,1,0,0,0,0,1,0,0,0,0,0,0,0,0,0
0.0010245101724672971,5,110,18,0,1,0,0,0,0,1,0,0,0,0,0,0,0,0,0
1.1849613445242893e-06,5,12,3,0,1,0,0,0,0,1,0,0,0,0,0,0,0,0,0
0.0009751367831121185,5,110,18,0,1,0,0,0,0,1,0,0,0,0,0,0,0,0,0
9.072360294014089e-07,5,13,2,0,1,0,0,0,0,1,0,0,0,0,0,0,0,0,0
1.4626866596471696e-06,5,15,3,0,1,0,0,0,0,1,0,0,0,0,0,0,0,0,0
1.5676051120269244e-06,5,12,3,0,1,0,0,0,0,1,0,0,0,0,0,0,0,0,0
9.25751050409601e-07,5,89,55,0,1,0,0,0,0,1,0,0,0,0,0,0,0,0,0
0.0,5,-9,-98,0,1,0,0,0,0,1,0,0,0,0,0,0,0,0,0
8.146609243604488e-07,5,12,3,0,1,0,0,0,0,1,0,0,0,0,0,0,0,0,0
8.702059873850248e-07,1,13,2,0,0,0,0,0,0,1,0,0,0,0,0,0,0,0,0
0.0010245101724672971,5,110,18,0,1,0,0,0,0,1,0,0,0,0,0,0,0,0,0
0.0010245101724672971,5,110,18,0,1,0,0,0,0,1,0,0,0,0,0,0,0,0,0
0.0037030165449857427,5,12,3,0,1,0,0,0,0,1,0,0,0,0,0,0,0,0,0
1.1849613445242893e-06,5,10,2,0,1,0,0,0,0,1,0,0,0,0,0,0,0,0,0
0.00038882778451937124,5,51,8,0,1,0,0,0,0,1,0,0,0,0,0,0,0,0,0
7.899742296828595e-07,5,15,3,0,1,0,0,0,0,1,0,0,0,0,0,0,0,0,0
0.0005110269231734386,1,13,2,0,0,0,0,0,0,1,0,0,0,0,0,0,0,0,0
0.0006554440870373364,5,71,11,0,1,0,0,0,0,1,0,0,0,0,0,0,0,0,0
0.000987480130450913,3,36,4,0,0,0,0,0,0,1,0,0,0,0,0,0,0,0,0
0.0037030165449857427,5,12,3,0,1,0,0,0,0,1,0,0,0,0,0,0,0,0,0
0.0033944328615158753,5,12,3,0,1,0,0,0,0,1,0,0,0,0,0,0,0,0,0
0.0033944328615158753,5,12,3,0,1,0,0,0,0,1,0,0,0,0,0,0,0,0,0
0.0009442784147651319,5,13,2,0,1,0,0,0,0,1,0,0,0,0,0,0,0,0,0
0.00047769988535869293,5,34,5,0,1,0,0,0,0,1,0,0,0,0,0,0,0,0,0
0.0007332071752717428,4,31,5,0,1,0,0,0,0,1,0,0,0,0,0,0,0,0,0
0.0004665908727537777,5,40,7,0,1,0,0,0,0,1,0,0,0,0,0,0,0,0,0
0.0005221359357783537,5,12,2,0,1,0,0,0,0,1,0,0,0,0,0,0,0,0,0
0.0004443728475439473,5,58,6,0,1,0,0,0,0,1,0,0,0,0,0,0,0,0,0
0.0007220981626668276,3,101,13,0,1,0,0,0,0,1,0,0,0,0,0,0,0,0,0
9.072360294014089e-07,3,2,1,0,1,0,0,0,0,1,0,0,0,0,0,0,0,0,0
5.677939775845552e-07,5,15,2,0,1,0,0,0,0,1,0,0,0,0,0,0,0,0,0
0.0008949050254099531,3,17,2,0,0,0,0,0,0,1,0,0,0,0,0,0,0,0,0
9.380943977483956e-07,5,13,3,0,1,0,0,0,0,1,0,0,0,0,0,0,0,0,0
0.0006595050483117998,5,21,4,0,1,1,0,0,0,1,0,0,0,0,0,0,0,0,0
0.0005221359357783537,5,38,5,0,1,0,0,0,0,1,0,0,0,0,0,0,0,0,0
0.0004665908727537777,5,39,7,0,1,0,0,0,0,1,0,0,0,0,0,0,0,0,0
0.0004888088979636082,5,9,2,0,1,0,0,0,0,1,0,0,0,0,0,0,0,0,0
5.122489145599791e-07,1,13,2,0,0,0,0,0,0,1,0,0,0,0,0,0,0,0,0
7.776308823440648e-07,5,13,2,0,1,0,0,0,0,1,0,0,0,0,0,0,0,0,0
0.0007887522382963189,4,18,4,0,1,0,0,0,0,1,0,0,0,0,0,0,0,0,0
0.000377718771914456,4,17,3,0,1,0,0,0,0,1,0,0,0,0,0,0,0,0,0
1.1232446078303157e-06,5,10,2,0,1,0,0,0,0,1,0,0,0,0,0,0,0,0,0
0.0005863213419400861,3,103,12,0,0,0,0,0,0,1,0,0,0,0,0,0,0,0,0
0.0004665908727537777,5,43,5,0,1,0,0,0,0,1,0,0,0,0,0,0,0,0,0
0.0005443539609881842,4,19,3,0,1,0,0,0,0,1,0,0,0,0,0,0,0,0,0
0.0004554818601488625,4,22,4,0,1,0,0,0,0,1,0,0,0,0,0,0,0,0,0
0.0006110080366176755,1,13,2,0,0,0,0,0,0,1,0,0,0,0,0,0,0,0,0
0.0008679965282113807,5,17,3,0,1,0,0,0,0,1,0,0,0,0,0,0,0,0,0
0.0005998990240127603,3,18,3,0,1,0,0,0,0,1,0,0,0,0,0,0,0,0,0
8.270042716992435e-07,3,67,9,0,0,0,0,0,0,1,0,0,0,0,0,0,0,0,0
0.0005443539609881842,5,20,3,0,1,0,0,0,0,1,0,0,0,0,0,0,0,0,0
0.0005443539609881842,5,13,2,0,1,0,0,0,0,1,0,0,0,0,0,0,0,0,0
0.0005443539609881842,5,13,2,0,1,0,0,0,0,1,0,0,0,0,0,0,0,0,0
0.0005554629735930994,3,84,10,0,0,0,0,0,0,1,0,0,0,0,0,0,0,0,0
0.0005221359357783537,5,16,2,0,1,0,0,0,0,1,0,0,0,0,0,0,0,0,0
0.0005443539609881842,5,11,2,0,1,0,0,0,0,1,0,0,0,0,0,0,0,0,0
0.0005332449483832689,3,19,2,0,0,0,0,0,0,1,0,0,0,0,0,0,0,0,0
0.0005665719861980146,5,16,3,0,1,0,0,0,0,1,0,0,0,0,0,0,0,0,0
0.0005221359357783537,5,15,2,0,1,0,0,0,0,1,0,0,0,0,0,0,0,0,0
0.0010553685408142839,5,11,2,0,1,0,0,0,0,1,0,0,0,0,0,0,0,0,0
0.0008541719791919307,3,24,3,0,0,0,0,0,0,1,0,0,0,0,0,0,0,0,0
0.0004443728475439473,5,13,3,0,1,0,0,0,0,1,0,0,0,0,0,0,0,0,0
0.0007665342130864884,5,8,2,0,1,0,0,0,0,1,0,0,0,0,0,0,0,0,0
0.0005221359357783537,5,12,2,0,1,0,0,0,0,1,0,0,0,0,0,0,0,0,0
0.0007776432256914037,5,14,2,0,1,0,0,0,0,1,0,0,0,0,0,0,0,0,0
0.0007332071752717428,5,11,2,0,1,0,0,0,0,1,0,0,0,0,0,0,0,0,0
0.0005110269231734386,5,95,15,0,1,0,0,0,0,1,0,0,0,0,0,0,0,0,0
8.208325980298462e-07,5,29,6,0,1,0,0,0,0,1,0,0,0,0,0,0,0,0,0
1.0676995448057397e-06,5,13,2,0,1,0,0,0,0,1,0,0,0,0,0,0,0,0,0
0.0002666286458653039,4,17,4,0,1,0,0,0,0,1,0,0,0,0,0,0,0,0,0
0.0004554818601488625,4,18,4,0,1,0,0,0,0,1,0,0,0,0,0,0,0,0,0
8.702059873850248e-07,5,14,3,0,1,0,0,0,0,1,0,0,0,0,0,0,0,0,0
0.001036853519806092,1,8,1,0,0,0,0,0,0,1,0,0,0,0,0,0,0,0,0
9.380943977483956e-07,3,14,2,0,1,0,0,0,0,1,0,0,0,0,0,0,0,0,0
0.00042215482233411687,5,15,2,0,1,0,0,0,0,1,0,0,0,0,0,0,0,0,0
0.0,3,23,3,0,0,0,0,0,0,1,0,0,0,0,0,0,0,0,0
1.0923862394833291e-06,5,17,3,0,1,0,0,0,0,1,0,0,0,0,0,0,0,0,0
1.7404119747700498e-06,5,10,2,0,1,0,0,0,0,1,0,0,0,0,0,0,0,0,0
1.2466780812182627e-06,5,38,7,0,1,0,0,0,0,1,0,0,0,0,0,0,0,0,0
8.455192927074356e-07,5,14,2,0,1,0,0,0,0,1,0,0,0,0,0,0,0,0,0
8.763776610544222e-07,5,12,2,0,1,0,0,0,0,1,0,0,0,0,0,0,0,0,0
0.0006788964469810462,5,19,4,0,1,0,0,0,0,1,0,0,0,0,0,0,0,0,0
0.0005776809988029298,5,14,2,0,1,0,0,0,0,1,0,0,0,0,0,0,0,0,0
1.1479313025079052e-06,5,17,3,0,1,0,0,0,0,1,0,0,0,0,0,0,0,0,0
0.0004554818601488625,5,13,2,0,1,0,0,0,0,1,0,0,0,0,0,0,0,0,0
8.270042716992435e-07,1,13,2,0,0,0,0,0,0,1,0,0,0,0,0,0,0,0,0
0.0004888088979636082,5,20,3,0,1,0,0,0,0,1,0,0,0,0,0,0,0,0,0
0.0008455316360547743,3,31,4,0,0,0,0,0,0,1,0,0,0,0,0,0,0,0,0
0.0002666286458653039,3,33,6,0,0,0,0,0,0,1,0,0,0,0,0,0,0,0,0
0.0008560234812927498,1,13,2,0,0,0,0,0,0,1,0,0,0,0,0,0,0,0,0
9.010643557320116e-07,1,13,2,0,0,0,0,0,0,1,0,0,0,0,0,0,0,0,0
0.0005876050500633207,5,15,2,0,1,0,0,0,0,1,0,0,0,0,0,0,0,0,0
0.0007776432256914037,5,21,3,0,1,0,0,0,0,1,0,0,0,0,0,0,0,0,0
0.0005443539609881842,5,47,7,0,1,0,0,0,0,1,0,0,0,0,0,0,0,0,0
0.0004999179105685234,5,9,2,0,1,0,0,0,0,1,0,0,0,0,0,0,0,0,0
0.0010220415029995383,3,23,4,0,0,0,0,0,0,1,0,0,0,0,0,0,0,0,0
1.1047295868221238e-06,5,12,2,0,1,0,0,0,0,1,0,0,0,0,0,0,0,0,0
0.0004665908727537777,5,13,2,0,1,0,0,0,0,1,0,0,0,0,0,0,0,0,0
0.0005110269231734386,5,14,2,0,1,0,0,0,0,1,0,0,0,0,0,0,0,0,0
9.99811134442369e-07,5,19,3,0,1,0,0,0,0,1,0,0,0,0,0,0,0,0,0
0.0006554440870373364,5,42,5,0,1,0,0,0,0,1,0,0,0,0,0,0,0,0,0
8.455192927074356e-07,5,14,2,0,1,0,0,0,0,1,0,0,0,0,0,0,0,0,0
0.0012343470772268068,5,17,3,0,1,0,0,0,0,1,0,0,0,0,0,0,0,0,0
0.000987480130450913,4,-128,22,0,1,0,0,0,0,1,0,0,0,0,0,0,0,0,0
0.0006443350744324211,5,86,15,0,1,0,0,0,0,1,0,0,0,0,0,0,0,0,0
6.54197408956118e-07,5,12,2,0,1,0,0,0,0,1,0,0,0,0,0,0,0,0,0
0.0012553307677027577,5,15,3,0,1,0,0,0,0,1,0,0,0,0,0,0,0,0,0
9.010643557320116e-07,5,45,7,0,1,0,0,0,0,1,0,0,0,0,0,0,0,0,0
8.763776610544222e-07,5,13,2,0,1,0,0,0,0,1,0,0,0,0,0,0,0,0,0
0.0008665153265307253,1,10,1,0,0,0,0,0,0,1,0,0,0,0,0,0,0,0,0
0.0006221170492225907,5,15,3,0,1,0,0,0,0,1,0,0,0,0,0,0,0,0,0
0.0006624797950204493,5,11,2,0,1,0,0,0,0,1,0,0,0,0,0,0,0,0,0
0.0011220226164437752,3,32,5,0,1,0,1,0,0,1,0,0,0,0,0,0,0,0,0
0.0007831977319938613,5,43,8,0,1,0,0,0,0,1,0,0,0,0,0,0,0,0,0
0.00034439173409971037,5,72,11,0,1,0,0,0,0,1,0,0,0,0,0,0,0,0,0
9.874677871035743e-07,5,10,2,0,1,0,0,0,0,1,0,0,0,0,0,0,0,0,0
9.319227240789983e-07,5,15,2,0,1,0,0,0,0,1,0,0,0,0,0,0,0,0,0
0.0005554629735930994,5,13,3,0,1,0,0,0,0,1,0,0,0,0,0,0,0,0,0
0.0006776621122471667,5,38,6,0,1,0,0,0,0,1,0,0,0,0,0,0,0,0,0
0.0009173699175665594,2,62,8,0,1,0,1,0,0,1,0,0,0,0,0,0,0,0,0
0.0006739591080455284,4,30,5,0,1,0,0,0,0,1,0,0,0,0,0,0,0,0,0
0.0007961582466995957,3,29,5,0,1,0,0,0,0,1,0,0,0,0,0,0,0,0,0
0.0013275393496347066,1,15,2,0,0,0,0,0,0,1,0,0,0,0,0,0,0,0,0
0.0006110080366176755,5,55,9,0,1,0,0,0,0,1,0,0,0,0,0,0,0,0,0
8.578626400462302e-07,1,13,2,0,0,0,0,0,0,1,0,0,0,0,0,0,0,0,0
0.0004110458097292016,4,44,8,0,1,1,0,0,0,1,0,0,0,0,0,0,0,0,0
8.084892506910514e-07,5,14,2,0,1,0,0,0,0,1,0,0,0,0,0,0,0,0,0
0.0005221359357783537,5,15,3,0,1,0,0,0,0,1,0,0,0,0,0,0,0,0,0
0.0,5,14,2,0,1,0,0,0,0,1,0,0,0,0,0,0,0,0,0
1.0491845237975477e-06,5,10,2,0,1,0,0,0,0,1,0,0,0,0,0,0,0,0,0
0.000658529923872035,3,24,3,0,0,0,0,0,0,1,0,0,0,0,0,0,0,0,0
6.788841036337073e-07,5,16,2,0,1,0,0,0,0,1,0,0,0,0,0,0,0,0,0
1.9317338585213673e-06,3,13,3,0,1,0,0,0,0,1,0,0,0,0,0,0,0,0,0
0.0,3,28,3,0,0,0,0,0,0,1,0,0,0,0,0,0,0,0,0
0.0005332449483832689,5,13,3,0,1,0,0,0,0,1,0,0,0,0,0,0,0,0,0
9.689527660953824e-07,1,20,3,0,0,0,0,0,0,1,0,0,0,0,0,0,0,0,0
0.0007554252004815732,5,9,2,0,1,0,0,0,0,1,0,0,0,0,0,0,0,0,0
0.0005998990240127603,5,44,7,0,1,0,0,0,0,1,0,0,0,0,0,0,0,0,0
0.000658529923872035,3,24,3,0,0,0,0,0,0,1,0,0,0,0,0,0,0,0,0
1.3392531862592226e-06,3,23,4,0,0,0,0,0,0,1,0,0,0,0,0,0,0,0,0
0.00042215482233411687,5,-108,-19,0,1,0,0,0,0,1,0,0,0,0,0,0,0,0,0
0.0004888088979636082,5,12,2,0,1,0,0,0,0,1,0,0,0,0,0,0,0,0,0
0.0010800552354918733,5,12,3,0,1,0,0,0,0,1,0,0,0,0,0,0,0,0,0
8.084892506910514e-07,5,14,2,0,1,0,0,0,0,1,0,0,0,0,0,0,0,0,0
9.134077030708062e-07,5,10,2,0,1,0,0,0,0,1,0,0,0,0,0,0,0,0,0
0.0005027136787407603,1,20,4,0,1,0,0,0,0,1,0,0,0,0,0,0,0,0,0
0.0009387239084626742,5,20,4,0,1,0,0,0,0,1,0,0,0,0,0,0,0,0,0
0.0005221359357783537,5,13,2,0,1,0,0,0,0,1,0,0,0,0,0,0,0,0,0
0.00042215482233411687,5,13,2,0,1,0,0,0,0,1,0,0,0,0,0,0,0,0,0
8.084892506910514e-07,5,14,3,0,1,0,0,0,0,1,0,0,0,0,0,0,0,0,0
9.072360294014089e-07,5,11,2,0,1,0,0,0,0,1,0,0,0,0,0,0,0,0,0
0.0018515144441665409,5,62,10,0,1,0,0,0,0,1,0,0,0,0,0,0,0,0,0
1.1849613445242893e-06,5,17,3,0,1,0,0,0,0,1,0,0,0,0,0,0,0,0,0
7.529441876664754e-07,3,23,4,0,0,0,0,0,0,1,0,0,0,0,0,0,0,0,0
1.0923862394833291e-06,5,11,2,0,1,0,0,0,0,1,0,0,0,0,0,0,0,0,0
0.0008640466570629664,1,14,3,0,0,0,0,0,0,1,0,0,0,0,0,0,0,0,0
8.763776610544222e-07,5,12,2,0,1,0,0,0,0,1,0,0,0,0,0,0,0,0,0
0.0005221359357783537,5,15,2,0,1,0,0,0,0,1,0,0,0,0,0,0,0,0,0
0.0006649731511828858,5,14,2,0,1,0,0,0,0,1,0,0,0,0,0,0,0,0,0
0.0006110080366176755,5,12,2,0,1,0,0,0,0,1,0,0,0,0,0,0,0,0,0
6.603690826255153e-07,3,13,3,0,1,0,0,0,0,1,0,0,0,0,0,0,0,0,0
0.0007665342130864884,5,15,3,0,1,1,0,0,0,1,0,0,0,0,0,0,0,0,0
6.91227450972502e-07,5,50,8,0,1,0,0,0,0,1,0,0,0,0,0,0,0,0,0
0.0007961582466995957,3,29,5,0,1,0,0,0,0,1,0,0,0,0,0,0,0,0,0
0.0007961582466995957,3,29,5,0,1,0,0,0,0,1,0,0,0,0,0,0,0,0,0
0.0006776621122471667,5,13,3,0,1,0,0,0,0,1,0,0,0,0,0,0,0,0,0
0.0006887711248520819,5,14,2,0,1,0,0,0,0,1,0,0,0,0,0,0,0,0,0
0.0007961582466995957,3,29,5,0,1,0,0,0,0,1,0,0,0,0,0,0,0,0,0
0.0005554629735930994,2,17,1,0,1,0,0,0,0,1,0,0,0,0,0,0,0,0,0
0.0006998801374569971,5,10,2,0,1,0,0,0,0,1,0,0,0,0,0,0,0,0,0
0.0005110269231734386,5,20,3,0,1,1,0,0,0,1,0,0,0,0,0,0,0,0,0
0.0012343470772268068,3,40,5,0,0,0,0,0,0,1,0,0,0,0,0,0,0,0,0
1.2466780812182627e-06,5,44,8,0,1,0,0,0,0,1,0,0,0,0,0,0,0,0,0
0.00039993679712428643,5,14,2,0,1,0,0,0,0,1,0,0,0,0,0,0,0,0,0
0.0007887522382963189,4,20,3,0,1,0,0,0,0,1,0,0,0,0,0,0,0,0,0
0.0004665908727537777,5,11,2,0,1,0,0,0,0,1,0,0,0,0,0,0,0,0,0
0.0009257633937569398,3,28,4,0,0,0,0,0,0,1,0,0,0,0,0,0,0,0,0
4.0733046218022443e-07,5,14,3,0,1,0,0,0,0,1,0,0,0,0,0,0,0,0,0
0.0007936895772318367,5,39,7,0,1,0,0,0,0,1,0,0,0,0,0,0,0,0,0
0.0005554629735930994,5,13,3,0,1,0,0,0,0,1,0,0,0,0,0,0,0,0,0
0.0004110458097292016,5,17,3,0,1,0,0,0,0,1,0,0,0,0,0,0,0,0,0
0.0004443728475439473,5,36,6,0,1,0,0,0,0,1,0,0,0,0,0,0,0,0,0
1.1479313025079052e-06,5,11,2,0,1,0,0,0,0,1,0,0,0,0,0,0,0,0,0
1.2096480392018786e-06,1,13,2,0,0,0,0,0,0,1,0,0,0,0,0,0,0,0,0
8.702059873850248e-07,5,12,2,0,1,0,0,0,0,1,0,0,0,0,0,0,0,0,0
0.0004888088979636082,5,40,6,0,1,0,0,0,0,1,0,0,0,0,0,0,0,0,0
0.0006411751775136896,3,16,2,0,0,0,0,0,0,1,0,0,0,0,0,0,0,0,0
1.1355879551691106e-06,5,38,7,0,1,0,0,0,0,1,0,0,0,0,0,0,0,0,0
1.4318282913001828e-06,5,12,3,0,1,0,0,0,0,1,0,0,0,0,0,0,0,0,0
0.0004999179105685234,5,10,2,0,1,0,0,0,0,1,0,0,0,0,0,0,0,0,0
0.0007591282046832117,1,12,1,0,0,0,0,0,0,1,0,0,0,0,0,0,0,0,0
0.0011720131731658937,1,7,1,0,0,0,0,0,0,1,0,0,0,0,0,0,0,0,0
0.0004888088979636082,5,14,2,0,1,0,0,0,0,1,0,0,0,0,0,0,0,0,0
0.0010553685408142839,5,13,2,0,1,0,0,0,0,1,0,0,0,0,0,0,0,0,0
0.0005585488104277981,3,67,9,0,0,0,0,0,0,1,0,0,0,0,0,0,0,0,0
0.0004888088979636082,5,14,2,0,1,0,0,0,0,1,0,0,0,0,0,0,0,0,0
9.689527660953824e-07,5,15,3,0,1,0,0,0,0,1,0,0,0,0,0,0,0,0,0
0.001326922182267767,1,8,2,0,0,0,0,0,0,1,0,0,0,0,0,0,0,0,0
0.0008331882887159797,3,35,4,0,0,0,0,0,0,1,0,0,0,0,0,0,0,0,0
0.0006165625429201331,5,14,2,0,1,0,0,0,0,1,0,0,0,0,0,0,0,0,0
0.0009257633937569398,3,21,3,0,0,0,0,0,0,1,0,0,0,0,0,0,0,0,0
0.0007498706941791156,1,12,2,0,0,0,0,0,0,1,0,0,0,0,0,0,0,0,0
1.1232446078303157e-06,5,9,2,0,1,0,0,0,0,1,0,0,0,0,0,0,0,0,0
1.2034763655324813e-06,5,41,7,0,1,0,0,0,0,1,0,0,0,0,0,0,0,0,0
1.0615278711363424e-06,5,15,3,0,1,0,0,0,0,1,0,0,0,0,0,0,0,0,0
0.0004443728475439473,5,41,7,0,1,0,0,0,0,1,0,0,0,0,0,0,0,0,0
0.0010387050219069112,5,12,2,0,1,0,0,0,0,1,0,0,0,0,0,0,0,0,0
0.0004110458097292016,5,40,6,0,1,0,0,0,0,1,0,0,0,0,0,0,0,0,0
0.0005443539609881842,5,14,2,0,1,0,0,0,0,1,0,0,0,0,0,0,0,0,0
1.1232446078303157e-06,5,12,2,0,1,0,0,0,0,1,0,0,0,0,0,0,0,0,0
0.0007714715520220063,5,48,43,0,1,0,0,0,0,1,0,0,0,0,0,0,0,0,0
0.0005554629735930994,3,29,3,0,0,0,0,0,0,1,0,0,0,0,0,0,0,0,0
1.1232446078303157e-06,5,17,3,0,1,1,0,0,0,1,0,0,0,0,0,0,0,0,0
9.380943977483956e-07,1,24,3,0,0,0,0,0,0,1,0,0,0,0,0,0,0,0,0
0.000885647514905857,3,18,3,0,0,0,0,0,0,1,0,0,0,0,0,0,0,0,0
0.0004443728475439473,5,124,59,0,1,0,0,0,0,1,0,0,0,0,0,0,0,0,0
0.0004582591133000913,1,8,2,0,0,0,0,0,0,1,0,0,0,0,0,0,0,0,0
8.763776610544222e-07,5,13,2,0,1,0,0,0,0,1,0,0,0,0,0,0,0,0,0
0.00034007156253113225,5,13,2,0,1,0,0,0,0,1,0,0,0,0,0,0,0,0,0
0.00047769988535869293,5,9,2,0,1,0,0,0,0,1,0,0,0,0,0,0,0,0,0
8.702059873850248e-07,5,60,8,0,1,0,0,0,0,1,0,0,0,0,0,0,0,0,0
0.0007554252004815732,5,12,2,0,1,0,0,0,0,1,0,0,0,0,0,0,0,0,0
0.0011720131731658937,1,6,1,0,0,0,0,0,0,1,0,0,0,0,0,0,0,0,0
0.007973814724208703,5,8,2,0,1,0,0,0,0,1,0,0,0,0,0,0,0,0,0
0.0004110458097292016,5,13,2,0,1,0,0,0,0,1,0,0,0,0,0,0,0,0,0
1.0430128501281504e-06,5,10,2,0,1,0,0,0,0,1,0,0,0,0,0,0,0,0,0
0.00039993679712428643,5,17,3,0,1,0,0,0,0,1,0,0,0,0,0,0,0,0,0
0.0002888466710751343,5,16,2,0,1,0,0,0,0,1,0,0,0,0,0,0,0,0,0
7.776308823440648e-07,5,15,2,0,1,0,0,0,0,1,0,0,0,0,0,0,0,0,0
7.838025560134621e-07,5,-121,58,0,1,0,0,0,0,1,0,0,0,0,0,0,0,0,0
0.0005776809988029298,5,10,2,0,1,0,0,0,0,1,0,0,0,0,0,0,0,0,0
0.0005554629735930994,5,20,3,0,1,0,0,0,0,1,0,0,0,0,0,0,0,0,0
0.0009442784147651319,5,12,2,0,1,0,0,0,0,1,0,0,0,0,0,0,0,0,0
5.245922618987739e-07,5,15,2,0,1,0,0,0,0,1,0,0,0,0,0,0,0,0,0
8.331759453686408e-07,5,8,2,0,1,0,0,0,0,1,0,0,0,0,0,0,0,0,0
0.0005110269231734386,5,12,2,0,1,0,0,0,0,1,0,0,0,0,0,0,0,0,0
0.0,5,40,7,0,1,0,1,0,0,1,0,0,0,0,0,0,0,0,0
0.0006733234256575804,5,22,4,0,1,0,0,0,0,1,0,0,0,0,0,0,0,0,0
0.0007220981626668276,5,11,2,0,1,0,0,0,0,1,0,0,0,0,0,0,0,0,0
0.0007702372172881267,3,36,6,0,0,0,1,0,0,1,0,0,0,0,0,0,0,0,0
0.000730306488647126,5,12,2,0,1,0,0,0,0,1,0,0,0,0,0,0,0,0,0
0.0010886955786290297,1,7,1,0,0,0,0,0,0,1,0,0,0,0,0,0,0,0,0
0.0009257633937569398,1,35,7,0,0,0,0,0,0,1,0,0,0,0,0,0,0,0,0
9.566094187565878e-07,5,12,2,0,1,0,0,0,0,1,0,0,0,0,0,0,0,0,0
9.81296113434177e-07,5,11,2,0,1,0,0,0,0,1,0,0,0,0,0,0,0,0,0
0.0006233513839564701,3,75,9,0,0,0,0,0,0,1,0,0,0,0,0,0,0,0,0
0.0004443728475439473,5,11,2,0,1,0,0,0,0,1,0,0,0,0,0,0,0,0,0
5.122489145599791e-07,5,-108,23,0,1,0,0,0,0,1,0,0,0,0,0,0,0,0,0
0.0005110269231734386,5,14,2,0,1,0,0,0,0,1,0,0,0,0,0,0,0,0,0
0.0009479814189667702,4,20,4,0,1,0,0,0,0,1,0,0,0,0,0,0,0,0,0
0.0006110080366176755,5,13,2,0,1,0,0,0,0,1,0,0,0,0,0,0,0,0,0
0.0005554629735930994,5,12,2,0,1,0,0,0,0,1,0,0,0,0,0,0,0,0,0
0.000860343652861328,3,15,3,0,1,0,0,0,0,1,0,0,0,0,0,0,0,0,0
0.000588790011407845,3,34,4,0,0,0,0,0,0,1,0,0,0,0,0,0,0,0,0
9.380943977483956e-07,5,13,3,0,1,0,0,0,0,1,0,0,0,0,0,0,0,0,0
8.948926820626142e-07,5,13,3,0,1,0,0,0,0,1,0,0,0,0,0,0,0,0,0
0.0005060895842379207,5,-41,32,0,1,0,0,0,0,1,0,0,0,0,0,0,0,0,0
1.2960514705734414e-06,5,11,2,0,1,0,0,0,0,1,0,0,0,0,0,0,0,0,0
0.0004888088979636082,5,12,2,0,1,0,0,0,0,1,0,0,0,0,0,0,0,0,0
0.0005998990240127603,5,13,2,0,1,0,0,0,0,1,0,0,0,0,0,0,0,0,0
8.084892506910514e-07,5,10,2,0,1,0,0,0,0,1,0,0,0,0,0,0,0,0,0
0.0004999179105685234,4,18,3,0,1,0,0,0,0,1,0,0,0,0,0,0,0,0,0
7.529441876664754e-07,5,16,2,0,1,0,0,0,0,1,0,0,0,0,0,0,0,0,0
6.35682387947926e-07,3,75,9,0,0,0,0,0,0,1,0,0,0,0,0,0,0,0,0
0.0007332071752717428,5,13,2,0,1,0,0,0,0,1,0,0,0,0,0,0,0,0,0
0.0006554440870373364,5,42,6,0,1,0,0,0,0,1,0,0,0,0,0,0,0,0,0
0.00047769988535869293,5,10,2,0,1,0,0,0,0,1,0,0,0,0,0,0,0,0,0
9.751244397647797e-07,5,16,2,0,1,0,0,0,0,1,0,0,0,0,0,0,0,0,0
0.00042215482233411687,1,10,2,0,0,0,0,0,0,1,0,0,0,0,0,0,0,0,0
0.0008334968723994495,5,14,2,0,1,0,0,0,0,1,0,0,0,0,0,0,0,0,0
8.270042716992435e-07,5,13,3,0,1,0,0,0,0,1,0,0,0,0,0,0,0,0,0
6.91227450972502e-07,5,13,2,0,1,0,0,0,0,1,0,0,0,0,0,0,0,0,0
0.0009096614971534821,1,23,3,0,0,0,0,0,0,1,0,0,0,0,0,0,0,0,0
0.00034439173409971037,5,105,17,0,1,0,1,0,0,1,0,0,0,0,0,0,0,0,0
1.1294162814997132e-06,5,10,2,0,1,0,0,0,0,1,0,0,0,0,0,0,0,0,0
0.0004665908727537777,5,14,2,0,1,0,0,0,0,1,0,0,0,0,0,0,0,0,0
0.0,5,40,7,0,1,0,1,0,0,1,0,0,0,0,0,0,0,0,0
0.0005998990240127603,5,11,2,0,1,0,0,0,0,1,0,0,0,0,0,0,0,0,0
0.0010800552354918733,5,10,2,0,1,0,0,0,0,1,0,0,0,0,0,0,0,0,0
1.6416651960596924e-06,5,12,3,0,1,0,0,0,0,1,0,0,0,0,0,0,0,0,0
0.0004110458097292016,4,16,3,0,1,0,0,0,0,1,0,0,0,0,0,0,0,0,0
0.000677044944880227,3,53,90,0,1,0,0,0,0,1,0,0,0,0,0,0,0,0,0
0.0005110269231734386,5,11,2,0,1,0,0,0,0,1,0,0,0,0,0,0,0,0,0
7.652875350052701e-07,5,52,8,0,1,0,0,0,0,1,0,0,0,0,0,0,0,0,0
0.0007332071752717428,4,21,4,0,1,0,0,0,0,1,0,0,0,0,0,0,0,0,0
5.060772408905818e-07,1,13,2,0,0,0,0,0,0,1,0,0,0,0,0,0,0,0,0
0.0007535736983807541,3,-53,50,0,1,0,0,0,0,1,0,0,0,0,0,0,0,0,0
7.220858193194887e-07,5,11,2,0,1,0,0,0,0,1,0,0,0,0,0,0,0,0,0
0.0010442595282093687,5,11,2,0,1,0,0,0,0,1,0,0,0,0,0,0,0,0,0
0.0005221359357783537,5,10,2,0,1,0,0,0,0,1,0,0,0,0,0,0,0,0,0
0.0011720131731658937,1,10,1,0,0,0,0,0,0,1,0,0,0,0,0,0,0,0,0
0.0004554818601488625,5,12,2,0,1,0,0,0,0,1,0,0,0,0,0,0,0,0,0
0.0005110269231734386,5,12,2,0,1,0,0,0,0,1,0,0,0,0,0,0,0,0,0
9.936394607729717e-07,5,16,3,0,1,0,0,0,0,1,0,0,0,0,0,0,0,0,0
0.0006110080366176755,5,15,2,0,1,0,0,0,0,1,0,0,0,0,0,0,0,0,0
0.0008109702635061492,5,13,2,0,1,0,0,0,0,1,0,0,0,0,0,0,0,0,0
0.0011183196122421368,5,10,2,0,1,0,0,0,0,1,0,0,0,0,0,0,0,0,0
0.0005221359357783537,5,12,2,0,1,0,0,0,0,1,0,0,0,0,0,0,0,0,0
0.00043326383493903206,1,9,2,0,1,0,0,0,0,1,0,0,0,0,0,0,0,0,0
6.048240196009393e-07,5,21,3,0,1,0,0,0,0,1,0,0,0,0,0,0,0,0,0
0.0008679965282113807,5,17,3,0,1,0,0,0,0,1,0,0,0,0,0,0,0,0,0
7.776308823440648e-07,5,13,2,0,1,0,0,0,0,1,0,0,0,0,0,0,0,0,0
0.0011720131731658937,1,7,1,0,0,0,0,0,0,1,0,0,0,0,0,0,0,0,0
0.0008054157572036916,5,54,9,0,1,0,1,0,0,1,0,0,0,0,0,0,0,0,0
0.00042201287383972073,5,42,6,0,1,0,0,0,0,1,0,0,0,0,0,0,0,0,0
0.0004665908727537777,5,10,2,0,1,0,0,0,0,1,0,0,0,0,0,0,0,0,0
0.0009257633937569398,5,11,2,0,1,0,0,0,0,1,0,0,0,0,0,0,0,0,0
1.709553606423063e-06,5,12,3,0,1,0,0,0,0,1,0,0,0,0,0,0,0,0,0
0.0004443728475439473,5,71,12,0,1,0,1,0,0,1,0,0,0,0,0,0,0,0,0
0.0011720131731658937,1,11,1,0,0,0,0,0,0,1,0,0,0,0,0,0,0,0,0
0.0011720131731658937,1,5,1,0,0,0,0,0,0,1,0,0,0,0,0,0,0,0,0
0.0006788964469810462,1,13,2,0,0,0,0,0,0,1,0,0,0,0,0,0,0,0,0
1.0923862394833291e-06,5,10,2,0,1,0,0,0,0,1,0,0,0,0,0,0,0,0,0
0.0009813084567815158,1,13,2,0,0,0,0,0,0,1,0,0,0,0,0,0,0,0,0
9.689527660953824e-07,5,15,2,0,1,0,0,0,0,1,0,0,0,0,0,0,0,0,0
0.0005998990240127603,3,25,3,0,0,0,0,0,0,1,0,0,0,0,0,0,0,0,0
7.529441876664754e-07,5,14,2,0,1,0,0,0,0,1,0,0,0,0,0,0,0,0,0
1.018326155450561e-06,5,17,3,0,1,0,0,0,0,1,0,0,0,0,0,0,0,0,0
0.0002949381129868295,5,25,4,0,1,0,1,0,0,1,0,0,0,0,0,0,0,0,0
9.380943977483956e-07,1,24,3,0,0,0,0,0,0,1,0,0,0,0,0,0,0,0,0
0.00042215482233411687,5,52,8,0,1,0,0,0,0,1,0,0,0,0,0,0,0,0,0
1.055356197466945e-06,5,10,2,0,1,0,0,0,0,1,0,0,0,0,0,0,0,0,0
2.7772531512288027e-07,2,61,10,0,0,0,1,0,0,1,0,0,0,0,0,0,0,0,0
0.0016972226024316072,1,14,2,0,1,0,0,0,0,1,0,0,0,0,0,0,0,0,0
1.5305750700105403e-06,5,61,10,0,1,0,0,0,0,1,0,0,0,0,0,0,0,0,0
0.0005443539609881842,5,14,2,0,1,0,0,0,0,1,0,0,0,0,0,0,0,0,0
0.00043326383493903206,5,48,8,0,1,0,1,0,0,1,0,0,0,0,0,0,0,0,0
0.00047769988535869293,5,10,2,0,1,0,0,0,0,1,0,0,0,0,0,0,0,0,0
0.0006887711248520819,5,10,2,0,1,0,0,0,0,1,0,0,0,0,0,0,0,0,0
0.0008949050254099531,1,12,1,0,1,0,0,0,0,1,0,0,0,0,0,0,0,0,0
9.751244397647797e-07,5,15,3,0,1,0,0,0,0,1,0,0,0,0,0,0,0,0,0
0.0005332449483832689,5,32,5,0,1,0,0,0,0,1,0,0,0,0,0,0,0,0,0
0.0007554252004815732,5,14,2,0,1,0,0,0,0,1,0,0,0,0,0,0,0,0,0
0.0009010766990793504,1,32,4,0,0,0,0,0,0,1,0,0,0,0,0,0,0,0,0
2.468669467758936e-07,5,37,6,0,1,0,1,0,0,1,0,0,0,0,0,0,0,0,0
0.0004999179105685234,5,11,2,0,1,0,0,0,0,1,0,0,0,0,0,0,0,0,0
0.0006887711248520819,5,10,2,0,1,0,0,0,0,1,0,0,0,0,0,0,0,0,0
8.763776610544222e-07,5,9,2,0,1,0,0,0,0,1,0,0,0,0,0,0,0,0,0
0.0,5,14,2,0,1,0,0,0,0,1,0,0,0,0,0,0,0,0,0
1.308394817912236e-06,5,44,7,0,1,0,0,0,0,1,0,0,0,0,0,0,0,0,0
0.0004582591133000913,1,12,2,0,0,0,0,0,0,1,0,0,0,0,0,0,0,0,0
1.5305750700105403e-06,5,61,10,0,1,0,0,0,0,1,0,0,0,0,0,0,0,0,0
1.1232446078303157e-06,5,15,2,0,1,0,0,0,0,1,0,0,0,0,0,0,0,0,0
0.0004582591133000913,1,9,1,0,0,0,0,0,0,1,0,0,0,0,0,0,0,0,0
1.3022231442428387e-06,5,13,2,0,1,0,0,0,0,1,0,0,0,0,0,0,0,0,0
0.00034439173409971037,5,10,2,0,1,0,0,0,0,1,0,0,0,0,0,0,0,0,0
8.084892506910514e-07,5,10,2,0,1,0,0,0,0,1,0,0,0,0,0,0,0,0,0
0.00043326383493903206,1,13,2,0,0,0,0,0,0,1,0,0,0,0,0,0,0,0,0
0.00047769988535869293,5,11,2,0,1,0,0,0,0,1,0,0,0,0,0,0,0,0,0
0.0004443728475439473,5,14,2,0,1,0,0,0,0,1,0,0,0,0,0,0,0,0,0
8.516909663768329e-07,5,14,2,0,1,0,0,0,0,1,0,0,0,0,0,0,0,0,0
0.0004888088979636082,5,39,6,0,1,0,1,0,0,1,0,0,0,0,0,0,0,0,0
0.0010882882481668492,3,24,3,0,0,0,0,0,0,1,0,0,0,0,0,0,0,0,0
0.0004665908727537777,5,46,8,0,1,0,0,0,0,1,0,0,0,0,0,0,0,0,0
7.529441876664754e-07,5,22,3,0,1,0,0,0,0,1,0,0,0,0,0,0,0,0,0
1.1232446078303157e-06,5,17,3,0,1,0,0,0,0,1,0,0,0,0,0,0,0,0,0
0.0006110080366176755,5,13,2,0,1,0,0,0,0,1,0,0,0,0,0,0,0,0,0
0.0004665908727537777,5,10,2,0,1,0,0,0,0,1,0,0,0,0,0,0,0,0,0
5.677939775845552e-07,5,11,2,0,1,0,0,0,0,1,0,0,0,0,0,0,0,0,0
0.0007332071752717428,1,38,3,0,0,0,1,0,0,1,0,0,0,0,0,0,0,0,0
1.1849613445242893e-06,5,12,3,0,1,0,0,0,0,1,0,0,0,0,0,0,0,0,0
0.000570274990399653,5,11,2,0,1,0,0,0,0,1,0,0,0,0,0,0,0,0,0
0.0005443539609881842,5,16,3,0,1,0,0,0,0,1,0,0,0,0,0,0,0,0,0
0.0008220792761110644,1,12,1,0,1,0,0,0,0,1,0,0,0,0,0,0,0,0,0
0.0006733234256575804,5,22,4,0,1,0,0,0,0,1,0,0,0,0,0,0,0,0,0
0.0,1,14,1,0,1,0,0,0,0,1,0,0,0,0,0,0,0,0,0
0.00038882778451937124,5,85,13,0,1,0,0,0,0,1,0,0,0,0,0,0,0,0,0
0.000899842364345471,5,42,7,0,1,0,1,0,0,1,0,0,0,0,0,0,0,0,0
7.220858193194887e-07,5,15,2,0,1,0,0,0,0,1,0,0,0,0,0,0,0,0,0
8.948926820626142e-07,1,13,2,0,0,0,0,0,0,1,0,0,0,0,0,0,0,0,0
7.529441876664754e-07,5,17,3,0,1,0,0,0,0,1,0,0,0,0,0,0,0,0,0
8.948926820626142e-07,5,49,7,0,1,0,0,0,0,1,0,0,0,0,0,0,0,0,0
0.0007450259303486387,5,15,3,0,1,0,0,0,0,1,0,0,0,0,0,0,0,0,0
9.99811134442369e-07,5,16,2,0,1,0,0,0,0,1,0,0,0,0,0,0,0,0,0
0.0,5,11,2,0,1,0,0,0,0,1,0,0,0,0,0,0,0,0,0
9.380943977483956e-07,5,18,3,0,1,0,0,0,0,1,0,0,0,0,0,0,0,0,0
9.504377450871902e-07,5,17,3,0,1,0,0,0,0,1,0,0,0,0,0,0,0,0,0
0.0005341706994336786,3,41,5,0,0,0,0,0,0,1,0,0,0,0,0,0,0,0,0
0.00039993679712428643,5,9,2,0,1,0,0,0,0,1,0,0,0,0,0,0,0,0,0
9.195793767402036e-07,5,14,2,0,1,0,0,0,0,1,0,0,0,0,0,0,0,0,0
9.072360294014089e-07,5,44,8,0,1,0,0,0,0,1,0,0,0,0,0,0,0,0,0
0.0005221359357783537,5,44,7,0,1,0,0,0,0,1,0,0,0,0,0,0,0,0,0
0.000899842364345471,5,42,7,0,1,0,1,0,0,1,0,0,0,0,0,0,0,0,0
0.0006586163273034065,4,66,11,0,1,0,0,0,0,1,0,0,0,0,0,0,0,0,0
0.0006665530996422515,5,12,2,0,1,0,0,0,0,1,0,0,0,0,0,0,0,0,0
9.751244397647797e-07,5,14,3,0,1,0,0,0,0,1,0,0,0,0,0,0,0,0,0
0.000839359962385377,5,14,2,0,1,0,0,0,0,1,0,0,0,0,0,0,0,0,0
7.838025560134621e-07,5,28,41,0,1,0,0,0,0,1,0,0,0,0,0,0,0,0,0
1.1849613445242893e-06,5,45,6,0,1,0,0,0,0,1,0,0,0,0,0,0,0,0,0
0.0005110269231734386,5,11,2,0,1,0,0,0,0,1,0,0,0,0,0,0,0,0,0
1.2466780812182627e-06,5,14,3,0,1,1,0,0,0,1,0,0,0,0,0,0,0,0,0
8.516909663768329e-07,5,54,9,0,1,0,0,0,0,1,0,0,0,0,0,0,0,0,0
7.529441876664754e-07,5,18,3,0,1,0,0,0,0,1,0,0,0,0,0,0,0,0,0
0.000987480130450913,5,10,2,0,1,0,0,0,0,1,0,0,0,0,0,0,0,0,0
1.8021287114640232e-06,5,9,2,0,1,0,0,0,0,1,0,0,0,0,0,0,0,0,0
0.0008640466570629664,5,10,2,0,1,0,0,0,0,1,0,0,0,0,0,0,0,0,0
7.406008403276808e-07,5,13,2,0,1,0,0,0,0,1,0,0,0,0,0,0,0,0,0
0.0008554063139258101,5,51,8,0,1,0,0,0,0,1,0,0,0,0,0,0,0,0,0
1.308394817912236e-06,5,12,3,0,1,0,0,0,0,1,0,0,0,0,0,0,0,0,0
0.001310875830727334,5,12,2,0,1,0,0,0,0,1,0,0,0,0,0,0,0,0,0
4.08564796914104e-06,3,14,2,0,1,0,0,0,0,1,0,0,0,0,0,0,0,0,0
1.0676995448057397e-06,3,-63,25,0,0,0,0,0,0,1,0,0,0,0,0,0,0,0,0
0.0005998990240127603,5,9,2,0,1,0,0,0,0,1,0,0,0,0,0,0,0,0,0
6.603690826255153e-07,5,-90,26,0,1,0,0,0,0,1,0,0,0,0,0,0,0,0,0
1.4318282913001828e-06,5,13,2,0,1,0,0,0,0,1,0,0,0,0,0,0,0,0,0
0.0007490066598653999,5,52,8,0,1,0,0,0,0,1,0,0,0,0,0,0,0,0,0
7.838025560134621e-07,5,44,7,0,1,0,0,0,0,1,0,0,0,0,0,0,0,0,0
9.072360294014089e-07,5,18,3,0,1,0,0,0,0,1,0,0,0,0,0,0,0,0,0
0.0010387050219069112,5,14,2,0,1,0,0,0,0,1,0,0,0,0,0,0,0,0,0
8.146609243604488e-07,5,78,14,0,1,0,0,0,0,1,0,0,0,0,0,0,0,0,0
0.0009664964399749622,1,11,2,0,0,0,0,0,0,1,0,0,0,0,0,0,0,0,0
0.0002555196332603887,3,16,2,0,0,0,0,0,0,1,0,0,0,0,0,0,0,0,0
8.455192927074356e-07,5,10,2,0,1,0,0,0,0,1,0,0,0,0,0,0,0,0,0
2.9006866246167496e-07,4,16,3,0,1,0,0,0,0,1,0,0,0,0,0,0,0,0,0
0.003806015606854315,5,13,3,0,1,0,0,0,0,1,0,0,0,0,0,0,0,0,0
0.00039993679712428643,5,17,3,0,1,0,0,0,0,1,0,0,0,0,0,0,0,0,0
4.999055672211845e-07,5,12,2,0,1,0,0,0,0,1,0,0,0,0,0,0,0,0,0
9.442660714177929e-07,5,10,2,0,1,0,0,0,0,1,0,0,0,0,0,0,0,0,0
2.01813728989293e-06,1,14,3,0,0,0,0,0,0,1,0,0,0,0,0,0,0,0,0
0.0006356947312952648,3,84,10,0,0,0,0,0,0,1,0,0,0,0,0,0,0,0,0
9.380943977483956e-07,1,14,3,0,0,0,0,0,0,1,0,0,0,0,0,0,0,0,0
9.072360294014089e-07,5,10,2,0,1,0,0,0,0,1,0,0,0,0,0,0,0,0,0
0.0005863213419400861,3,75,9,0,0,0,0,0,0,1,0,0,0,0,0,0,0,0,0
0.0010800552354918733,5,12,3,0,1,0,0,0,0,1,0,0,0,0,0,0,0,0,0
1.7712703431170364e-06,1,56,7,0,0,0,0,0,0,1,0,0,0,0,0,0,0,0,0
6.788841036337073e-07,5,14,2,0,1,0,0,0,0,1,0,0,0,0,0,0,0,0,0
1.1849613445242893e-06,5,44,7,0,1,0,0,0,0,1,0,0,0,0,0,0,0,0,0
1.5552617646881295e-06,5,17,3,0,1,0,0,0,0,1,0,0,0,0,0,0,0,0,0
5.677939775845552e-07,5,17,2,0,1,0,0,0,0,1,0,0,0,0,0,0,0,0,0
8.763776610544222e-07,5,11,2,0,1,0,0,0,0,1,0,0,0,0,0,0,0,0,0
0.0008785500901860501,5,17,3,0,1,0,0,0,0,1,0,0,0,0,0,0,0,0,0
0.0007943067445987765,5,31,7,0,1,0,1,0,0,1,0,0,0,0,0,0,0,0,0
0.0006171797102870728,5,13,2,0,1,0,0,0,0,1,0,0,0,0,0,0,0,0,0
0.0006547034861970086,5,14,2,0,1,0,0,0,0,1,0,0,0,0,0,0,0,0,0
8.640343137156275e-07,5,105,17,0,1,0,0,0,0,1,0,0,0,0,0,0,0,0,0
0.0003332827214947952,5,57,8,0,1,0,0,0,0,1,0,0,0,0,0,0,0,0,0
0.0017589393391255806,5,59,8,0,1,0,0,0,0,1,0,0,0,0,0,0,0,0,0
9.380943977483956e-07,5,12,3,0,1,0,0,0,0,1,0,0,0,0,0,0,0,0,0
0.0010337676829713933,5,15,3,0,1,0,0,0,0,1,0,0,0,0,0,0,0,0,0
0.0010053779840921654,1,7,1,0,0,0,0,0,0,1,0,0,0,0,0,0,0,0,0
7.726935434085469e-06,5,70,12,0,1,0,0,0,0,1,0,0,0,0,0,0,0,0,0
0.0003283453825592773,1,23,3,0,0,0,0,0,0,1,0,0,0,0,0,0,0,0,0
8.763776610544222e-07,5,14,2,0,1,0,0,0,0,1,0,0,0,0,0,0,0,0,0
9.195793767402036e-07,5,14,2,0,1,0,0,0,0,1,0,0,0,0,0,0,0,0,0
7.035707983112967e-07,3,14,2,0,1,0,0,0,0,1,0,0,0,0,0,0,0,0,0
0.0007943067445987765,5,31,7,0,1,0,1,0,0,1,0,0,0,0,0,0,0,0,0
0.0007430077930587458,1,28,5,0,1,0,1,0,0,1,0,0,0,0,0,0,0,0,0
7.838025560134621e-07,5,19,3,0,1,0,0,0,0,1,0,0,0,0,0,0,0,0,0
7.961459033522568e-07,5,11,2,0,1,0,0,0,0,1,0,0,0,0,0,0,0,0,0
2.11071239493389e-06,5,12,3,0,1,0,0,0,0,1,0,0,0,0,0,0,0,0,0
1.0491845237975477e-06,5,75,12,0,1,0,0,0,0,1,0,0,0,0,0,0,0,0,0
7.529441876664754e-07,5,81,12,0,1,0,0,0,0,1,0,0,0,0,0,0,0,0,0
7.838025560134621e-07,5,11,2,0,1,0,0,0,0,1,0,0,0,0,0,0,0,0,0
5.677939775845552e-07,5,14,2,0,1,0,0,0,0,1,0,0,0,0,0,0,0,0,0
9.442660714177929e-07,5,13,2,0,1,0,0,0,0,1,0,0,0,0,0,0,0,0,0
8.578626400462302e-07,5,9,2,0,1,0,0,0,0,1,0,0,0,0,0,0,0,0,0
7.838025560134621e-07,5,17,3,0,1,0,0,0,0,1,0,0,0,0,0,0,0,0,0
0.0007776432256914037,5,12,2,0,1,0,0,0,0,1,0,0,0,0,0,0,0,0,0
0.0006171797102870728,5,72,12,0,1,0,1,0,0,1,0,0,0,0,0,0,0,0,0
1.2466780812182627e-06,5,11,2,0,1,0,0,0,0,1,0,0,0,0,0,0,0,0,0
0.001147943645855244,5,42,7,0,1,0,1,0,0,1,0,0,0,0,0,0,0,0,0
2.1724291316278637e-06,5,127,22,0,1,0,0,0,0,1,0,0,0,0,0,0,0,0,0
3.96838616942249e-06,5,14,2,0,1,0,0,0,0,1,0,0,0,0,0,0,0,0,0
3.96838616942249e-06,5,14,2,0,1,0,0,0,0,1,0,0,0,0,0,0,0,0,0
0.0,5,8,2,0,1,0,0,0,0,1,0,0,0,0,0,0,0,0,0
7.714592086746674e-07,5,20,3,0,1,0,0,0,0,1,0,0,0,0,0,0,0,0,0
0.0007220981626668276,5,11,2,0,1,0,0,0,0,1,0,0,0,0,0,0,0,0,0
2.326720973362797e-06,5,12,3,0,1,0,0,0,0,1,0,0,0,0,0,0,0,0,0
0.0007831977319938613,3,41,5,0,0,0,0,0,0,1,0,0,0,0,0,0,0,0,0
0.0004888088979636082,5,12,2,0,1,0,0,0,0,1,0,0,0,0,0,0,0,0,0
0.0007831977319938613,3,-7,30,0,1,0,0,0,0,1,0,0,0,0,0,0,0,0,0
0.0005221359357783537,5,15,2,0,1,0,0,0,0,1,0,0,0,0,0,0,0,0,0
1.5182317226717456e-06,3,23,3,0,0,0,0,0,0,1,0,0,0,0,0,0,0,0,0
1.018326155450561e-06,5,11,2,0,1,0,0,0,0,1,0,0,0,0,0,0,0,0,0
0.0009751367831121185,5,110,18,0,1,0,0,0,0,1,0,0,0,0,0,0,0,0,0
8.455192927074356e-07,5,11,2,0,1,0,0,0,0,1,0,0,0,0,0,0,0,0,0
0.0010245101724672971,5,110,18,0,1,0,0,0,0,1,0,0,0,0,0,0,0,0,0
1.5182317226717456e-06,3,23,4,0,0,0,0,0,0,1,0,0,0,0,0,0,0,0,0
0.0009751367831121185,5,110,18,0,1,0,0,0,0,1,0,0,0,0,0,0,0,0,0
0.0010306818461366947,5,52,8,0,1,0,0,0,0,1,0,0,0,0,0,0,0,0,0
1.4935450279941562e-06,5,12,3,0,1,0,0,0,0,1,0,0,0,0,0,0,0,0,0
1.6786952380760765e-06,5,11,2,0,1,0,0,0,0,1,0,0,0,0,0,0,0,0,0
6.048240196009393e-07,5,21,3,0,1,0,0,0,0,1,0,0,0,0,0,0,0,0,0
0.0009751367831121185,5,110,18,0,1,0,0,0,0,1,0,0,0,0,0,0,0,0,0
9.566094187565878e-07,5,36,6,0,1,0,0,0,0,1,0,0,0,0,0,0,0,0,0
0.0024686818111062745,4,17,4,0,1,0,0,0,0,1,0,0,0,0,0,0,0,0,0
1.524403396341143e-06,5,17,3,0,1,0,0,0,0,1,0,0,0,0,0,0,0,0,0
0.0008331882887159797,5,37,7,0,1,0,1,0,0,1,0,0,0,0,0,0,0,0,0
0.000807267259304511,3,12,2,0,0,0,0,0,0,1,0,0,0,0,0,0,0,0,0
0.0003332827214947952,5,48,8,0,1,0,0,0,0,1,0,0,0,0,0,0,0,0,0
7.529441876664754e-07,5,16,2,0,1,0,0,0,0,1,0,0,0,0,0,0,0,0,0
0.0008763900044017611,5,19,3,0,1,0,0,0,0,1,0,0,0,0,0,0,0,0,0
0.0015429307606966737,5,12,3,0,1,0,0,0,0,1,0,0,0,0,0,0,0,0,0
0.0010183384987978998,5,52,8,0,1,0,0,0,0,1,0,0,0,0,0,0,0,0,0
0.0004443728475439473,5,13,3,0,1,0,0,0,0,1,0,0,0,0,0,0,0,0,0
0.0005221359357783537,5,17,2,0,1,0,0,0,0,1,0,0,0,0,0,0,0,0,0
0.0,5,14,2,0,1,0,0,0,0,1,0,0,0,0,0,0,0,0,0
0.0010491968671448866,3,23,4,0,0,0,0,0,0,1,0,0,0,0,0,0,0,0,0
8.455192927074356e-07,3,23,4,0,0,0,0,0,0,1,0,0,0,0,0,0,0,0,0
0.0007406131836750196,1,7,1,0,0,0,0,0,0,1,0,0,0,0,0,0,0,0,0
4.5670385153540317e-07,5,11,2,0,1,0,0,0,0,1,0,0,0,0,0,0,0,0,0
0.00120348870887982,5,13,2,0,1,0,0,0,0,1,0,0,0,0,0,0,0,0,0
0.0005332449483832689,1,13,2,0,0,0,0,0,0,1,0,0,0,0,0,0,0,0,0
0.0007097548153280329,2,14,3,0,1,0,0,0,0,1,0,0,0,0,0,0,0,0,0
0.0004999179105685234,5,40,7,0,1,0,0,0,0,1,0,0,0,0,0,0,0,0,0
0.00047769988535869293,5,17,2,0,1,0,0,0,0,1,0,0,0,0,0,0,0,0,0
1.2466780812182627e-06,1,13,2,0,0,0,0,0,0,1,0,0,0,0,0,0,0,0,0
7.220858193194887e-07,5,15,2,0,1,0,0,0,0,1,0,0,0,0,0,0,0,0,0
0.0012652054455737935,5,46,9,0,1,0,0,0,0,1,0,0,0,0,0,0,0,0,0
0.0008640466570629664,3,40,5,0,0,0,0,0,0,1,0,0,0,0,0,0,0,0,0
0.001266439780307673,5,11,2,0,1,0,0,0,0,1,0,0,0,0,0,0,0,0,0
0.0007467848573444169,3,35,4,0,0,0,0,0,0,1,0,0,0,0,0,0,0,0,0
0.0005036209147701617,5,42,8,0,1,0,1,0,0,1,0,0,0,0,0,0,0,0,0
0.001266439780307673,5,11,2,0,1,0,0,0,0,1,0,0,0,0,0,0,0,0,0
7.652875350052701e-07,5,9,2,0,1,0,0,0,0,1,0,0,0,0,0,0,0,0,0
0.0008517033097241718,3,38,5,0,0,0,0,0,0,1,0,0,0,0,0,0,0,0,0
7.529441876664754e-07,5,93,14,0,1,0,0,0,0,1,0,0,0,0,0,0,0,0,0
6.91227450972502e-07,5,11,2,0,1,0,0,0,0,1,0,0,0,0,0,0,0,0,0
6.603690826255153e-07,5,8,2,0,1,0,0,0,0,1,0,0,0,0,0,0,0,0,0
6.91227450972502e-07,5,12,3,0,1,0,0,0,0,1,0,0,0,0,0,0,0,0,0
1.1849613445242893e-06,5,17,3,0,1,0,0,0,0,1,0,0,0,0,0,0,0,0,0
8.763776610544222e-07,5,12,3,0,1,0,0,0,0,1,0,0,0,0,0,0,0,0,0
0.0006221170492225907,5,47,7,0,1,0,0,0,0,1,0,0,0,0,0,0,0,0,0
1.0615278711363424e-06,5,13,2,0,1,0,0,0,0,1,0,0,0,0,0,0,0,0,0
4.6904719887419786e-07,5,15,3,0,1,0,0,0,0,1,0,0,0,0,0,0,0,0,0
0.0010640088839514402,5,12,2,0,1,0,0,0,0,1,0,0,0,0,0,0,0,0,0
9.319227240789983e-07,5,52,7,0,1,0,0,0,0,1,0,0,0,0,0,0,0,0,0
0.0004610363664513201,5,16,3,0,1,0,0,0,0,1,0,0,0,0,0,0,0,0,0
1.0923862394833291e-06,5,12,3,0,1,0,0,0,0,1,0,0,0,0,0,0,0,0,0
0.0010183384987978998,3,40,5,0,0,0,0,0,0,1,0,0,0,0,0,0,0,0,0
6.603690826255153e-07,5,11,2,0,1,0,0,0,0,1,0,0,0,0,0,0,0,0,0
0.0005998990240127603,5,12,2,0,1,0,0,0,0,1,0,0,0,0,0,0,0,0,0
0.0005554629735930994,3,29,4,0,0,1,0,0,0,1,0,0,0,0,0,0,0,0,0
8.146609243604488e-07,5,10,2,0,1,0,0,0,0,1,0,0,0,0,0,0,0,0,0
0.0010072294861929846,5,11,2,0,1,0,0,0,0,1,0,0,0,0,0,0,0,0,0
8.146609243604488e-07,5,10,2,0,1,0,0,0,0,1,0,0,0,0,0,0,0,0,0
8.146609243604488e-07,5,10,2,0,1,0,0,0,0,1,0,0,0,0,0,0,0,0,0
0.00016664753242106697,1,13,2,0,0,0,0,0,0,1,0,0,0,0,0,0,0,0,0
9.874677871035743e-07,5,10,2,0,1,0,0,0,0,1,0,0,0,0,0,0,0,0,0
8.763776610544222e-07,5,14,2,0,1,0,0,0,0,1,0,0,0,0,0,0,0,0,0
7.529441876664754e-07,5,15,3,0,1,0,0,0,0,1,0,0,0,0,0,0,0,0,0
0.0009331694021602166,3,22,3,0,0,0,0,0,0,1,0,0,0,0,0,0,0,0,0
0.0005060895842379207,5,102,15,0,1,0,0,0,0,1,0,0,0,0,0,0,0,0,0
0.0004999179105685234,5,55,51,0,1,0,0,0,0,1,0,0,0,0,0,0,0,0,0
0.0007332071752717428,5,41,6,0,1,0,0,0,0,1,0,0,0,0,0,0,0,0,0
0.000802329920368993,5,10,2,0,1,0,0,0,0,1,0,0,0,0,0,0,0,0,0
0.0006443350744324211,5,41,6,0,1,0,0,0,0,1,0,0,0,0,0,0,0,0,0
9.195793767402036e-07,5,53,8,0,1,0,0,0,0,1,0,0,0,0,0,0,0,0,0
0.000377718771914456,5,20,4,0,1,1,0,0,0,1,0,0,0,0,0,0,0,0,0
0.0005554629735930994,5,10,2,0,1,0,0,0,0,1,0,0,0,0,0,0,0,0,0
0.0003666097593095408,5,11,2,0,1,0,0,0,0,1,0,0,0,0,0,0,0,0,0
7.220858193194887e-07,5,15,2,0,1,0,0,0,0,1,0,0,0,0,0,0,0,0,0
0.0009257633937569398,1,8,2,0,0,0,0,0,0,1,0,0,0,0,0,0,0,0,0
0.0008831788454380982,5,12,2,0,1,0,0,0,0,1,0,0,0,0,0,0,0,0,0
9.936394607729717e-07,5,69,12,0,1,0,0,0,0,1,0,0,0,0,0,0,0,0,0
9.936394607729717e-07,5,42,8,0,1,0,0,0,0,1,0,0,0,0,0,0,0,0,0
0.0006788964469810462,3,47,6,0,0,0,0,0,0,1,0,0,0,0,0,0,0,0,0
1.4935450279941562e-06,5,12,3,0,1,0,0,0,0,1,0,0,0,0,0,0,0,0,0
0.0004554818601488625,5,10,2,0,1,0,0,0,0,1,0,0,0,0,0,0,0,0,0
0.0007097548153280329,5,15,2,0,1,0,0,0,0,1,0,0,0,0,0,0,0,0,0
0.0011726303405328333,5,62,11,0,1,0,0,0,0,1,0,0,0,0,0,0,0,0,0
0.0010491968671448866,5,12,3,0,1,0,0,0,0,1,0,0,0,0,0,0,0,0,0
1.4935450279941562e-06,3,23,4,0,0,0,0,0,0,1,0,0,0,0,0,0,0,0,0
0.0,1,11,2,0,0,0,0,0,0,1,0,0,0,0,0,0,0,0,0
0.0010491968671448866,5,8,2,0,1,0,0,0,0,1,0,0,0,0,0,0,0,0,0
8.516909663768329e-07,5,12,2,0,1,0,0,0,0,1,0,0,0,0,0,0,0,0,0
7.529441876664754e-07,5,11,2,0,1,0,0,0,0,1,0,0,0,0,0,0,0,0,0
1.0491845237975477e-06,5,92,14,0,1,0,0,0,0,1,0,0,0,0,0,0,0,0,0
0.0004554818601488625,5,12,2,0,1,0,0,0,0,1,0,0,0,0,0,0,0,0,0
8.455192927074356e-07,5,13,2,0,1,0,0,0,0,1,0,0,0,0,0,0,0,0,0
1.524403396341143e-06,3,23,4,0,0,0,0,0,0,1,0,0,0,0,0,0,0,0,0
0.0006110080366176755,5,14,2,0,1,0,0,0,0,1,0,0,0,0,0,0,0,0,0
0.0007554252004815732,3,29,4,0,0,0,0,0,0,1,0,0,0,0,0,0,0,0,0
0.0009257633937569398,3,40,5,0,0,0,0,0,0,1,0,0,0,0,0,0,0,0,0
1.0121544817811636e-06,5,12,43,0,1,0,0,0,0,1,0,0,0,0,0,0,0,0,0
9.072360294014089e-07,5,14,2,0,1,0,0,0,0,1,0,0,0,0,0,0,0,0,0
8.948926820626142e-07,3,25,3,0,0,0,0,0,0,1,0,0,0,0,0,0,0,0,0
0.0004999179105685234,5,11,2,0,1,0,0,0,0,1,0,0,0,0,0,0,0,0,0
2.11071239493389e-06,5,11,2,0,1,0,0,0,0,1,0,0,0,0,0,0,0,0,0
0.0004110458097292016,5,81,12,0,1,0,0,0,0,1,0,0,0,0,0,0,0,0,0
5.801373249233499e-07,5,40,7,0,1,0,0,0,0,1,0,0,0,0,0,0,0,0,0
0.0005986646892788808,5,-102,20,0,1,0,0,0,0,1,0,0,0,0,0,0,0,0,0
5.060772408905818e-07,5,8,2,0,1,0,0,0,0,1,0,0,0,0,0,0,0,0,0
0.00039993679712428643,5,15,2,0,1,0,0,0,0,1,0,0,0,0,0,0,0,0,0
0.00047769988535869293,5,38,7,0,1,0,1,0,0,1,0,0,0,0,0,0,0,0,0
0.0009442784147651319,3,36,5,0,0,0,0,0,0,1,0,0,0,0,0,0,0,0,0
0.0005998990240127603,5,14,2,0,1,0,0,0,0,1,0,0,0,0,0,0,0,0,0
0.0005998990240127603,5,16,2,0,1,0,0,0,0,1,0,0,0,0,0,0,0,0,0
0.0,1,22,4,0,0,0,0,0,0,1,0,0,0,0,0,0,0,0,0
0.002098381390942434,5,12,3,0,1,0,0,0,0,1,0,0,0,0,0,0,0,0,0
0.002838982231270115,1,20,2,0,0,0,0,0,0,1,0,0,0,0,0,0,0,0,0
0.0007332071752717428,5,13,3,0,1,0,0,0,0,1,0,0,0,0,0,0,0,0,0
0.0008665153265307253,5,11,2,0,1,0,0,0,0,1,0,0,0,0,0,0,0,0,0
9.380943977483956e-07,5,15,3,0,1,0,0,0,0,1,0,0,0,0,0,0,0,0,0
0.0006819822838157449,3,33,4,0,0,0,0,0,0,1,0,0,0,0,0,0,0,0,0
0.0009257633937569398,5,45,8,0,1,0,1,0,0,1,0,0,0,0,0,0,0,0,0
0.00042215482233411687,5,16,3,0,1,0,0,0,0,1,0,0,0,0,0,0,0,0,0
0.0,5,14,2,0,1,0,0,0,0,1,0,0,0,0,0,0,0,0,0
9.936394607729717e-07,5,12,3,0,1,0,0,0,0,1,0,0,0,0,0,0,0,0,0
9.62781092425985e-07,5,13,2,0,1,0,0,0,0,1,0,0,0,0,0,0,0,0,0
0.0007899865730301983,5,17,3,0,1,0,0,0,0,1,0,0,0,0,0,0,0,0,0
0.0008517033097241718,5,14,2,0,1,0,0,0,0,1,0,0,0,0,0,0,0,0,0
0.0005443539609881842,5,12,2,0,1,0,0,0,0,1,0,0,0,0,0,0,0,0,0
0.00042215482233411687,5,8,2,0,1,0,0,0,0,1,0,0,0,0,0,0,0,0,0
0.0005026334469830581,5,8,2,0,1,0,0,0,0,1,0,0,0,0,0,0,0,0,0
0.0009331694021602166,1,13,2,0,0,0,0,0,0,1,0,0,0,0,0,0,0,0,0
0.0006480380786340595,5,23,4,0,1,0,1,0,0,1,0,0,0,0,0,0,0,0,0
0.0004443728475439473,5,96,16,0,1,0,1,0,0,1,0,0,0,0,0,0,0,0,0
8.763776610544222e-07,5,11,2,0,1,0,0,0,0,1,0,0,0,0,0,0,0,0,0
6.35682387947926e-07,1,13,2,0,0,0,0,0,0,1,0,0,0,0,0,0,0,0,0
1.0121544817811636e-06,5,20,3,0,1,0,0,0,0,1,0,0,0,0,0,0,0,0,0
9.010643557320116e-07,5,13,2,0,1,0,0,0,0,1,0,0,0,0,0,0,0,0,0
8.702059873850248e-07,5,12,2,0,1,0,0,0,0,1,0,0,0,0,0,0,0,0,0
0.0008140561003408479,5,12,2,0,1,0,0,0,0,1,0,0,0,0,0,0,0,0,0
1.0615278711363424e-06,5,10,2,0,1,0,0,0,0,1,0,0,0,0,0,0,0,0,0
8.763776610544222e-07,3,23,4,0,0,0,0,0,0,1,0,0,0,0,0,0,0,0,0
0.0005246046052461127,4,19,4,0,0,0,0,0,0,1,0,0,0,0,0,0,0,0,0
0.0004665908727537777,5,15,2,0,1,0,0,0,0,1,0,0,0,0,0,0,0,0,0
0.001100631595505644,5,14,2,0,1,0,0,0,0,1,0,0,0,0,0,0,0,0,0
8.270042716992435e-07,5,13,2,0,1,0,0,0,0,1,0,0,0,0,0,0,0,0,0
2.468669467758936e-07,5,15,3,0,1,0,0,0,0,1,0,0,0,0,0,0,0,0,0
5.677939775845552e-07,5,49,8,0,1,0,0,0,0,1,0,0,0,0,0,0,0,0,0
9.99811134442369e-07,5,13,2,0,1,0,0,0,0,1,0,0,0,0,0,0,0,0,0
1.92556218485197e-06,5,12,3,0,1,0,0,0,0,1,0,0,0,0,0,0,0,0,0
0.0007332071752717428,5,11,2,0,1,0,0,0,0,1,0,0,0,0,0,0,0,0,0
1.400969922953196e-06,5,21,3,0,1,0,0,0,0,1,0,0,0,0,0,0,0,0,0
0.0010553685408142839,5,13,2,0,1,0,0,0,0,1,0,0,0,0,0,0,0,0,0
0.0018947161598523222,5,12,3,0,1,0,0,0,0,1,0,0,0,0,0,0,0,0,0
9.99811134442369e-07,5,11,2,0,1,0,0,0,0,1,0,0,0,0,0,0,0,0,0
0.000987480130450913,3,26,4,0,1,0,0,0,0,1,0,0,0,0,0,0,0,0,0
9.99811134442369e-07,3,13,3,0,1,0,0,0,0,1,0,0,0,0,0,0,0,0,0
0.0008091187614053301,5,43,7,0,1,0,0,0,0,1,0,0,0,0,0,0,0,0,0
7.529441876664754e-07,5,16,3,0,1,0,0,0,0,1,0,0,0,0,0,0,0,0,0
0.0004320295002051526,5,39,6,0,1,0,0,0,0,1,0,0,0,0,0,0,0,0,0
0.000567806320931894,5,46,8,0,1,0,0,0,0,1,0,0,0,0,0,0,0,0,0
0.0009566217621039265,5,36,7,0,1,0,0,0,0,1,0,0,0,0,0,0,0,0,0
0.0007665342130864884,1,20,3,0,0,0,0,0,0,1,0,0,0,0,0,0,0,0,0
0.000839359962385377,5,101,18,0,1,0,0,0,0,1,0,0,0,0,0,0,0,0,0
8.393476190380381e-07,5,13,2,0,1,0,0,0,0,1,0,0,0,0,0,0,0,0,0
7.961459033522568e-07,5,16,3,0,1,0,0,0,0,1,0,0,0,0,0,0,0,0,0
9.380943977483956e-07,5,13,2,0,1,0,0,0,0,1,0,0,0,0,0,0,0,0,0
8.763776610544222e-07,5,12,2,0,1,0,0,0,0,1,0,0,0,0,0,0,0,0,0
1.6046351540433083e-06,5,11,2,0,1,0,0,0,0,1,0,0,0,0,0,0,0,0,0
0.0005443539609881842,5,11,2,0,1,0,0,0,0,1,0,0,0,0,0,0,0,0,0
9.25751050409601e-07,5,14,3,0,1,0,0,0,0,1,0,0,0,0,0,0,0,0,0
8.393476190380381e-07,5,13,2,0,1,0,0,0,0,1,0,0,0,0,0,0,0,0,0
0.000744316187876658,5,10,2,0,1,0,0,0,0,1,0,0,0,0,0,0,0,0,0
0.000756042367848513,3,35,4,0,0,0,0,0,0,1,0,0,0,0,0,0,0,0,0
0.000744316187876658,5,13,3,0,1,0,0,0,0,1,0,0,0,0,0,0,0,0,0
1.4626866596471696e-06,5,13,2,0,1,0,0,0,0,1,0,0,0,0,0,0,0,0,0
0.000987480130450913,5,40,7,0,1,0,1,0,0,1,0,0,0,0,0,0,0,0,0
2.11071239493389e-06,5,12,3,0,1,0,0,0,0,1,0,0,0,0,0,0,0,0,0
0.0007554252004815732,5,14,3,0,1,0,0,0,0,1,0,0,0,0,0,0,0,0,0
1.3701115546062094e-06,5,17,3,0,1,0,0,0,0,1,0,0,0,0,0,0,0,0,0
0.0007097548153280329,3,35,4,0,0,0,0,0,0,1,0,0,0,0,0,0,0,0,0
0.09431552935907749,1,22,4,0,0,0,0,0,0,1,0,0,0,0,0,0,0,0,0
1.2158197128712759e-06,5,12,3,0,1,0,0,0,0,1,0,0,0,0,0,0,0,0,0
1.4812016806553615e-06,5,15,3,0,1,0,0,0,0,1,0,0,0,0,0,0,0,0,0
0.0008949050254099531,5,11,2,0,1,0,0,0,0,1,0,0,0,0,0,0,0,0,0
9.072360294014089e-07,5,14,2,0,1,0,0,0,0,1,0,0,0,0,0,0,0,0,0
0.0014503556556557137,5,17,3,0,1,0,0,0,0,1,0,0,0,0,0,0,0,0,0
7.159141456500914e-07,5,15,3,0,1,0,0,0,0,1,0,0,0,0,0,0,0,0,0
8.887210083932169e-07,5,58,10,0,1,0,0,0,0,1,0,0,0,0,0,0,0,0,0
9.81296113434177e-07,5,16,2,0,1,0,0,0,0,1,0,0,0,0,0,0,0,0,0
0.00042215482233411687,5,73,10,0,1,0,0,0,0,1,0,0,0,0,0,0,0,0,0
0.0005665719861980146,5,126,22,0,1,0,0,0,0,1,0,0,0,0,0,0,0,0,0
6.603690826255153e-07,5,16,2,0,1,0,0,0,0,1,0,0,0,0,0,0,0,0,0
0.0004999179105685234,5,13,2,0,1,0,0,0,0,1,0,0,0,0,0,0,0,0,0
7.776308823440648e-07,5,12,2,0,1,0,0,0,0,1,0,0,0,0,0,0,0,0,0
9.936394607729717e-07,5,12,3,0,1,0,0,0,0,1,0,0,0,0,0,0,0,0,0
8.763776610544222e-07,1,14,3,0,0,0,0,0,0,1,0,0,0,0,0,0,0,0,0
1.0923862394833291e-06,5,11,2,0,1,0,0,0,0,1,0,0,0,0,0,0,0,0,0
0.0005110269231734386,5,87,13,0,1,0,0,0,0,1,0,0,0,0,0,0,0,0,0
1.0923862394833291e-06,1,14,3,0,0,0,0,0,0,1,0,0,0,0,0,0,0,0,0
0.0005221359357783537,5,10,2,0,1,0,0,0,0,1,0,0,0,0,0,0,0,0,0
0.0004999179105685234,5,12,2,0,1,0,0,0,0,1,0,0,0,0,0,0,0,0,0
0.00039993679712428643,4,22,4,0,1,0,0,0,0,1,0,0,0,0,0,0,0,0,0
0.0,5,21,3,0,1,0,0,0,0,1,0,0,0,0,0,0,0,0,0
0.0005332449483832689,3,60,8,0,0,0,0,0,0,1,0,0,0,0,0,0,0,0,0
0.0005554629735930994,5,11,2,0,1,0,0,0,0,1,0,0,0,0,0,0,0,0,0
1.9872789215459433e-06,3,35,4,0,0,0,0,0,0,1,0,0,0,0,0,0,0,0,0
9.442660714177929e-07,5,13,2,0,1,0,0,0,0,1,0,0,0,0,0,0,0,0,0
9.442660714177929e-07,5,10,2,0,1,0,0,0,0,1,0,0,0,0,0,0,0,0,0
1.1541029761773025e-06,5,12,3,0,1,0,0,0,0,1,0,0,0,0,0,0,0,0,0
0.0009202088874544821,3,31,4,0,0,0,0,0,0,1,0,0,0,0,0,0,0,0,0
1.9008754901743807e-06,5,21,3,0,1,0,0,0,0,1,0,0,0,0,0,0,0,0,0
0.0004665908727537777,5,13,2,0,1,0,0,0,0,1,0,0,0,0,0,0,0,0,0
8.393476190380381e-07,5,16,2,0,1,0,0,0,0,1,0,0,0,0,0,0,0,0,0
0.000588790011407845,5,10,2,0,1,0,0,0,0,1,0,0,0,0,0,0,0,0,0
1.524403396341143e-06,5,12,3,0,1,0,0,0,0,1,0,0,0,0,0,0,0,0,0
9.072360294014089e-07,5,11,2,0,1,0,0,0,0,1,0,0,0,0,0,0,0,0,0
0.0005060895842379207,5,17,3,0,1,0,0,0,0,1,0,0,0,0,0,0,0,0,0
0.000658529923872035,3,24,3,0,0,0,0,0,0,1,0,0,0,0,0,0,0,0,0
7.28257492988886e-07,3,22,3,0,0,0,0,0,0,1,0,0,0,0,0,0,0,0,0
1.1417596288385079e-06,5,45,45,0,1,0,0,0,0,1,0,0,0,0,0,0,0,0,0
0.0005443539609881842,5,79,12,0,1,0,0,0,0,1,0,0,0,0,0,0,0,0,0
0.0013577805506147535,5,12,2,0,1,0,0,0,0,1,0,0,0,0,0,0,0,0,0
9.99811134442369e-07,5,12,3,0,1,0,0,0,0,1,0,0,0,0,0,0,0,0,0
8.270042716992435e-07,5,11,2,0,1,0,0,0,0,1,0,0,0,0,0,0,0,0,0
1.1849613445242893e-06,5,12,2,0,1,0,0,0,0,1,0,0,0,0,0,0,0,0,0
1.3515965335980175e-06,5,12,3,0,1,0,0,0,0,1,0,0,0,0,0,0,0,0,0
0.5557172588916259,5,13,2,0,1,0,0,0,0,1,0,0,0,0,0,0,0,0,0
7.838025560134621e-07,5,12,3,0,1,0,0,0,0,1,0,0,0,0,0,0,0,0,0
0.0005776809988029298,5,14,2,0,1,0,0,0,0,1,0,0,0,0,0,0,0,0,0
0.0005443539609881842,5,66,10,0,1,0,0,0,0,1,0,0,0,0,0,0,0,0,0
0.0004665908727537777,3,22,3,0,0,0,0,0,0,1,0,0,0,0,0,0,0,0,0
6.665407562949127e-07,5,11,2,0,1,0,0,0,0,1,0,0,0,0,0,0,0,0,0
1.4626866596471696e-06,3,23,4,0,0,0,0,0,0,1,0,0,0,0,0,0,0,0,0
0.0005221359357783537,5,12,2,0,1,0,0,0,0,1,0,0,0,0,0,0,0,0,0
2.1724291316278637e-06,5,11,2,0,1,0,0,0,0,1,0,0,0,0,0,0,0,0,0
7.344291666582834e-07,5,16,2,0,1,0,0,0,0,1,0,0,0,0,0,0,0,0,0
0.0004443728475439473,5,-58,-60,0,1,0,0,0,0,1,0,0,0,0,0,0,0,0,0
1.1232446078303157e-06,5,12,3,0,1,0,0,0,0,1,0,0,0,0,0,0,0,0,0
0.000677044944880227,3,107,13,0,0,0,0,0,0,1,0,0,0,0,0,0,0,0,0
1.0615278711363424e-06,5,42,6,0,1,0,0,0,0,1,0,0,0,0,0,0,0,0,0
0.0007406131836750196,5,14,2,0,1,0,0,0,0,1,0,0,0,0,0,0,0,0,0
0.0010504065151840886,5,14,2,0,1,0,0,0,0,1,0,0,0,0,0,0,0,0,0
9.99811134442369e-07,1,20,2,0,0,0,0,0,0,1,0,0,0,0,0,0,0,0,0
8.270042716992435e-07,5,11,2,0,1,0,0,0,0,1,0,0,0,0,0,0,0,0,0
8.763776610544222e-07,5,10,2,0,1,0,0,0,0,1,0,0,0,0,0,0,0,0,0
0.0003666097593095408,5,56,8,0,1,0,0,0,0,1,0,0,0,0,0,0,0,0,0
2.6353046568326642e-06,5,11,2,0,1,0,0,0,0,1,0,0,0,0,0,0,0,0,0
0.000588790011407845,5,16,3,0,1,0,0,0,0,1,0,0,0,0,0,0,0,0,0
1.1170729341609184e-06,5,71,13,0,1,0,0,0,0,1,0,0,0,0,0,0,0,0,0
6.603690826255153e-07,5,13,3,0,1,0,0,0,0,1,0,0,0,0,0,0,0,0,0
7.220858193194887e-07,5,14,3,0,1,0,0,0,0,1,0,0,0,0,0,0,0,0,0
9.319227240789983e-07,5,11,2,0,1,0,0,0,0,1,0,0,0,0,0,0,0,0,0
0.0005554629735930994,5,12,2,0,1,0,0,0,0,1,0,0,0,0,0,0,0,0,0
6.91227450972502e-07,5,16,3,0,1,1,0,0,0,1,0,0,0,0,0,0,0,0,0
9.010643557320116e-07,5,10,2,0,1,0,0,0,0,1,0,0,0,0,0,0,0,0,0
0.0011331316290486904,5,12,2,0,1,0,0,0,0,1,0,0,0,0,0,0,0,0,0
1.3392531862592226e-06,5,15,3,0,1,0,0,0,0,1,0,0,0,0,0,0,0,0,0
0.0007220981626668276,3,23,4,0,0,0,0,0,0,1,0,0,0,0,0,0,0,0,0
0.0008640466570629664,5,10,2,0,1,0,0,0,0,1,0,0,0,0,0,0,0,0,0
0.0009566217621039265,3,32,4,0,0,0,0,0,0,1,0,0,0,0,0,0,0,0,0
0.0007406131836750196,5,11,2,0,1,0,0,0,0,1,0,0,0,0,0,0,0,0,0
1.197304691863084e-06,5,38,6,0,1,0,0,0,0,1,0,0,0,0,0,0,0,0,0
0.0006665530996422515,5,38,5,0,1,0,0,0,0,1,0,0,0,0,0,0,0,0,0
0.0010096981556607437,4,102,14,0,0,0,1,0,0,1,0,0,0,0,0,0,0,0,0
0.000677044944880227,3,43,3,0,1,0,0,0,0,1,0,0,0,0,0,0,0,0,0
0.001101656093334764,5,16,2,0,1,0,0,0,0,1,0,0,0,0,0,0,0,0,0
1.197304691863084e-06,5,11,2,0,1,0,0,0,0,1,0,0,0,0,0,0,0,0,0
0.0012331127424929274,1,56,9,0,0,0,0,0,0,1,0,0,0,0,0,0,0,0,0
6.91227450972502e-07,5,10,2,0,1,0,0,0,0,1,0,0,0,0,0,0,0,0,0
0.000377718771914456,5,9,2,0,1,0,0,0,0,1,0,0,0,0,0,0,0,0,0
5.863089985927472e-07,5,14,2,0,1,0,0,0,0,1,0,0,0,0,0,0,0,0,0
9.072360294014089e-07,5,8,2,0,1,0,0,0,0,1,0,0,0,0,0,0,0,0,0
0.000677168378353615,5,10,2,0,1,0,0,0,0,1,0,0,0,0,0,0,0,0,0
0.0005110269231734386,5,12,2,0,1,0,0,0,0,1,0,0,0,0,0,0,0,0,0
0.0005554629735930994,5,10,2,0,1,0,0,0,0,1,0,0,0,0,0,0,0,0,0
7.776308823440648e-07,5,54,8,0,1,0,0,0,0,1,0,0,0,0,0,0,0,0,0
0.000799861250901234,5,13,2,0,1,0,0,0,0,1,0,0,0,0,0,0,0,0,0
5.739656512539526e-07,5,80,13,0,1,0,0,0,0,1,0,0,0,0,0,0,0,0,0
0.0004999179105685234,5,46,5,0,1,0,0,0,0,1,0,0,0,0,0,0,0,0,0
0.002314389969371341,5,12,3,0,1,0,0,0,0,1,0,0,0,0,0,0,0,0,0
0.0004443728475439473,5,13,3,0,1,0,0,0,0,1,0,0,0,0,0,0,0,0,0
7.776308823440648e-07,5,69,13,0,1,0,0,0,0,1,0,0,0,0,0,0,0,0,0
0.0008387427950184373,5,12,2,0,1,0,0,0,0,1,0,0,0,0,0,0,0,0,0
1.1232446078303157e-06,5,12,3,0,1,0,0,0,0,1,0,0,0,0,0,0,0,0,0
0.0004999179105685234,5,12,2,0,1,0,0,0,0,1,0,0,0,0,0,0,0,0,0
0.00035550074670462556,5,10,2,0,1,0,0,0,0,1,0,0,0,0,0,0,0,0,0
0.00043326383493903206,5,46,5,0,1,0,0,0,0,1,0,0,0,0,0,0,0,0,0
0.0004999179105685234,4,17,3,0,1,0,0,0,0,1,0,0,0,0,0,0,0,0,0
0.00039993679712428643,5,9,2,0,1,0,0,0,0,1,0,0,0,0,0,0,0,0,0
0.00047769988535869293,5,10,2,0,1,0,0,0,0,1,0,0,0,0,0,0,0,0,0
0.0007943067445987765,5,50,9,0,1,0,1,0,0,1,0,0,0,0,0,0,0,0,0
0.0005332449483832689,5,8,2,0,1,0,0,0,0,1,0,0,0,0,0,0,0,0,0
0.0006443350744324211,5,11,2,0,1,0,0,0,0,1,0,0,0,0,0,0,0,0,0
0.0006332260618275059,5,11,2,0,1,0,0,0,0,1,0,0,0,0,0,0,0,0,0
0.0008954789910612071,5,11,2,0,1,0,0,0,0,1,0,0,0,0,0,0,0,0,0
0.000377718771914456,3,34,5,0,0,0,0,0,0,1,0,0,0,0,0,0,0,0,0
0.0007943067445987765,5,50,9,0,1,0,1,0,0,1,0,0,0,0,0,0,0,0,0
1.7404119747700498e-06,5,10,2,0,1,0,0,0,0,1,0,0,0,0,0,0,0,0,0
0.0008331882887159797,5,14,2,0,1,0,0,0,0,1,0,0,0,0,0,0,0,0,0
0.0005998990240127603,5,15,2,0,1,0,0,0,0,1,0,0,0,0,0,0,0,0,0
0.0005665719861980146,5,12,2,0,1,0,0,0,0,1,0,0,0,0,0,0,0,0,0
0.0004999179105685234,5,43,6,0,1,0,0,0,0,1,0,0,0,0,0,0,0,0,0
0.0004999179105685234,5,13,2,0,1,0,0,0,0,1,0,0,0,0,0,0,0,0,0
9.99811134442369e-07,5,12,3,0,1,0,0,0,0,1,0,0,0,0,0,0,0,0,0
0.0004665908727537777,5,14,2,0,1,0,0,0,0,1,0,0,0,0,0,0,0,0,0
0.0004888088979636082,5,10,2,0,1,0,0,0,0,1,0,0,0,0,0,0,0,0,0
1.25284975488766e-06,5,9,2,0,1,0,0,0,0,1,0,0,0,0,0,0,0,0,0
0.0010442595282093687,5,20,4,0,1,1,0,0,0,1,0,0,0,0,0,0,0,0,0
0.0005998990240127603,5,20,3,0,1,0,0,0,0,1,0,0,0,0,0,0,0,0,0
1.1849613445242893e-06,1,14,3,0,0,0,0,0,0,1,0,0,0,0,0,0,0,0,0
0.00047769988535869293,5,15,2,0,1,0,0,0,0,1,0,0,0,0,0,0,0,0,0
0.0005332449483832689,5,12,2,0,1,0,0,0,0,1,0,0,0,0,0,0,0,0,0
0.0005221359357783537,5,8,2,0,1,0,0,0,0,1,0,0,0,0,0,0,0,0,0
0.0005110269231734386,5,20,3,0,1,0,0,0,0,1,0,0,0,0,0,0,0,0,0
0.0005665719861980146,5,10,2,0,1,0,0,0,0,1,0,0,0,0,0,0,0,0,0
1.036841176458753e-06,5,11,2,0,1,0,0,0,0,1,0,0,0,0,0,0,0,0,0
0.000588790011407845,5,14,2,0,1,0,0,0,0,1,0,0,0,0,0,0,0,0,0
0.0009177402179867233,5,38,6,0,1,0,0,0,0,1,0,0,0,0,0,0,0,0,0
5.98652345931542e-07,5,14,2,0,1,0,0,0,0,1,0,0,0,0,0,0,0,0,0
0.0004888088979636082,5,-6,127,0,1,0,1,0,0,1,0,0,0,0,0,0,0,0,0
6.295107142785287e-07,5,57,10,0,1,0,0,0,0,1,0,0,0,0,0,0,0,0,0
8.887210083932169e-07,5,12,2,0,1,0,0,0,0,1,0,0,0,0,0,0,0,0,0
0.0011537141607361305,5,40,6,0,1,0,0,0,0,1,0,0,0,0,0,0,0,0,0
0.0004110458097292016,5,8,2,0,1,0,0,0,0,1,0,0,0,0,0,0,0,0,0
6.35682387947926e-07,3,75,9,0,0,0,0,0,0,1,0,0,0,0,0,0,0,0,0
0.00035550074670462556,5,46,7,0,1,0,0,0,0,1,0,0,0,0,0,0,0,0,0
0.0006542097523034568,3,86,10,0,0,0,0,0,0,1,0,0,0,0,0,0,0,0,0
1.0491845237975477e-06,5,44,8,0,1,0,0,0,0,1,0,0,0,0,0,0,0,0,0
9.380943977483956e-07,5,13,2,0,1,0,0,0,0,1,0,0,0,0,0,0,0,0,0
0.0,5,8,2,0,1,0,0,0,0,1,0,0,0,0,0,0,0,0,0
1.3515965335980175e-06,3,23,4,0,0,0,0,0,0,1,0,0,0,0,0,0,0,0,0
7.961459033522568e-07,5,12,2,0,1,0,0,0,0,1,0,0,0,0,0,0,0,0,0
1.2837081232346466e-06,5,12,2,0,1,0,0,0,0,1,0,0,0,0,0,0,0,0,0
0.0018823728125135274,5,61,11,0,1,0,0,0,0,1,0,0,0,0,0,0,0,0,0
0.000439040521493588,5,11,3,0,1,0,0,0,0,1,0,0,0,0,0,0,0,0,0
1.1849613445242893e-06,5,11,2,0,1,0,0,0,0,1,0,0,0,0,0,0,0,0,0
0.0003332827214947952,5,59,10,0,1,0,0,0,0,1,0,0,0,0,0,0,0,0,0
8.084892506910514e-07,5,15,3,0,1,0,0,0,0,1,0,0,0,0,0,0,0,0,0
0.0005332449483832689,5,13,3,0,1,0,0,0,0,1,0,0,0,0,0,0,0,0,0
0.0007332071752717428,5,16,3,0,1,0,0,0,0,1,0,0,0,0,0,0,0,0,0
8.763776610544222e-07,3,14,2,0,1,0,0,0,0,1,0,0,0,0,0,0,0,0,0
1.1170729341609184e-06,5,12,2,0,1,0,0,0,0,1,0,0,0,0,0,0,0,0,0
6.91227450972502e-07,5,15,3,0,1,0,0,0,0,1,0,0,0,0,0,0,0,0,0
6.418540616173233e-07,5,11,2,0,1,0,0,0,0,1,0,0,0,0,0,0,0,0,0
0.0009257633937569398,5,12,3,0,1,0,0,0,0,1,0,0,0,0,0,0,0,0,0
0.0005110269231734386,3,22,3,0,0,0,0,0,0,1,0,0,0,0,0,0,0,0,0
7.220858193194887e-07,5,16,3,0,1,0,0,0,0,1,0,0,0,0,0,0,0,0,0
0.0006443350744324211,5,42,7,0,1,0,0,0,0,1,0,0,0,0,0,0,0,0,0
0.00042215482233411687,5,12,2,0,1,0,0,0,0,1,0,0,0,0,0,0,0,0,0
0.0004999179105685234,5,9,2,0,1,0,0,0,0,1,0,0,0,0,0,0,0,0,0
0.0005998990240127603,5,10,2,0,1,0,0,0,0,1,0,0,0,0,0,0,0,0,0
0.000377718771914456,4,18,3,0,1,0,0,0,0,1,0,0,0,0,0,0,0,0,0
0.00042215482233411687,4,13,3,0,1,0,1,0,0,1,0,0,0,0,0,0,0,0,0
0.0007887522382963189,5,40,7,0,1,0,1,0,0,1,0,0,0,0,0,0,0,0,0
8.331759453686408e-07,5,14,2,0,1,0,0,0,0,1,0,0,0,0,0,0,0,0,0
0.000667787434376131,3,24,3,0,0,0,0,0,0,1,0,0,0,0,0,0,0,0,0
0.0010164869966970806,4,76,13,0,1,0,1,0,0,1,0,0,0,0,0,0,0,0,0
6.603690826255153e-07,5,15,2,0,1,0,0,0,0,1,0,0,0,0,0,0,0,0,0
0.0004443728475439473,5,13,2,0,1,0,0,0,0,1,0,0,0,0,0,0,0,0,0
0.0014812140240027004,5,13,2,0,1,0,0,0,0,1,0,0,0,0,0,0,0,0,0
0.000658529923872035,3,24,3,0,0,0,0,0,0,1,0,0,0,0,0,0,0,0,0
4.320171568578138e-07,1,14,2,0,1,0,0,0,0,1,0,0,0,0,0,0,0,0,0
7.899742296828595e-07,5,10,2,0,1,0,0,0,0,1,0,0,0,0,0,0,0,0,0
0.0005246046052461127,3,30,4,0,0,0,0,0,0,1,0,0,0,0,0,0,0,0,0
6.603690826255153e-07,5,12,2,0,1,0,0,0,0,1,0,0,0,0,0,0,0,0,0
0.0013577805506147535,3,23,4,0,0,0,0,0,0,1,0,0,0,0,0,0,0,0,0
0.0007498706941791156,3,32,5,0,1,0,1,0,0,1,0,0,0,0,0,0,0,0,0
0.0008091187614053301,5,16,2,0,1,0,0,0,0,1,0,0,0,0,0,0,0,0,0
1.1664463235160971e-06,5,40,6,0,1,0,0,0,0,1,0,0,0,0,0,0,0,0,0
0.0013577805506147535,3,28,3,0,1,0,0,0,0,1,0,0,0,0,0,0,0,0,0
7.406008403276808e-07,5,18,4,0,1,0,0,0,0,1,0,0,0,0,0,0,0,0,0
0.0,5,13,3,0,1,0,0,0,0,1,0,0,0,0,0,0,0,0,0
0.0,3,25,3,0,0,0,0,0,0,1,0,0,0,0,0,0,0,0,0
0.0005110269231734386,5,13,3,0,1,0,0,0,0,1,0,0,0,0,0,0,0,0,0
0.0004999179105685234,5,12,2,0,1,0,0,0,0,1,0,0,0,0,0,0,0,0,0
0.0010442595282093687,1,17,1,0,1,0,0,0,0,1,0,0,0,0,0,0,0,0,0
0.00047769988535869293,5,8,2,0,1,0,0,0,0,1,0,0,0,0,0,0,0,0,0
0.0012497762614003,2,17,1,0,1,0,0,0,0,1,0,0,0,0,0,0,0,0,0
0.0005332449483832689,5,46,7,0,1,0,0,0,0,1,0,0,0,0,0,0,0,0,0
0.00042215482233411687,5,41,7,0,1,0,0,0,0,1,0,0,0,0,0,0,0,0,0
0.0008387427950184373,4,112,17,0,1,0,1,0,0,1,0,0,0,0,0,0,0,0,0
0.000493746236899126,5,54,8,0,1,0,0,0,0,1,0,0,0,0,0,0,0,0,0
5.739656512539526e-07,5,44,8,0,1,0,0,0,0,1,0,0,0,0,0,0,0,0,0
0.0008720698328331829,5,78,11,0,1,0,0,0,0,1,0,0,0,0,0,0,0,0,0
0.0010442595282093687,5,20,4,0,1,1,0,0,0,1,0,0,0,0,0,0,0,0,0
0.0007054346437594547,1,13,2,0,0,0,0,0,0,1,0,0,0,0,0,0,0,0,0
0.0004888088979636082,4,75,12,0,1,0,1,0,0,1,0,0,0,0,0,0,0,0,0
0.000588790011407845,3,35,4,0,0,0,0,0,0,1,0,0,0,0,0,0,0,0,0
0.0006788964469810462,5,11,2,0,1,0,0,0,0,1,0,0,0,0,0,0,0,0,0
0.0007282698363362249,3,77,10,0,1,0,1,0,0,1,0,0,0,0,0,0,0,0,0
0.000987480130450913,3,36,5,0,0,0,0,0,0,1,0,0,0,0,0,0,0,0,0
1.0430128501281504e-06,5,11,2,0,1,0,0,0,0,1,0,0,0,0,0,0,0,0,0
0.000999823477789708,1,13,2,0,0,0,0,0,0,1,0,0,0,0,0,0,0,0,0
0.0005554629735930994,2,14,1,0,1,0,0,0,0,1,0,0,0,0,0,0,0,0,0
0.0005863213419400861,1,16,1,0,1,0,0,0,0,1,0,0,0,0,0,0,0,0,0
0.000377718771914456,3,34,5,0,0,0,0,0,0,1,0,0,0,0,0,0,0,0,0
0.0013423513664412602,1,8,2,0,0,0,0,0,0,1,0,0,0,0,0,0,0,0,0
1.1232446078303157e-06,5,15,3,0,1,0,0,0,0,1,0,0,0,0,0,0,0,0,0
0.0007220981626668276,1,13,2,0,0,0,0,0,0,1,0,0,0,0,0,0,0,0,0
1.1664463235160971e-06,5,10,2,0,1,0,0,0,0,1,0,0,0,0,0,0,0,0,0
8.146609243604488e-07,5,10,2,0,1,0,0,0,0,1,0,0,0,0,0,0,0,0,0
0.0010182582670401976,5,11,2,0,1,0,0,0,0,1,0,0,0,0,0,0,0,0,0
0.0008498518076233525,5,15,3,0,1,0,0,0,0,1,0,0,0,0,0,0,0,0,0
0.0008517033097241718,5,20,4,0,1,0,0,0,0,1,0,0,0,0,0,0,0,0,0
7.28257492988886e-07,5,9,2,0,1,0,0,0,0,1,0,0,0,0,0,0,0,0,0
0.0004554818601488625,5,45,8,0,1,0,0,0,0,1,0,0,0,0,0,0,0,0,0
0.0008103530961392095,5,16,3,0,1,0,0,0,0,1,0,0,0,0,0,0,0,0,0
8.702059873850248e-07,5,12,3,0,1,0,0,0,0,1,0,0,0,0,0,0,0,0,0
0.0005110269231734386,5,11,2,0,1,0,0,0,0,1,0,0,0,0,0,0,0,0,0
8.208325980298462e-07,5,15,2,0,1,0,0,0,0,1,0,0,0,0,0,0,0,0,0
0.0004665908727537777,5,13,2,0,1,0,0,0,0,1,0,0,0,0,0,0,0,0,0
9.380943977483956e-07,5,65,10,0,1,0,0,0,0,1,0,0,0,0,0,0,0,0,0
1.2837081232346466e-06,5,13,2,0,1,0,0,0,0,1,0,0,0,0,0,0,0,0,0
6.233390406091312e-07,3,61,8,0,0,0,0,0,0,1,0,0,0,0,0,0,0,0,0
1.1479313025079052e-06,1,13,2,0,0,0,0,0,0,1,0,0,0,0,0,0,0,0,0
0.0007714715520220063,3,10,1,0,1,0,0,0,0,1,0,0,0,0,0,0,0,0,0
7.159141456500914e-07,5,12,2,0,1,0,0,0,0,1,0,0,0,0,0,0,0,0,0
9.380943977483956e-07,5,12,3,0,1,0,0,0,0,1,0,0,0,0,0,0,0,0,0
6.603690826255153e-07,5,14,3,0,1,0,0,0,0,1,0,0,0,0,0,0,0,0,0
0.00047769988535869293,5,14,2,0,1,0,0,0,0,1,0,0,0,0,0,0,0,0,0
0.0006808014369203335,1,13,1,0,1,0,0,0,0,1,0,0,0,0,0,0,0,0,0
0.0008640466570629664,3,31,4,0,0,0,0,0,0,1,0,0,0,0,0,0,0,0,0
5.739656512539526e-07,5,44,8,0,1,0,0,0,0,1,0,0,0,0,0,0,0,0,0
1.1849613445242893e-06,5,12,3,0,1,0,0,0,0,1,0,0,0,0,0,0,0,0,0
0.0007714715520220063,3,19,2,0,0,0,0,0,0,1,0,0,0,0,0,0,0,0,0
0.0007097548153280329,2,2,1,0,1,0,0,0,0,1,0,0,0,0,0,0,0,0,0
0.0011417719721858468,5,73,10,0,1,0,0,0,0,1,0,0,0,0,0,0,0,0,0
0.0004443728475439473,5,43,6,0,1,0,0,0,0,1,0,0,0,0,0,0,0,0,0
0.0008640466570629664,5,55,9,0,1,0,0,0,0,1,0,0,0,0,0,0,0,0,0
0.0008472597046822057,5,14,2,0,1,0,0,0,0,1,0,0,0,0,0,0,0,0,0
0.0005998990240127603,3,11,3,0,1,0,0,0,0,1,0,0,0,0,0,0,0,0,0
0.0006171797102870728,1,54,7,0,1,0,0,0,0,1,0,0,0,0,0,0,0,0,0
0.0007776432256914037,5,13,2,0,1,0,0,0,0,1,0,0,0,0,0,0,0,0,0
0.0004554818601488625,3,28,4,0,0,0,0,0,0,1,0,0,0,0,0,0,0,0,0
0.0006480380786340595,5,14,2,0,1,0,0,0,0,1,0,0,0,0,0,0,0,0,0
0.0008140561003408479,5,12,2,0,1,0,0,0,0,1,0,0,0,0,0,0,0,0,0
8.702059873850248e-07,5,10,2,0,1,0,0,0,0,1,0,0,0,0,0,0,0,0,0
0.00039993679712428643,5,10,2,0,1,0,0,0,0,1,0,0,0,0,0,0,0,0,0
0.0005332449483832689,5,13,2,0,1,0,0,0,0,1,0,0,0,0,0,0,0,0,0
0.000802329920368993,5,14,2,0,1,0,0,0,0,1,0,0,0,0,0,0,0,0,0
1.4318282913001828e-06,5,10,2,0,1,0,0,0,0,1,0,0,0,0,0,0,0,0,0
0.0005554629735930994,3,32,4,0,0,0,0,0,0,1,0,0,0,0,0,0,0,0,0
0.00038882778451937124,5,10,2,0,1,0,0,0,0,1,0,0,0,0,0,0,0,0,0
0.0007591282046832117,3,24,3,0,0,0,0,0,0,1,0,0,0,0,0,0,0,0,0
0.0008640466570629664,3,70,10,0,0,0,0,0,0,1,0,0,0,0,0,0,0,0,0
0.0016284454710598433,1,31,6,0,0,0,0,0,0,1,0,0,0,0,0,0,0,0,0
0.0008578749833935691,2,19,5,0,0,0,1,0,0,1,0,0,0,0,0,0,0,0,0
6.233390406091312e-07,5,10,2,0,1,0,0,0,0,1,0,0,0,0,0,0,0,0,0
0.0011726303405328333,3,27,5,0,1,0,0,0,0,1,0,0,0,0,0,0,0,0,0
1.0923862394833291e-06,5,11,2,0,1,0,0,0,0,1,0,0,0,0,0,0,0,0,0
7.406008403276808e-07,5,12,2,0,1,0,0,0,0,1,0,0,0,0,0,0,0,0,0
0.0007332071752717428,5,16,3,0,1,0,0,0,0,1,0,0,0,0,0,0,0,0,0
0.0010306818461366947,5,36,5,0,1,0,0,0,0,1,0,0,0,0,0,0,0,0,0
0.000744316187876658,5,77,12,0,1,0,1,0,0,1,0,0,0,0,0,0,0,0,0
0.0005332449483832689,5,37,7,0,1,0,1,0,0,1,0,0,0,0,0,0,0,0,0
0.001036853519806092,3,44,7,0,1,1,0,0,0,1,0,0,0,0,0,0,0,0,0
6.295107142785287e-07,5,15,3,0,1,0,0,0,0,1,0,0,0,0,0,0,0,0,0
7.838025560134621e-07,5,13,2,0,1,0,0,0,0,1,0,0,0,0,0,0,0,0,0
7.591158613358727e-07,1,17,3,0,1,0,0,0,0,1,0,0,0,0,0,0,0,0,0
0.0010800552354918733,5,62,8,0,1,0,0,0,0,1,0,0,0,0,0,0,0,0,0
0.0008239307782118837,5,9,2,0,1,0,0,0,0,1,0,0,0,0,0,0,0,0,0
0.0007097548153280329,5,13,3,0,1,0,0,0,0,1,0,0,0,0,0,0,0,0,0
9.62781092425985e-07,5,48,9,0,1,0,0,0,0,1,0,0,0,0,0,0,0,0,0
0.0007887522382963189,5,50,7,0,1,0,0,0,0,1,0,0,0,0,0,0,0,0,0
1.0244978291199585e-06,5,16,2,0,1,0,0,0,0,1,0,0,0,0,0,0,0,0,0
7.28257492988886e-07,1,13,2,0,0,0,0,0,0,1,0,0,0,0,0,0,0,0,0
1.1849613445242893e-06,5,10,2,0,1,0,0,0,0,1,0,0,0,0,0,0,0,0,0
0.00043326383493903206,5,10,2,0,1,0,0,0,0,1,0,0,0,0,0,0,0,0,0
0.0007714715520220063,5,14,2,0,1,0,0,0,0,1,0,0,0,0,0,0,0,0,0
0.0005616346472624967,5,14,2,0,1,0,0,0,0,1,0,0,0,0,0,0,0,0,0
0.0007714715520220063,5,14,2,0,1,0,0,0,0,1,0,0,0,0,0,0,0,0,0
0.0005616346472624967,5,14,2,0,1,0,0,0,0,1,0,0,0,0,0,0,0,0,0
6.850557773031047e-07,5,15,3,0,1,0,0,0,0,1,0,0,0,0,0,0,0,0,0
0.0006998801374569971,1,5,1,0,0,0,0,0,0,1,0,0,0,0,0,0,0,0,0
0.0006110080366176755,5,15,3,0,1,0,0,0,0,1,0,0,0,0,0,0,0,0,0
0.00042215482233411687,5,12,2,0,1,0,0,0,0,1,0,0,0,0,0,0,0,0,0
0.0010961015870323064,5,15,3,0,1,0,0,0,0,1,0,0,0,0,0,0,0,0,0
8.763776610544222e-07,5,17,3,0,1,0,0,0,0,1,0,0,0,0,0,0,0,0,0
0.00039993679712428643,3,36,5,0,0,0,0,0,0,1,0,0,0,0,0,0,0,0,0
0.0009257633937569398,4,39,8,0,1,0,0,0,0,1,0,0,0,0,0,0,0,0,0
0.0008442973013208949,4,17,4,0,1,0,0,0,0,1,0,0,0,0,0,0,0,0,0
0.0007208638279329481,4,31,4,0,0,0,1,0,0,1,0,0,0,0,0,0,0,0,0
5.369356092375685e-07,5,15,3,0,1,0,0,0,0,1,0,0,0,0,0,0,0,0,0
1.110901260491521e-06,5,15,3,0,1,0,0,0,0,1,0,0,0,0,0,0,0,0,0
5.616223039151579e-07,5,-108,24,0,1,0,0,0,0,1,0,0,0,0,0,0,0,0,0
0.000377718771914456,5,13,2,0,1,0,0,0,0,1,0,0,0,0,0,0,0,0,0
0.0011004217586008844,5,13,2,0,1,0,0,0,0,1,0,0,0,0,0,0,0,0,0
9.936394607729717e-07,5,97,15,0,1,0,0,0,0,1,0,0,0,0,0,0,0,0,0
0.0005554629735930994,5,15,3,0,1,0,0,0,0,1,0,0,0,0,0,0,0,0,0
0.0011720131731658937,1,11,2,0,0,1,0,0,0,1,0,0,0,0,0,0,0,0,0
0.0008887333517405558,5,88,15,0,1,0,0,0,0,1,0,0,0,0,0,0,0,0,0
1.0059828081117663e-06,1,13,2,0,0,0,0,0,0,1,0,0,0,0,0,0,0,0,0
0.0006833606242685769,5,62,11,0,1,0,1,0,0,1,0,0,0,0,0,0,0,0,0
1.0615278711363424e-06,5,10,2,0,1,0,0,0,0,1,0,0,0,0,0,0,0,0,0
0.0005221359357783537,1,13,2,0,0,0,0,0,0,1,0,0,0,0,0,0,0,0,0
0.0006110080366176755,4,98,14,0,1,0,1,0,0,1,0,0,0,0,0,0,0,0,0
0.0004888088979636082,5,9,2,0,1,0,0,0,0,1,0,0,0,0,0,0,0,0,0
1.1417596288385079e-06,5,12,3,0,1,0,0,0,0,1,0,0,0,0,0,0,0,0,0
1.2466780812182627e-06,5,80,14,0,1,0,0,0,0,1,0,0,0,0,0,0,0,0,0
9.81296113434177e-07,5,11,2,0,1,0,0,0,0,1,0,0,0,0,0,0,0,0,0
0.0008054157572036916,3,31,5,0,1,0,1,0,0,1,0,0,0,0,0,0,0,0,0
1.1849613445242893e-06,5,10,2,0,1,0,0,0,0,1,0,0,0,0,0,0,0,0,0
1.110901260491521e-06,5,18,3,0,1,0,0,0,0,1,0,0,0,0,0,0,0,0,0
0.0007924552424979571,5,20,3,0,1,0,0,0,0,1,0,0,0,0,0,0,0,0,0
0.0004999179105685234,5,19,3,0,1,0,0,0,0,1,0,0,0,0,0,0,0,0,0
0.0018947161598523222,5,12,3,0,1,0,0,0,0,1,0,0,0,0,0,0,0,0,0
0.0012718708531367427,5,12,2,0,1,0,0,0,0,1,0,0,0,0,0,0,0,0,0
0.000744316187876658,5,13,2,0,1,0,0,0,0,1,0,0,0,0,0,0,0,0,0
9.380943977483956e-07,5,10,2,0,1,0,0,0,0,1,0,0,0,0,0,0,0,0,0
0.0007729836120710087,5,10,2,0,1,0,0,0,0,1,0,0,0,0,0,0,0,0,0
7.529441876664754e-07,5,-118,23,0,1,0,0,0,0,1,0,0,0,0,0,0,0,0,0
0.0004888088979636082,5,39,6,0,1,0,1,0,0,1,0,0,0,0,0,0,0,0,0
0.0005332449483832689,3,23,3,0,0,0,0,0,0,1,0,0,0,0,0,0,0,0,0
0.00042215482233411687,5,13,3,0,1,0,0,0,0,1,0,0,0,0,0,0,0,0,0
9.81296113434177e-07,5,14,2,0,1,0,0,0,0,1,0,0,0,0,0,0,0,0,0
0.0005840995394191031,5,16,2,0,1,0,0,0,0,1,0,0,0,0,0,0,0,0,0
0.0008472597046822057,3,22,2,0,0,0,0,0,0,1,0,0,0,0,0,0,0,0,0
0.001709565949770402,5,58,8,0,1,0,0,0,0,1,0,0,0,0,0,0,0,0,0
8.455192927074356e-07,5,13,2,0,1,0,0,0,0,1,0,0,0,0,0,0,0,0,0
1.1541029761773025e-06,5,14,2,0,1,0,0,0,0,1,0,0,0,0,0,0,0,0,0
0.001036853519806092,1,9,1,0,0,0,0,0,0,1,0,0,0,0,0,0,0,0,0
0.0006147110408193138,5,13,3,0,1,0,0,0,0,1,0,0,0,0,0,0,0,0,0
1.4071415966225935e-06,5,39,6,0,1,0,0,0,0,1,0,0,0,0,0,0,0,0,0
0.0006787421551393113,3,127,16,0,1,0,0,0,0,1,0,0,0,0,0,0,0,0,0
0.001083141072326572,4,28,4,0,1,0,0,0,0,1,0,0,0,0,0,0,0,0,0
0.0005110269231734386,5,13,2,0,1,0,0,0,0,1,0,0,0,0,0,0,0,0,0
9.072360294014089e-07,5,8,2,0,1,0,0,0,0,1,0,0,0,0,0,0,0,0,0
0.0012960638139207802,3,17,2,0,0,0,0,0,0,1,0,0,0,0,0,0,0,0,0
0.0009257633937569398,3,22,2,0,0,0,0,0,0,1,0,0,0,0,0,0,0,0,0
0.0005110269231734386,5,13,2,0,1,0,0,0,0,1,0,0,0,0,0,0,0,0,0
7.838025560134621e-07,1,20,2,0,0,0,0,0,0,1,0,0,0,0,0,0,0,0,0
7.406008403276808e-07,5,16,3,0,1,0,0,0,0,1,0,0,0,0,0,0,0,0,0
0.000802329920368993,5,15,2,0,1,0,0,0,0,1,0,0,0,0,0,0,0,0,0
0.0011720131731658937,1,15,2,0,0,1,0,0,0,1,0,0,0,0,0,0,0,0,0
1.2158197128712759e-06,5,12,3,0,1,0,0,0,0,1,0,0,0,0,0,0,0,0,0
0.0005110269231734386,5,12,2,0,1,0,0,0,0,1,0,0,0,0,0,0,0,0,0
0.0011720131731658937,1,15,1,0,1,0,0,0,0,1,0,0,0,0,0,0,0,0,0
0.0007332071752717428,5,13,3,0,1,0,0,0,0,1,0,0,0,0,0,0,0,0,0
0.0008566406486596895,5,23,3,0,1,0,0,0,0,1,0,0,0,0,0,0,0,0,0
0.0012021494556935608,5,18,3,0,1,0,0,0,0,1,0,0,0,0,0,0,0,0,0
1.1849613445242893e-06,5,9,2,0,1,0,0,0,0,1,0,0,0,0,0,0,0,0,0
0.0007554252004815732,5,118,21,0,1,0,1,0,0,1,0,0,0,0,0,0,0,0,0
0.0008239307782118837,3,15,2,0,0,0,0,0,0,1,0,0,0,0,0,0,0,0,0
0.0005554629735930994,5,15,2,0,1,0,0,0,0,1,0,0,0,0,0,0,0,0,0
0.000843988717637425,1,19,3,0,0,0,0,0,0,1,0,0,0,0,0,0,0,0,0
0.0006788964469810462,5,11,2,0,1,0,0,0,0,1,0,0,0,0,0,0,0,0,0
0.0021600981276364076,5,37,8,0,1,0,1,0,0,1,0,0,0,0,0,0,0,0,0
0.0004999179105685234,3,70,9,0,0,0,0,0,0,1,0,0,0,0,0,0,0,0,0
7.652875350052701e-07,5,10,2,0,1,0,0,0,0,1,0,0,0,0,0,0,0,0,0
0.0006171797102870728,5,40,7,0,1,0,0,0,0,1,0,0,0,0,0,0,0,0,0
0.0010800552354918733,3,32,4,0,0,0,0,0,0,1,0,0,0,0,0,0,0,0,0
1.0615278711363424e-06,5,17,3,0,1,0,0,0,0,1,0,0,0,0,0,0,0,0,0
9.936394607729717e-07,1,14,3,0,0,0,0,0,0,1,0,0,0,0,0,0,0,0,0
9.99811134442369e-07,1,13,2,0,0,0,0,0,0,1,0,0,0,0,0,0,0,0,0
1.1541029761773025e-06,5,17,3,0,1,0,0,0,0,1,0,0,0,0,0,0,0,0,0
0.00042215482233411687,5,14,3,0,1,0,0,0,0,1,0,0,0,0,0,0,0,0,0
0.0005110269231734386,5,13,2,0,1,0,0,0,0,1,0,0,0,0,0,0,0,0,0
0.6302513274622037,2,2,1,0,1,0,0,0,0,1,0,0,0,0,0,0,0,0,0
0.0004999179105685234,5,16,3,0,1,1,0,0,0,1,0,0,0,0,0,0,0,0,0
1.2466780812182627e-06,5,39,6,0,1,0,0,0,0,1,0,0,0,0,0,0,0,0,0
0.0011417719721858468,5,25,4,0,1,0,1,0,0,1,0,0,0,0,0,0,0,0,0
0.00039993679712428643,4,21,4,0,1,0,0,0,0,1,0,0,0,0,0,0,0,0,0
9.99811134442369e-07,5,12,3,0,1,0,0,0,0,1,0,0,0,0,0,0,0,0,0
0.0006480380786340595,1,11,1,0,0,0,0,0,0,1,0,0,0,0,0,0,0,0,0
0.0007794947277922228,3,13,3,0,1,0,0,0,0,1,0,0,0,0,0,0,0,0,0
9.99811134442369e-07,5,10,2,0,1,0,0,0,0,1,0,0,0,0,0,0,0,0,0
6.418540616173233e-07,5,10,2,0,1,0,0,0,0,1,0,0,0,0,0,0,0,0,0
0.0005221359357783537,5,18,3,0,1,0,0,0,0,1,0,0,0,0,0,0,0,0,0
0.0007714715520220063,1,15,2,0,0,1,0,0,0,1,0,0,0,0,0,0,0,0,0
0.00047769988535869293,1,13,2,0,0,0,0,0,0,1,0,0,0,0,0,0,0,0,0
0.0007220981626668276,5,14,2,0,1,0,0,0,0,1,0,0,0,0,0,0,0,0,0
9.072360294014089e-07,5,13,2,0,1,0,0,0,0,1,0,0,0,0,0,0,0,0,0
0.0004888088979636082,5,13,2,0,1,0,0,0,0,1,0,0,0,0,0,0,0,0,0
0.00047749622012760283,1,12,1,0,1,0,0,0,0,1,0,0,0,0,0,0,0,0,0
0.0009257633937569398,1,10,2,0,0,0,0,0,0,1,0,0,0,0,0,0,0,0,0
0.0013442028685420795,2,12,3,0,0,0,0,0,0,1,0,0,0,0,0,0,0,0,0
0.0007776432256914037,5,13,2,0,1,0,0,0,0,1,0,0,0,0,0,0,0,0,0
8.146609243604488e-07,1,13,2,0,0,0,0,0,0,1,0,0,0,0,0,0,0,0,0
5.98652345931542e-07,5,14,2,0,1,0,0,0,0,1,0,0,0,0,0,0,0,0,0
0.0005554629735930994,5,15,2,0,1,0,0,0,0,1,0,0,0,0,0,0,0,0,0
0.0004110458097292016,5,12,2,0,1,0,0,0,0,1,0,0,0,0,0,0,0,0,0
0.00042215482233411687,5,11,2,0,1,0,0,0,0,1,0,0,0,0,0,0,0,0,0
0.0009492157537006496,3,70,9,0,0,0,0,0,0,1,0,0,0,0,0,0,0,0,0
1.036841176458753e-06,5,11,2,0,1,0,0,0,0,1,0,0,0,0,0,0,0,0,0
0.0021600981276364076,5,37,8,0,1,0,1,0,0,1,0,0,0,0,0,0,0,0,0
0.0005110269231734386,5,8,2,0,1,0,0,0,0,1,0,0,0,0,0,0,0,0,0
0.000799861250901234,5,11,2,0,1,0,0,0,0,1,0,0,0,0,0,0,0,0,0
0.0006554440870373364,5,17,3,0,1,0,0,0,0,1,0,0,0,0,0,0,0,0,0
0.0007332071752717428,5,14,2,0,1,0,0,0,0,1,0,0,0,0,0,0,0,0,0
0.0004888088979636082,5,11,3,0,1,0,0,0,0,1,0,0,0,0,0,0,0,0,0
1.1232446078303157e-06,5,12,3,0,1,0,0,0,0,1,0,0,0,0,0,0,0,0,0
8.578626400462302e-07,1,13,2,0,0,0,0,0,0,1,0,0,0,0,0,0,0,0,0
0.0007943067445987765,5,40,7,0,1,0,1,0,0,1,0,0,0,0,0,0,0,0,0
0.0006443350744324211,5,14,2,0,1,0,0,0,0,1,0,0,0,0,0,0,0,0,0
0.00120348870887982,3,33,6,0,0,0,0,0,0,1,0,0,0,0,0,0,0,0,0
0.0005554629735930994,3,34,5,0,0,0,0,0,0,1,0,0,0,0,0,0,0,0,0
0.0009262447843031528,5,7,2,0,1,0,0,0,0,1,0,0,0,0,0,0,0,0,0
0.0,1,13,2,0,0,0,0,0,0,1,0,0,0,0,0,0,0,0,0
0.0005554629735930994,5,13,2,0,1,0,0,0,0,1,0,0,0,0,0,0,0,0,0
7.529441876664754e-07,5,12,2,0,1,0,0,0,0,1,0,0,0,0,0,0,0,0,0
0.0014503556556557137,5,73,10,0,1,0,0,0,0,1,0,0,0,0,0,0,0,0,0
0.0,5,38,6,0,1,0,0,0,0,1,0,0,0,0,0,0,0,0,0
0.0004999179105685234,5,53,9,0,1,0,0,0,0,1,0,0,0,0,0,0,0,0,0
0.0013664208937519099,2,16,1,0,1,0,0,0,0,1,0,0,0,0,0,0,0,0,0
0.0009276395825524366,3,33,4,0,0,0,0,0,0,1,0,0,0,0,0,0,0,0,0
0.00042215482233411687,5,13,3,0,1,0,0,0,0,1,0,0,0,0,0,0,0,0,0
0.00043326383493903206,5,60,11,0,1,0,1,0,0,1,0,0,0,0,0,0,0,0,0
0.00038882778451937124,2,15,1,0,1,0,0,0,0,1,0,0,0,0,0,0,0,0,0
0.0006171797102870728,5,11,2,0,1,0,0,0,0,1,0,0,0,0,0,0,0,0,0
0.0005258389399799922,1,15,1,0,1,0,0,0,0,1,0,0,0,0,0,0,0,0,0
0.0013664208937519099,5,14,2,0,1,0,0,0,0,1,0,0,0,0,0,0,0,0,0
0.0007332071752717428,5,10,2,0,1,0,0,0,0,1,0,0,0,0,0,0,0,0,0
8.146609243604488e-07,5,15,2,0,1,0,0,0,0,1,0,0,0,0,0,0,0,0,0
8.516909663768329e-07,1,13,2,0,0,0,0,0,0,1,0,0,0,0,0,0,0,0,0
0.0004443728475439473,5,11,2,0,1,0,0,0,0,1,0,0,0,0,0,0,0,0,0
1.1232446078303157e-06,5,12,3,0,1,0,0,0,0,1,0,0,0,0,0,0,0,0,0
0.0008109702635061492,4,16,3,0,1,0,0,0,0,1,0,0,0,0,0,0,0,0,0
0.000987480130450913,3,38,7,0,0,0,0,0,0,1,0,0,0,0,0,0,0,0,0
0.0005554629735930994,4,17,3,0,1,0,0,0,0,1,0,0,0,0,0,0,0,0,0
8.270042716992435e-07,1,13,2,0,0,0,0,0,0,1,0,0,0,0,0,0,0,0,0
8.208325980298462e-07,5,39,6,0,1,0,0,0,0,1,0,0,0,0,0,0,0,0,0
9.010643557320116e-07,5,17,3,0,1,1,0,0,0,1,0,0,0,0,0,0,0,0,0
0.0015120723923496872,5,13,2,0,1,0,0,0,0,1,0,0,0,0,0,0,0,0,0
1.2466780812182627e-06,5,11,2,0,1,0,0,0,0,1,0,0,0,0,0,0,0,0,0
0.00047769988535869293,5,13,2,0,1,0,0,0,0,1,0,0,0,0,0,0,0,0,0
2.048995658239917e-06,5,15,3,0,1,0,0,0,0,1,0,0,0,0,0,0,0,0,0
0.0009701994441766006,1,12,2,0,0,0,0,0,0,1,0,0,0,0,0,0,0,0,0
1.0615278711363424e-06,5,10,2,0,1,0,0,0,0,1,0,0,0,0,0,0,0,0,0
0.0007332071752717428,5,8,2,0,1,0,0,0,0,1,0,0,0,0,0,0,0,0,0
0.0006733234256575804,5,15,3,0,1,0,0,0,0,1,0,0,0,0,0,0,0,0,0
0.0009257633937569398,3,45,6,0,1,0,0,0,0,1,0,0,0,0,0,0,0,0,0
0.0005221359357783537,5,10,2,0,1,0,0,0,0,1,0,0,0,0,0,0,0,0,0
8.948926820626142e-07,5,13,2,0,1,0,0,0,0,1,0,0,0,0,0,0,0,0,0
0.0005776809988029298,5,10,2,0,1,0,0,0,0,1,0,0,0,0,0,0,0,0,0
0.0005443539609881842,5,11,2,0,1,0,0,0,0,1,0,0,0,0,0,0,0,0,0
1.1232446078303157e-06,5,17,3,0,1,0,0,0,0,1,0,0,0,0,0,0,0,0,0
9.99811134442369e-07,3,13,3,0,1,0,0,0,0,1,0,0,0,0,0,0,0,0,0
0.0008825616780711584,5,39,7,0,1,0,0,0,0,1,0,0,0,0,0,0,0,0,0
9.99811134442369e-07,5,40,6,0,1,0,0,0,0,1,0,0,0,0,0,0,0,0,0
9.072360294014089e-07,5,48,8,0,1,0,0,0,0,1,0,0,0,0,0,0,0,0,0
3.6618597105090887e-07,4,20,4,0,1,0,0,0,0,1,0,0,0,0,0,0,0,0,0
0.0004582591133000913,1,6,1,0,0,0,0,0,0,1,0,0,0,0,0,0,0,0,0
0.00042215482233411687,5,11,2,0,1,0,0,0,0,1,0,0,0,0,0,0,0,0,0
0.000802329920368993,3,39,8,0,0,0,0,0,0,1,0,0,0,0,0,0,0,0,0
0.0008825616780711584,1,13,2,0,0,0,0,0,0,1,0,0,0,0,0,0,0,0,0
0.0011553496542585208,5,10,2,0,1,0,0,0,0,1,0,0,0,0,0,0,0,0,0
8.455192927074356e-07,3,23,4,0,0,0,0,0,0,1,0,0,0,0,0,0,0,0,0
8.825493347238196e-07,5,11,2,0,1,0,0,0,0,1,0,0,0,0,0,0,0,0,0
1.2158197128712759e-06,5,42,7,0,1,0,0,0,0,1,0,0,0,0,0,0,0,0,0
0.002314389969371341,5,12,3,0,1,0,0,0,0,1,0,0,0,0,0,0,0,0,0
1.4194849439613882e-06,5,16,2,0,1,0,0,0,0,1,0,0,0,0,0,0,0,0,0
9.442660714177929e-07,5,34,6,0,1,0,0,0,0,1,0,0,0,0,0,0,0,0,0
5.369356092375685e-07,5,12,2,0,1,0,0,0,0,1,0,0,0,0,0,0,0,0,0
9.380943977483956e-07,5,15,3,0,1,0,0,0,0,1,0,0,0,0,0,0,0,0,0
1.0306695027893558e-06,5,11,2,0,1,0,0,0,0,1,0,0,0,0,0,0,0,0,0
7.529441876664754e-07,3,48,7,0,0,0,0,0,0,1,0,0,0,0,0,0,0,0,0
8.023175770216541e-07,5,11,2,0,1,0,0,0,0,1,0,0,0,0,0,0,0,0,0
8.516909663768329e-07,5,9,2,0,1,0,0,0,0,1,0,0,0,0,0,0,0,0,0
0.0005776809988029298,5,94,13,0,1,0,0,0,0,1,0,0,0,0,0,0,0,0,0
9.99811134442369e-07,5,15,3,0,1,0,0,0,0,1,0,0,0,0,0,0,0,0,0
8.640343137156275e-07,5,74,10,0,1,0,0,0,0,1,0,0,0,0,0,0,0,0,0
8.146609243604488e-07,5,13,3,0,1,0,0,0,0,1,0,0,0,0,0,0,0,0,0
0.0012343470772268068,5,13,2,0,1,0,0,0,0,1,0,0,0,0,0,0,0,0,0
4.6904719887419786e-07,5,16,2,0,1,0,0,0,0,1,0,0,0,0,0,0,0,0,0
8.825493347238196e-07,5,13,2,0,1,0,0,0,0,1,0,0,0,0,0,0,0,0,0
4.6904719887419786e-07,5,19,4,0,1,0,0,0,0,1,0,0,0,0,0,0,0,0,0
0.0005998990240127603,5,10,2,0,1,0,0,0,0,1,0,0,0,0,0,0,0,0,0
9.380943977483956e-07,5,11,2,0,1,0,0,0,0,1,0,0,0,0,0,0,0,0,0
1.0923862394833291e-06,5,15,2,0,1,0,0,0,0,1,0,0,0,0,0,0,0,0,0
8.455192927074356e-07,1,13,2,0,0,0,0,0,0,1,0,0,0,0,0,0,0,0,0
8.455192927074356e-07,5,12,3,0,1,0,0,0,0,1,0,0,0,0,0,0,0,0,0
0.000999823477789708,5,12,2,0,1,0,0,0,0,1,0,0,0,0,0,0,0,0,0
0.001326922182267767,5,12,3,0,1,0,0,0,0,1,0,0,0,0,0,0,0,0,0
1.616978501382103e-06,5,14,3,0,1,0,0,0,0,1,0,0,0,0,0,0,0,0,0
1.7404119747700498e-06,1,23,3,0,0,0,0,0,0,1,0,0,0,0,0,0,0,0,0
1.073871218475137e-06,5,12,3,0,1,0,0,0,0,1,0,0,0,0,0,0,0,0,0
0.0007406131836750196,5,15,2,0,1,0,0,0,0,1,0,0,0,0,0,0,0,0,0
0.0009701994441766006,1,7,1,0,0,0,0,0,0,1,0,0,0,0,0,0,0,0,0
0.0005221359357783537,5,11,2,0,1,0,0,0,0,1,0,0,0,0,0,0,0,0,0
0.0005776809988029298,5,10,2,0,1,0,0,0,0,1,0,0,0,0,0,0,0,0,0
8.455192927074356e-07,5,16,2,0,1,0,0,0,0,1,0,0,0,0,0,0,0,0,0
0.0004554818601488625,5,18,3,0,1,1,0,0,0,1,0,0,0,0,0,0,0,0,0
9.99811134442369e-07,5,10,2,0,1,0,0,0,0,1,0,0,0,0,0,0,0,0,0
0.0004665908727537777,5,11,2,0,1,0,0,0,0,1,0,0,0,0,0,0,0,0,0
2.542729551791704e-06,5,12,3,0,1,0,0,0,0,1,0,0,0,0,0,0,0,0,0
1.1726179971854945e-06,5,10,2,0,1,0,0,0,0,1,0,0,0,0,0,0,0,0,0
9.99811134442369e-07,5,17,3,0,1,0,0,0,0,1,0,0,0,0,0,0,0,0,0
0.0007554252004815732,5,12,2,0,1,0,0,0,0,1,0,0,0,0,0,0,0,0,0
1.308394817912236e-06,3,25,4,0,0,0,0,0,0,1,0,0,0,0,0,0,0,0,0
0.0004554818601488625,5,14,2,0,1,0,0,0,0,1,0,0,0,0,0,0,0,0,0
0.0007183951584651892,5,12,2,0,1,0,0,0,0,1,0,0,0,0,0,0,0,0,0
8.146609243604488e-07,5,44,7,0,1,0,0,0,0,1,0,0,0,0,0,0,0,0,0
0.0004554818601488625,5,41,7,0,1,0,0,0,0,1,0,0,0,0,0,0,0,0,0
0.000744316187876658,5,13,2,0,1,0,0,0,0,1,0,0,0,0,0,0,0,0,0
1.1602746498466998e-06,5,10,2,0,1,0,0,0,0,1,0,0,0,0,0,0,0,0,0
0.001419497287308727,3,21,2,0,0,0,0,0,0,1,0,0,0,0,0,0,0,0,0
9.99811134442369e-07,5,14,3,0,1,0,0,0,0,1,0,0,0,0,0,0,0,0,0
9.99811134442369e-07,5,12,3,0,1,0,0,0,0,1,0,0,0,0,0,0,0,0,0
0.0005332449483832689,5,11,2,0,1,0,0,0,0,1,0,0,0,0,0,0,0,0,0
9.380943977483956e-07,5,11,2,0,1,0,0,0,0,1,0,0,0,0,0,0,0,0,0
1.0615278711363424e-06,5,16,2,0,1,0,0,0,0,1,0,0,0,0,0,0,0,0,0
0.0007498706941791156,5,12,3,0,1,0,0,0,0,1,0,0,0,0,0,0,0,0,0
0.0008640466570629664,5,15,3,0,1,0,0,0,0,1,0,0,0,0,0,0,0,0,0
0.0005221359357783537,5,11,2,0,1,0,0,0,0,1,0,0,0,0,0,0,0,0,0
0.0009749886629440529,5,8,2,0,1,0,0,0,0,1,0,0,0,0,0,0,0,0,0
0.0005554629735930994,5,13,2,0,1,0,0,0,0,1,0,0,0,0,0,0,0,0,0
1.1849613445242893e-06,3,23,4,0,0,0,0,0,0,1,0,0,0,0,0,0,0,0,0
0.0005332449483832689,3,61,8,0,0,0,0,0,0,1,0,0,0,0,0,0,0,0,0
7.899742296828595e-07,5,20,4,0,1,0,0,0,0,1,0,0,0,0,0,0,0,0,0
7.714592086746674e-07,5,17,3,0,1,0,0,0,0,1,0,0,0,0,0,0,0,0,0
1.0059828081117663e-06,5,11,2,0,1,0,0,0,0,1,0,0,0,0,0,0,0,0,0
1.400969922953196e-06,5,14,3,0,1,0,0,0,0,1,0,0,0,0,0,0,0,0,0
8.146609243604488e-07,5,17,2,0,1,0,0,0,0,1,0,0,0,0,0,0,0,0,0
2.048995658239917e-06,5,12,2,0,1,0,0,0,0,1,0,0,0,0,0,0,0,0,0
8.270042716992435e-07,5,15,3,0,1,0,0,0,0,1,0,0,0,0,0,0,0,0,0
1.308394817912236e-06,3,23,4,0,0,0,0,0,0,1,0,0,0,0,0,0,0,0,0
0.0012966809812877198,5,39,7,0,1,0,0,0,0,1,0,0,0,0,0,0,0,0,0
0.0008640466570629664,5,13,3,0,1,0,0,0,0,1,0,0,0,0,0,0,0,0,0
8.331759453686408e-07,5,11,2,0,1,0,0,0,0,1,0,0,0,0,0,0,0,0,0
0.0014997290450108924,4,24,4,0,1,0,0,0,0,1,0,0,0,0,0,0,0,0,0
0.0007183951584651892,5,15,3,0,1,0,0,0,0,1,0,0,0,0,0,0,0,0,0
0.00029995568368004956,5,17,3,0,1,0,0,0,0,1,0,0,0,0,0,0,0,0,0
9.380943977483956e-07,5,14,2,0,1,0,0,0,0,1,0,0,0,0,0,0,0,0,0
0.0005665719861980146,5,67,10,0,1,0,0,0,0,1,0,0,0,0,0,0,0,0,0
0.0006110080366176755,5,10,2,0,1,0,0,0,0,1,0,0,0,0,0,0,0,0,0
0.0005443539609881842,5,10,2,0,1,0,0,0,0,1,0,0,0,0,0,0,0,0,0
1.2281630602100705e-06,5,21,3,0,1,0,0,0,0,1,0,0,0,0,0,0,0,0,0
0.0004665908727537777,5,61,9,0,1,0,0,0,0,1,0,0,0,0,0,0,0,0,0
0.0009109513769503862,5,42,8,0,1,0,0,0,0,1,0,0,0,0,0,0,0,0,0
7.838025560134621e-07,5,12,2,0,1,0,0,0,0,1,0,0,0,0,0,0,0,0,0
0.0009109513769503862,4,20,4,0,1,0,0,0,0,1,0,0,0,0,0,0,0,0,0
0.00032217370888987994,5,12,2,0,1,0,0,0,0,1,0,0,0,0,0,0,0,0,0
0.0007220981626668276,5,12,3,0,1,0,0,0,0,1,0,0,0,0,0,0,0,0,0
1.0923862394833291e-06,5,12,3,0,1,0,0,0,0,1,0,0,0,0,0,0,0,0,0
0.0007579000416230015,5,17,4,0,1,0,0,0,0,1,0,0,0,0,0,0,0,0,0
8.146609243604488e-07,5,9,2,0,1,0,0,0,0,1,0,0,0,0,0,0,0,0,0
8.948926820626142e-07,1,13,2,0,0,0,0,0,0,1,0,0,0,0,0,0,0,0,0
0.0006326088944605662,3,-113,17,0,0,0,0,0,0,1,0,0,0,0,0,0,0,0,0
0.000658529923872035,3,66,9,0,0,0,0,0,0,1,0,0,0,0,0,0,0,0,0
8.825493347238196e-07,5,11,2,0,1,0,0,0,0,1,0,0,0,0,0,0,0,0,0
1.0121544817811636e-06,5,87,55,0,1,0,0,0,0,1,0,0,0,0,0,0,0,0,0
1.0615278711363424e-06,1,17,3,0,1,0,0,0,0,1,0,0,0,0,0,0,0,0,0
0.0006887711248520819,3,32,4,0,0,0,0,0,0,1,0,0,0,0,0,0,0,0,0
0.0009615591010394443,3,26,3,0,0,0,0,0,0,1,0,0,0,0,0,0,0,0,0
0.0009257633937569398,3,25,3,0,0,0,0,0,0,1,0,0,0,0,0,0,0,0,0
0.0004999179105685234,5,53,10,0,1,0,1,0,0,1,0,0,0,0,0,0,0,0,0
9.99811134442369e-07,5,12,3,0,1,0,0,0,0,1,0,0,0,0,0,0,0,0,0
1.1294162814997132e-06,5,10,2,0,1,0,0,0,0,1,0,0,0,0,0,0,0,0,0
1.036841176458753e-06,5,14,2,0,1,0,0,0,0,1,0,0,0,0,0,0,0,0,0
0.0005998990240127603,5,12,2,0,1,0,0,0,0,1,0,0,0,0,0,0,0,0,0
0.0005554629735930994,5,11,2,0,1,0,0,0,0,1,0,0,0,0,0,0,0,0,0
1.4935450279941562e-06,5,12,3,0,1,0,0,0,0,1,0,0,0,0,0,0,0,0,0
0.0004443728475439473,1,13,2,0,0,0,0,0,0,1,0,0,0,0,0,0,0,0,0
0.000999823477789708,5,75,12,0,1,0,0,0,0,1,0,0,0,0,0,0,0,0,0
1.4626866596471696e-06,5,17,3,0,1,0,0,0,0,1,0,0,0,0,0,0,0,0,0
0.0005332449483832689,5,11,2,0,1,0,0,0,0,1,0,0,0,0,0,0,0,0,0
0.0011263427880123533,3,26,4,0,1,0,0,0,0,1,0,0,0,0,0,0,0,0,0
0.0004554818601488625,1,13,2,0,0,0,0,0,0,1,0,0,0,0,0,0,0,0,0
0.0004999179105685234,5,49,8,0,1,0,1,0,0,1,0,0,0,0,0,0,0,0,0
0.0004110458097292016,5,-88,27,0,1,0,0,0,0,1,0,0,0,0,0,0,0,0,0
0.0003153725245062041,5,10,2,0,1,0,0,0,0,1,0,0,0,0,0,0,0,0,0
9.566094187565878e-07,5,9,2,0,1,0,0,0,0,1,0,0,0,0,0,0,0,0,0
0.0009566217621039265,1,13,2,0,0,0,0,0,0,1,0,0,0,0,0,0,0,0,0
0.0011720131731658937,5,13,2,0,1,0,0,0,0,1,0,0,0,0,0,0,0,0,0
0.0005221359357783537,5,11,2,0,1,0,0,0,0,1,0,0,0,0,0,0,0,0,0
7.344291666582834e-07,5,40,7,0,1,0,0,0,0,1,0,0,0,0,0,0,0,0,0
0.000765299878352609,5,13,2,0,1,0,0,0,0,1,0,0,0,0,0,0,0,0,0
0.0006443350744324211,5,12,3,0,1,0,0,0,0,1,0,0,0,0,0,0,0,0,0
0.0007887522382963189,5,10,2,0,1,0,0,0,0,1,0,0,0,0,0,0,0,0,0
0.0007109891500619123,5,18,3,0,1,0,0,0,0,1,0,0,0,0,0,0,0,0,0
1.0059828081117663e-06,5,11,3,0,1,0,0,0,0,1,0,0,0,0,0,0,0,0,0
0.0003332827214947952,5,21,3,0,1,0,0,0,0,1,0,0,0,0,0,0,0,0,0
0.0007498706941791156,5,19,3,0,1,0,0,0,0,1,0,0,0,0,0,0,0,0,0
0.0007097548153280329,3,35,4,0,0,0,0,0,0,1,0,0,0,0,0,0,0,0,0
7.652875350052701e-07,5,10,2,0,1,0,0,0,0,1,0,0,0,0,0,0,0,0,0
0.0005443539609881842,5,13,2,0,1,0,0,0,0,1,0,0,0,0,0,0,0,0,0
7.591158613358727e-07,5,13,2,0,1,0,0,0,0,1,0,0,0,0,0,0,0,0,0
9.072360294014089e-07,5,12,3,0,1,0,0,0,0,1,0,0,0,0,0,0,0,0,0
0.0004665908727537777,3,23,3,0,0,0,0,0,0,1,0,0,0,0,0,0,0,0,0
5.677939775845552e-07,5,15,2,0,1,0,0,0,0,1,0,0,0,0,0,0,0,0,0
0.0004999179105685234,5,55,8,0,1,0,1,0,0,1,0,0,0,0,0,0,0,0,0
0.0005110269231734386,5,14,2,0,1,0,0,0,0,1,0,0,0,0,0,0,0,0,0
0.0005110269231734386,5,10,2,0,1,0,0,0,0,1,0,0,0,0,0,0,0,0,0
0.0004999179105685234,5,13,3,0,1,0,0,0,0,1,0,0,0,0,0,0,0,0,0
0.00042956083073739364,5,11,2,0,1,0,0,0,0,1,0,0,0,0,0,0,0,0,0
0.0005443539609881842,5,16,2,0,1,0,0,0,0,1,0,0,0,0,0,0,0,0,0
0.0005998990240127603,5,17,3,0,1,0,0,0,0,1,0,0,0,0,0,0,0,0,0
8.640343137156275e-07,5,13,3,0,1,0,0,0,0,1,0,0,0,0,0,0,0,0,0
0.0005221359357783537,5,13,2,0,1,0,0,0,0,1,0,0,0,0,0,0,0,0,0
9.380943977483956e-07,5,13,2,0,1,0,0,0,0,1,0,0,0,0,0,0,0,0,0
1.4626866596471696e-06,5,17,3,0,1,0,0,0,0,1,0,0,0,0,0,0,0,0,0
0.000377718771914456,5,11,2,0,1,0,0,0,0,1,0,0,0,0,0,0,0,0,0
7.714592086746674e-07,5,14,3,0,1,0,0,0,0,1,0,0,0,0,0,0,0,0,0
0.0005443539609881842,5,13,2,0,1,0,0,0,0,1,0,0,0,0,0,0,0,0,0
0.0009936518041203106,1,22,4,0,0,0,0,0,0,1,0,0,0,0,0,0,0,0,0
1.2466780812182627e-06,5,42,6,0,1,0,0,0,0,1,0,0,0,0,0,0,0,0,0
9.010643557320116e-07,5,17,3,0,1,1,0,0,0,1,0,0,0,0,0,0,0,0,0
0.0009751367831121185,5,12,3,0,1,0,0,0,0,1,0,0,0,0,0,0,0,0,0
0.0006480380786340595,5,21,3,0,1,0,0,0,0,1,0,0,0,0,0,0,0,0,0
0.000744316187876658,5,10,2,0,1,0,0,0,0,1,0,0,0,0,0,0,0,0,0
0.0004665908727537777,5,12,3,0,1,0,0,0,0,1,0,0,0,0,0,0,0,0,0
0.0005110269231734386,5,8,2,0,1,0,0,0,0,1,0,0,0,0,0,0,0,0,0
8.146609243604488e-07,5,11,2,0,1,0,0,0,0,1,0,0,0,0,0,0,0,0,0
0.0003832732782169136,4,15,3,0,1,0,0,0,0,1,0,0,0,0,0,0,0,0,0
0.0005221359357783537,5,11,2,0,1,0,0,0,0,1,0,0,0,0,0,0,0,0,0
9.874677871035743e-07,5,10,2,0,1,0,0,0,0,1,0,0,0,0,0,0,0,0,0
0.0005776809988029298,5,13,2,0,1,0,0,0,0,1,0,0,0,0,0,0,0,0,0
0.0,5,15,3,0,1,0,0,0,0,1,0,0,0,0,0,0,0,0,0
0.0005554629735930994,4,15,3,0,1,0,0,0,0,1,0,0,0,0,0,0,0,0,0
0.00039993679712428643,5,15,2,0,1,0,0,0,0,1,0,0,0,0,0,0,0,0,0
0.0005863213419400861,4,17,4,0,1,0,0,0,0,1,0,0,0,0,0,0,0,0,0
0.0010334405842669153,3,35,4,0,0,0,0,0,0,1,0,0,0,0,0,0,0,0,0
0.0006332260618275059,5,16,3,0,1,0,0,0,0,1,0,0,0,0,0,0,0,0,0
0.0010053779840921654,1,14,1,0,1,0,0,0,0,1,0,0,0,0,0,0,0,0,0
0.0004990291895601301,2,13,1,0,1,0,0,0,0,1,0,0,0,0,0,0,0,0,0
0.0004443728475439473,5,21,3,0,1,0,0,0,0,1,0,0,0,0,0,0,0,0,0
0.0005776809988029298,3,13,2,0,0,0,0,0,0,1,0,0,0,0,0,0,0,0,0
8.763776610544222e-07,5,18,3,0,1,0,0,0,0,1,0,0,0,0,0,0,0,0,0
0.0008517033097241718,4,70,12,0,1,0,1,0,0,1,0,0,0,0,0,0,0,0,0
0.0006721076059447091,1,58,8,0,1,0,0,0,0,1,0,0,0,0,0,0,0,0,0
9.99811134442369e-07,5,14,2,0,1,0,0,0,0,1,0,0,0,0,0,0,0,0,0
0.0004554818601488625,5,12,2,0,1,0,0,0,0,1,0,0,0,0,0,0,0,0,0
0.00039993679712428643,5,10,2,0,1,0,0,0,0,1,0,0,0,0,0,0,0,0,0
0.0005110269231734386,5,13,3,0,1,0,0,0,0,1,0,0,0,0,0,0,0,0,0
0.0007665342130864884,5,14,3,0,1,0,0,0,0,1,0,0,0,0,0,0,0,0,0
7.776308823440648e-07,5,13,2,0,1,0,0,0,0,1,0,0,0,0,0,0,0,0,0
0.0005110269231734386,5,14,2,0,1,0,0,0,0,1,0,0,0,0,0,0,0,0,0
8.763776610544222e-07,5,11,2,0,1,0,0,0,0,1,0,0,0,0,0,0,0,0,0
0.001036853519806092,5,36,7,0,1,0,0,0,0,1,0,0,0,0,0,0,0,0,0
9.25751050409601e-07,5,11,2,0,1,0,0,0,0,1,0,0,0,0,0,0,0,0,0
0.0004443728475439473,5,19,3,0,1,1,0,0,0,1,0,0,0,0,0,0,0,0,0
5.492789565763632e-07,5,10,2,0,1,0,0,0,0,1,0,0,0,0,0,0,0,0,0
1.9872789215459433e-06,1,13,2,0,0,0,0,0,0,1,0,0,0,0,0,0,0,0,0
8.763776610544222e-07,5,10,2,0,1,0,0,0,0,1,0,0,0,0,0,0,0,0,0
7.28257492988886e-07,5,39,6,0,1,0,0,0,0,1,0,0,0,0,0,0,0,0,0
6.603690826255153e-07,5,16,3,0,1,0,0,0,0,1,0,0,0,0,0,0,0,0,0
0.00047769988535869293,5,14,3,0,1,0,0,0,0,1,0,0,0,0,0,0,0,0,0
1.400969922953196e-06,5,12,3,0,1,0,0,0,0,1,0,0,0,0,0,0,0,0,0
0.00043326383493903206,5,14,3,0,1,0,0,0,0,1,0,0,0,0,0,0,0,0,0
0.0005110269231734386,5,14,3,0,1,0,0,0,0,1,0,0,0,0,0,0,0,0,0
0.0006443350744324211,5,15,2,0,1,0,0,0,0,1,0,0,0,0,0,0,0,0,0
0.00038023681477157014,5,12,2,0,1,0,0,0,0,1,0,0,0,0,0,0,0,0,0
0.0004665908727537777,5,11,2,0,1,0,0,0,0,1,0,0,0,0,0,0,0,0,0
0.0004999179105685234,5,8,2,0,1,0,0,0,0,1,0,0,0,0,0,0,0,0,0
4.320171568578138e-07,5,84,13,0,1,0,0,0,0,1,0,0,0,0,0,0,0,0,0
0.0006110080366176755,5,10,2,0,1,0,0,0,0,1,0,0,0,0,0,0,0,0,0
7.159141456500914e-07,5,9,2,0,1,0,0,0,0,1,0,0,0,0,0,0,0,0,0
1.1849613445242893e-06,5,9,2,0,1,0,0,0,0,1,0,0,0,0,0,0,0,0,0
0.0,5,14,2,0,1,0,0,0,0,1,0,0,0,0,0,0,0,0,0
5.554506302457605e-07,5,10,2,0,1,0,0,0,0,1,0,0,0,0,0,0,0,0,0
0.0005998990240127603,5,16,2,0,1,0,0,0,0,1,0,0,0,0,0,0,0,0,0
8.270042716992435e-07,5,12,3,0,1,0,0,0,0,1,0,0,0,0,0,0,0,0,0
1.0306695027893558e-06,5,116,20,0,1,0,0,0,0,1,0,0,0,0,0,0,0,0,0
8.455192927074356e-07,5,14,3,0,1,0,0,0,0,1,0,0,0,0,0,0,0,0,0
0.0,5,14,2,0,1,0,0,0,0,1,0,0,0,0,0,0,0,0,0
7.097424719806941e-07,5,17,3,0,1,1,0,0,0,1,0,0,0,0,0,0,0,0,0
0.0004665908727537777,5,8,2,0,1,0,0,0,0,1,0,0,0,0,0,0,0,0,0
0.0,5,11,2,0,1,0,0,0,0,1,0,0,0,0,0,0,0,0,0
7.220858193194887e-07,5,12,2,0,1,0,0,0,0,1,0,0,0,0,0,0,0,0,0
0.0,5,18,3,0,1,0,0,0,0,1,0,0,0,0,0,0,0,0,0
0.0012553307677027577,5,15,3,0,1,0,0,0,0,1,0,0,0,0,0,0,0,0,0
0.0007288870037031646,4,15,3,0,1,0,0,0,0,1,0,0,0,0,0,0,0,0,0
1.0244978291199585e-06,3,24,3,0,0,0,0,0,0,1,0,0,0,0,0,0,0,0,0
8.208325980298462e-07,5,39,6,0,1,0,0,0,0,1,0,0,0,0,0,0,0,0,0
9.504377450871902e-07,5,10,2,0,1,0,0,0,0,1,0,0,0,0,0,0,0,0,0
0.0005221359357783537,5,14,2,0,1,0,0,0,0,1,0,0,0,0,0,0,0,0,0
6.295107142785287e-07,5,14,3,0,1,0,0,0,0,1,0,0,0,0,0,0,0,0,0
0.0,5,14,2,0,1,0,0,0,0,1,0,0,0,0,0,0,0,0,0
0.0007406131836750197,4,14,3,0,1,0,0,0,0,1,0,0,0,0,0,0,0,0,0
6.54197408956118e-07,5,15,2,0,1,0,0,0,0,1,0,0,0,0,0,0,0,0,0
1.3022231442428387e-06,5,12,2,0,1,0,0,0,0,1,0,0,0,0,0,0,0,0,0
0.0004888088979636082,4,17,3,0,1,0,0,0,0,1,0,0,0,0,0,0,0,0,0
0.0008165247698086068,3,66,8,0,0,0,0,0,0,1,0,0,0,0,0,0,0,0,0
0.0004665908727537777,2,12,1,0,1,0,0,0,0,1,0,0,0,0,0,0,0,0,0
0.0007714715520220063,3,84,9,0,1,0,0,0,0,1,0,0,0,0,0,0,0,0,0
0.0008640466570629664,3,17,2,0,0,0,0,0,0,1,0,0,0,0,0,0,0,0,0
4.937338935517872e-07,5,14,2,0,1,0,0,0,0,1,0,0,0,0,0,0,0,0,0
0.0009257633937569398,1,7,1,0,0,0,0,0,0,1,0,0,0,0,0,0,0,0,0
9.751244397647797e-07,5,17,3,0,1,0,0,0,0,1,0,0,0,0,0,0,0,0,0
0.0009257633937569398,5,10,2,0,1,0,0,0,0,1,0,0,0,0,0,0,0,0,0
9.25751050409601e-07,5,17,2,0,1,0,0,0,0,1,0,0,0,0,0,0,0,0,0
0.0010720320597216568,5,13,2,0,1,0,0,0,0,1,0,0,0,0,0,0,0,0,0
0.00021809460412916317,1,22,4,0,0,0,0,0,0,1,0,0,0,0,0,0,0,0,0
0.0005554629735930994,5,59,9,0,1,0,0,0,0,1,0,0,0,0,0,0,0,0,0
0.0004999179105685234,5,14,3,0,1,0,0,0,0,1,0,0,0,0,0,0,0,0,0
0.0004443728475439473,5,37,6,0,1,0,0,0,0,1,0,0,0,0,0,0,0,0,0
0.0010862269091612706,4,10,2,0,1,0,0,0,0,1,0,0,0,0,0,0,0,0,0
0.0005554629735930994,5,14,2,0,1,0,0,0,0,1,0,0,0,0,0,0,0,0,0
0.0007714715520220063,5,11,2,0,1,0,0,0,0,1,0,0,0,0,0,0,0,0,0
0.000744316187876658,4,26,5,0,1,0,0,0,0,1,0,0,0,0,0,0,0,0,0
0.00030551018998250715,3,35,4,0,0,0,0,0,0,1,0,0,0,0,0,0,0,0,0
0.0005443539609881842,5,13,2,0,1,0,0,0,0,1,0,0,0,0,0,0,0,0,0
0.0,5,11,2,0,1,0,0,0,0,1,0,0,0,0,0,0,0,0,0
9.380943977483956e-07,5,12,3,0,1,0,0,0,0,1,0,0,0,0,0,0,0,0,0
0.0011726303405328333,3,12,2,0,0,0,0,0,0,1,0,0,0,0,0,0,0,0,0
0.00039993679712428643,5,38,6,0,1,0,0,0,0,1,0,0,0,0,0,0,0,0,0
0.0008640466570629664,5,20,4,0,1,0,0,0,0,1,0,0,0,0,0,0,0,0,0
0.0007406131836750196,5,11,2,0,1,0,0,0,0,1,0,0,0,0,0,0,0,0,0
0.0008554063139258101,5,13,3,0,1,0,0,0,0,1,0,0,0,0,0,0,0,0,0
1.2651931022264546e-06,5,12,3,0,1,0,0,0,0,1,0,0,0,0,0,0,0,0,0
9.380943977483956e-07,5,10,2,0,1,0,0,0,0,1,0,0,0,0,0,0,0,0,0
0.0005443539609881842,5,16,2,0,1,0,0,0,0,1,0,0,0,0,0,0,0,0,0
6.295107142785287e-07,5,11,2,0,1,0,0,0,0,1,0,0,0,0,0,0,0,0,0
0.00039993679712428643,1,13,2,0,0,0,0,0,0,1,0,0,0,0,0,0,0,0,0
0.00039993679712428643,1,13,2,0,0,0,0,0,0,1,0,0,0,0,0,0,0,0,0
0.0010333665241828824,1,36,5,0,1,0,0,0,0,1,0,0,0,0,0,0,0,0,0
1.018326155450561e-06,3,23,4,0,0,0,0,0,0,1,0,0,0,0,0,0,0,0,0
8.455192927074356e-07,5,14,2,0,1,0,0,0,0,1,0,0,0,0,0,0,0,0,0
0.0006998801374569971,2,12,1,0,1,0,0,0,0,1,0,0,0,0,0,0,0,0,0
0.00040549130342674403,4,98,9,0,1,0,1,0,0,1,0,0,0,0,0,0,0,0,0
0.0007220981626668276,5,17,3,0,1,1,0,0,0,1,0,0,0,0,0,0,0,0,0
0.000588790011407845,3,29,4,0,1,0,0,0,0,1,0,0,0,0,0,0,0,0,0
8.455192927074356e-07,5,13,3,0,1,0,0,0,0,1,0,0,0,0,0,0,0,0,0
0.0004591848643505009,5,12,2,0,1,0,0,0,0,1,0,0,0,0,0,0,0,0,0
0.0010183384987978998,5,12,2,0,1,0,0,0,0,1,0,0,0,0,0,0,0,0,0
0.0004999179105685234,5,13,3,0,1,0,0,0,0,1,0,0,0,0,0,0,0,0,0
0.0012167578072690244,3,20,3,0,1,0,0,0,0,1,0,0,0,0,0,0,0,0,0
1.1664463235160971e-06,5,9,2,0,1,0,0,0,0,1,0,0,0,0,0,0,0,0,0
1.400969922953196e-06,5,40,7,0,1,0,0,0,0,1,0,0,0,0,0,0,0,0,0
1.1849613445242893e-06,5,14,2,0,1,0,0,0,0,1,0,0,0,0,0,0,0,0,0
0.0004443728475439473,5,73,11,0,1,0,0,0,0,1,0,0,0,0,0,0,0,0,0
0.0007665342130864884,3,27,4,0,0,0,0,0,0,1,0,0,0,0,0,0,0,0,0
1.2960514705734414e-06,5,10,2,0,1,0,0,0,0,1,0,0,0,0,0,0,0,0,0
0.0008054157572036916,5,51,8,0,1,0,1,0,0,1,0,0,0,0,0,0,0,0,0
0.0009566217621039265,5,11,2,0,1,0,0,0,0,1,0,0,0,0,0,0,0,0,0
8.023175770216541e-07,5,12,2,0,1,0,0,0,0,1,0,0,0,0,0,0,0,0,0
0.000802329920368993,1,13,2,0,0,0,0,0,0,1,0,0,0,0,0,0,0,0,0
0.0005986646892788808,5,11,2,0,1,0,0,0,0,1,0,0,0,0,0,0,0,0,0
0.0014503556556557137,3,62,8,0,1,0,0,0,0,1,0,0,0,0,0,0,0,0,0
1.4626866596471696e-06,1,14,3,0,0,0,0,0,0,1,0,0,0,0,0,0,0,0,0
0.0012343470772268068,5,12,3,0,1,0,0,0,0,1,0,0,0,0,0,0,0,0,0
1.0676995448057397e-06,5,13,2,0,1,0,0,0,0,1,0,0,0,0,0,0,0,0,0
0.0005554629735930994,5,11,2,0,1,0,0,0,0,1,0,0,0,0,0,0,0,0,0
0.0005221359357783537,5,20,3,0,1,0,0,0,0,1,0,0,0,0,0,0,0,0,0
0.0004888088979636082,5,12,2,0,1,0,0,0,0,1,0,0,0,0,0,0,0,0,0
8.640343137156275e-07,5,11,2,0,1,0,0,0,0,1,0,0,0,0,0,0,0,0,0
9.380943977483956e-07,5,15,2,0,1,0,0,0,0,1,0,0,0,0,0,0,0,0,0
7.406008403276808e-07,5,12,3,0,1,0,0,0,0,1,0,0,0,0,0,0,0,0,0
0.0007035214249219416,1,8,2,0,1,0,0,0,0,1,0,0,0,0,0,0,0,0,0
0.0006943256311545395,3,36,5,0,0,0,0,0,0,1,0,0,0,0,0,0,0,0,0
0.0008711749401511203,5,42,6,0,1,0,0,0,0,1,0,0,0,0,0,0,0,0,0
0.0013577805506147535,5,59,10,0,1,0,1,0,0,1,0,0,0,0,0,0,0,0,0
5.245922618987739e-07,5,14,2,0,1,0,0,0,0,1,0,0,0,0,0,0,0,0,0
0.0004443728475439473,5,96,15,0,1,0,0,0,0,1,0,0,0,0,0,0,0,0,0
8.270042716992435e-07,5,13,2,0,1,0,0,0,0,1,0,0,0,0,0,0,0,0,0
9.25751050409601e-07,5,11,2,0,1,0,0,0,0,1,0,0,0,0,0,0,0,0,0
0.00042956083073739364,5,42,8,0,1,0,1,0,0,1,0,0,0,0,0,0,0,0,0
8.763776610544222e-07,5,11,2,0,1,0,0,0,0,1,0,0,0,0,0,0,0,0,0
0.0009186906557318104,1,59,9,0,1,0,0,0,0,1,0,0,0,0,0,0,0,0,0
0.0008183762719094261,1,14,3,0,0,0,0,0,0,1,0,0,0,0,0,0,0,0,0
0.0014503556556557137,3,38,5,0,0,0,0,0,0,1,0,0,0,0,0,0,0,0,0
8.146609243604488e-07,5,11,2,0,1,0,0,0,0,1,0,0,0,0,0,0,0,0,0
1.4626866596471696e-06,5,12,3,0,1,0,0,0,0,1,0,0,0,0,0,0,0,0,0
0.0009701994441766006,1,13,2,0,0,0,0,0,0,1,0,0,0,0,0,0,0,0,0
0.0004554818601488625,5,12,2,0,1,0,0,0,0,1,0,0,0,0,0,0,0,0,0
0.0010059951514591052,1,8,2,0,0,0,0,0,0,1,0,0,0,0,0,0,0,0,0
0.0004443728475439473,5,13,2,0,1,0,0,0,0,1,0,0,0,0,0,0,0,0,0
0.0005998990240127603,2,30,4,0,1,0,0,0,0,1,0,0,0,0,0,0,0,0,0
0.0005776809988029298,5,9,2,0,1,0,0,0,0,1,0,0,0,0,0,0,0,0,0
1.2651931022264546e-06,5,12,3,0,1,0,0,0,0,1,0,0,0,0,0,0,0,0,0
9.195793767402036e-07,5,10,2,0,1,0,0,0,0,1,0,0,0,0,0,0,0,0,0
0.0009701994441766006,1,12,2,0,0,0,0,0,0,1,0,0,0,0,0,0,0,0,0
0.0008118034394515179,5,39,6,0,1,0,0,0,0,1,0,0,0,0,0,0,0,0,0
1.036841176458753e-06,5,11,2,0,1,0,0,0,0,1,0,0,0,0,0,0,0,0,0
0.0004443728475439473,1,12,1,0,1,0,0,0,0,1,0,0,0,0,0,0,0,0,0
0.000999823477789708,5,57,11,0,1,0,1,0,0,1,0,0,0,0,0,0,0,0,0
0.0005585488104277981,3,-115,14,0,1,0,0,0,0,1,0,0,0,0,0,0,0,0,0
7.529441876664754e-07,5,16,2,0,1,0,0,0,0,1,0,0,0,0,0,0,0,0,0
0.0008554063139258101,5,10,2,0,1,0,0,0,0,1,0,0,0,0,0,0,0,0,0
0.0009109513769503862,5,48,9,0,1,0,0,0,0,1,0,0,0,0,0,0,0,0,0
6.850557773031047e-07,5,14,3,0,1,0,0,0,0,1,0,0,0,0,0,0,0,0,0
0.0007406131836750196,4,15,3,0,1,0,0,0,0,1,0,0,0,0,0,0,0,0,0
3.8264376750263507e-07,4,24,4,0,1,0,0,0,0,1,0,0,0,0,0,0,0,0,0
0.0011170852775082573,3,46,7,0,1,0,0,0,0,1,0,0,0,0,0,0,0,0,0
0.0009627934357733239,1,13,2,0,0,1,0,0,0,1,0,0,0,0,0,0,0,0,0
7.406008403276808e-07,5,15,2,0,1,0,0,0,0,1,0,0,0,0,0,0,0,0,0
0.0005221359357783537,5,11,2,0,1,0,0,0,0,1,0,0,0,0,0,0,0,0,0
0.0006591470912389747,4,78,11,0,1,0,1,0,0,1,0,0,0,0,0,0,0,0,0
0.0008054157572036916,5,59,10,0,1,0,1,0,0,1,0,0,0,0,0,0,0,0,0
0.0005665719861980146,5,14,2,0,1,0,0,0,0,1,0,0,0,0,0,0,0,0,0
0.0008665153265307253,5,11,2,0,1,0,0,0,0,1,0,0,0,0,0,0,0,0,0
0.0006554440870373364,5,16,3,0,1,0,0,0,0,1,0,0,0,0,0,0,0,0,0
8.640343137156275e-07,5,15,3,0,1,0,0,0,0,1,0,0,0,0,0,0,0,0,0
0.0007887522382963189,5,10,2,0,1,0,0,0,0,1,0,0,0,0,0,0,0,0,0
0.0012855719686828047,3,101,12,0,0,0,0,0,0,1,0,0,0,0,0,0,0,0,0
7.529441876664754e-07,5,16,2,0,1,0,0,0,0,1,0,0,0,0,0,0,0,0,0
1.5120600490023483e-06,5,19,3,0,1,0,0,0,0,1,0,0,0,0,0,0,0,0,0
0.0005554629735930994,4,14,3,0,1,0,0,0,0,1,0,0,0,0,0,0,0,0,0
0.0005332449483832689,5,13,3,0,1,0,0,0,0,1,0,0,0,0,0,0,0,0,0
9.504377450871902e-07,5,12,3,0,1,0,0,0,0,1,0,0,0,0,0,0,0,0,0
0.0005554629735930994,4,14,3,0,1,0,0,0,0,1,0,0,0,0,0,0,0,0,0
6.850557773031047e-07,5,13,2,0,1,0,0,0,0,1,0,0,0,0,0,0,0,0,0
0.0008640466570629664,5,11,2,0,1,0,0,0,0,1,0,0,0,0,0,0,0,0,0
0.0012960638139207802,5,47,9,0,1,0,1,0,0,1,0,0,0,0,0,0,0,0,0
0.00035550074670462556,5,84,12,0,1,0,0,0,0,1,0,0,0,0,0,0,0,0,0
0.0006171797102870728,5,11,2,0,1,0,0,0,0,1,0,0,0,0,0,0,0,0,0
7.652875350052701e-07,5,12,2,0,1,0,0,0,0,1,0,0,0,0,0,0,0,0,0
9.134077030708062e-07,5,15,3,0,1,0,0,0,0,1,0,0,0,0,0,0,0,0,0
0.0007348611838151412,3,20,3,0,0,0,0,0,0,1,0,0,0,0,0,0,0,0,0
0.0003666097593095408,5,10,2,0,1,0,0,0,0,1,0,0,0,0,0,0,0,0,0
0.0004888088979636082,5,39,8,0,1,0,0,0,0,1,0,0,0,0,0,0,0,0,0
0.000987480130450913,4,23,4,0,1,0,0,0,0,1,0,0,0,0,0,0,0,0,0
0.001036853519806092,1,9,1,0,0,0,0,0,0,1,0,0,0,0,0,0,0,0,0
8.640343137156275e-07,3,29,4,0,0,1,0,0,0,1,0,0,0,0,0,0,0,0,0
0.0009010766990793504,3,45,6,0,1,0,0,0,0,1,0,0,0,0,0,0,0,0,0
0.0008146732677077877,1,6,1,0,0,0,0,0,0,1,0,0,0,0,0,0,0,0,0
0.0027772654945761414,5,10,2,0,1,0,0,0,0,1,0,0,0,0,0,0,0,0,0
1.0615278711363424e-06,5,12,3,0,1,0,0,0,0,1,0,0,0,0,0,0,0,0,0
0.0011720131731658937,1,9,1,0,0,0,0,0,0,1,0,0,0,0,0,0,0,0,0
0.0004888088979636082,4,16,5,0,1,0,0,0,0,1,0,0,0,0,0,0,0,0,0
0.0008517033097241718,5,11,2,0,1,0,0,0,0,1,0,0,0,0,0,0,0,0,0
7.652875350052701e-07,5,11,3,0,1,0,0,0,0,1,0,0,0,0,0,0,0,0,0
0.0005443539609881842,5,14,2,0,1,0,0,0,0,1,0,0,0,0,0,0,0,0,0
6.91227450972502e-07,1,13,2,0,0,0,0,0,0,1,0,0,0,0,0,0,0,0,0
8.146609243604488e-07,5,24,4,0,1,1,0,0,0,1,0,0,0,0,0,0,0,0,0
0.0004641222032860188,4,21,4,0,1,0,0,0,0,1,0,0,0,0,0,0,0,0,0
5.245922618987739e-07,5,11,2,0,1,0,0,0,0,1,0,0,0,0,0,0,0,0,0
0.0007887522382963189,5,29,5,0,1,0,0,0,0,1,0,0,0,0,0,0,0,0,0
0.0011220226164437752,3,21,2,0,0,0,0,0,0,1,0,0,0,0,0,0,0,0,0
0.001036853519806092,1,28,4,0,0,0,0,0,0,1,0,0,0,0,0,0,0,0,0
0.0007332071752717428,5,13,2,0,1,0,0,0,0,1,0,0,0,0,0,0,0,0,0
0.000983159958882335,3,35,4,0,0,0,0,0,0,1,0,0,0,0,0,0,0,0,0
0.0006832166185496243,5,12,3,0,1,0,0,0,0,1,0,0,0,0,0,0,0,0,0
0.00039993679712428643,5,11,2,0,1,0,0,0,0,1,0,0,0,0,0,0,0,0,0
0.000505472416870981,5,43,9,0,1,0,1,0,0,1,0,0,0,0,0,0,0,0,0
9.380943977483956e-07,5,15,2,0,1,0,0,0,0,1,0,0,0,0,0,0,0,0,0
0.0007554252004815732,5,14,2,0,1,0,0,0,0,1,0,0,0,0,0,0,0,0,0
0.0009381067410957344,1,11,2,0,1,0,0,0,0,1,0,0,0,0,0,0,0,0,0
0.0008387427950184373,4,101,15,0,1,0,1,0,0,1,0,0,0,0,0,0,0,0,0
0.0007776432256914037,5,11,2,0,1,0,0,0,0,1,0,0,0,0,0,0,0,0,0
0.0007332071752717428,5,13,2,0,1,0,0,0,0,1,0,0,0,0,0,0,0,0,0
0.0005554629735930994,5,13,2,0,1,0,0,0,0,1,0,0,0,0,0,0,0,0,0
0.0011417719721858468,5,13,2,0,1,0,0,0,0,1,0,0,0,0,0,0,0,0,0
0.0007899865730301983,3,36,4,0,0,0,0,0,0,1,0,0,0,0,0,0,0,0,0
1.8947038165049834e-06,5,10,2,0,1,0,0,0,0,1,0,0,0,0,0,0,0,0,0
0.0012343470772268068,5,13,2,0,1,0,0,0,0,1,0,0,0,0,0,0,0,0,0
0.00042215482233411687,5,11,2,0,1,0,0,0,0,1,0,0,0,0,0,0,0,0,0
1.0615278711363424e-06,5,17,3,0,1,0,0,0,0,1,0,0,0,0,0,0,0,0,0
0.0004443728475439473,5,12,2,0,1,0,0,0,0,1,0,0,0,0,0,0,0,0,0
0.0,5,55,7,0,1,0,0,0,0,1,0,0,0,0,0,0,0,0,0
0.0006295230576258675,5,15,3,0,1,0,0,0,0,1,0,0,0,0,0,0,0,0,0
0.00039993679712428643,5,11,2,0,1,0,0,0,0,1,0,0,0,0,0,0,0,0,0
0.0010164869966970806,1,7,1,0,0,0,0,0,0,1,0,0,0,0,0,0,0,0,0
0.0008331882887159797,3,28,5,0,1,0,0,0,0,1,0,0,0,0,0,0,0,0,0
6.665407562949127e-07,5,12,3,0,1,0,0,0,0,1,0,0,0,0,0,0,0,0,0
0.0010220415029995383,5,17,2,0,1,0,0,0,0,1,0,0,0,0,0,0,0,0,0
0.0008331882887159797,3,28,5,0,1,0,0,0,0,1,0,0,0,0,0,0,0,0,0
9.072360294014089e-07,5,10,2,0,1,0,0,0,0,1,0,0,0,0,0,0,0,0,0
0.0005110269231734386,5,10,2,0,1,0,0,0,0,1,0,0,0,0,0,0,0,0,0
0.0004665908727537777,5,14,2,0,1,0,0,0,0,1,0,0,0,0,0,0,0,0,0
4.813905462129924e-07,5,46,7,0,1,0,0,0,0,1,0,0,0,0,0,0,0,0,0
0.00022219259544564303,3,29,4,0,0,0,0,0,0,1,0,0,0,0,0,0,0,0,0
0.0007276526689692852,5,11,2,0,1,0,0,0,0,1,0,0,0,0,0,0,0,0,0
0.0005221359357783537,5,42,7,0,1,0,1,0,0,1,0,0,0,0,0,0,0,0,0
4.406574999949701e-06,5,16,3,0,1,0,0,0,0,1,0,0,0,0,0,0,0,0,0
0.0009257633937569398,1,7,1,0,0,0,0,0,0,1,0,0,0,0,0,0,0,0,0
0.0008949050254099531,5,21,4,0,1,0,1,0,0,1,0,0,0,0,0,0,0,0,0
0.0008468585458936948,1,18,2,0,0,0,0,0,0,1,0,0,0,0,0,0,0,0,0
0.0005110269231734386,5,15,2,0,1,0,0,0,0,1,0,0,0,0,0,0,0,0,0
6.54197408956118e-07,5,42,6,0,1,0,0,0,0,1,0,0,0,0,0,0,0,0,0
1.0121544817811636e-06,5,37,6,0,1,0,0,0,0,1,0,0,0,0,0,0,0,0,0
0.0009701994441766006,1,11,2,0,0,0,0,0,0,1,0,0,0,0,0,0,0,0,0
0.0005998990240127603,5,11,2,0,1,0,0,0,0,1,0,0,0,0,0,0,0,0,0
6.91227450972502e-07,5,12,3,0,1,0,0,0,0,1,0,0,0,0,0,0,0,0,0
8.331759453686408e-07,2,3,1,0,0,0,0,0,0,1,0,0,0,0,0,0,0,0,0
9.134077030708062e-07,5,13,2,0,1,0,0,0,0,1,0,0,0,0,0,0,0,0,0
0.0004665908727537777,5,43,7,0,1,0,0,0,0,1,0,0,0,0,0,0,0,0,0
0.0004582591133000913,1,8,1,0,0,0,0,0,0,1,0,0,0,0,0,0,0,0,0
0.0005801496682706888,3,24,3,0,0,0,0,0,0,1,0,0,0,0,0,0,0,0,0
0.0012960638139207802,5,47,9,0,1,0,1,0,0,1,0,0,0,0,0,0,0,0,0
8.331759453686408e-07,5,11,2,0,1,0,0,0,0,1,0,0,0,0,0,0,0,0,0
0.00038882778451937124,5,11,2,0,1,0,0,0,0,1,0,0,0,0,0,0,0,0,0
1.4626866596471696e-06,5,12,3,0,1,0,0,0,0,1,0,0,0,0,0,0,0,0,0
0.00042215482233411687,5,10,2,0,1,0,0,0,0,1,0,0,0,0,0,0,0,0,0
0.0018823728125135274,1,6,1,0,0,0,0,0,0,1,0,0,0,0,0,0,0,0,0
8.825493347238196e-07,5,15,3,0,1,0,0,0,0,1,0,0,0,0,0,0,0,0,0
9.380943977483956e-07,5,8,2,0,1,0,0,0,0,1,0,0,0,0,0,0,0,0,0
0.0021600981276364076,5,10,2,0,1,0,0,0,0,1,0,0,0,0,0,0,0,0,0
1.4626866596471696e-06,5,12,3,0,1,0,0,0,0,1,0,0,0,0,0,0,0,0,0
0.0004999179105685234,3,23,3,0,0,0,0,0,0,1,0,0,0,0,0,0,0,0,0
0.0,5,120,16,0,1,0,1,0,0,1,0,0,0,0,0,0,0,0,0
0.0008109702635061492,5,13,3,0,1,0,0,0,0,1,0,0,0,0,0,0,0,0,0
0.0011417719721858468,5,12,3,0,1,0,0,0,0,1,0,0,0,0,0,0,0,0,0
1.25284975488766e-06,5,12,3,0,1,0,0,0,0,1,0,0,0,0,0,0,0,0,0
9.936394607729717e-07,5,15,3,0,1,0,0,0,0,1,0,0,0,0,0,0,0,0,0
1.2343347338794678e-06,5,12,3,0,1,0,0,0,0,1,0,0,0,0,0,0,0,0,0
1.5737767856963217e-06,5,15,3,0,1,0,0,0,0,1,0,0,0,0,0,0,0,0,0
0.0004968320737338247,3,26,3,0,0,0,0,0,0,1,0,0,0,0,0,0,0,0,0
0.0005869385093070259,3,23,3,0,0,0,0,0,0,1,0,0,0,0,0,0,0,0,0
0.0004258578265357553,1,25,3,0,1,0,0,0,0,1,0,0,0,0,0,0,0,0,0
0.0005554629735930994,3,97,12,0,0,0,0,0,0,1,0,0,0,0,0,0,0,0,0
0.0009701994441766006,1,10,2,0,1,0,0,0,0,1,0,0,0,0,0,0,0,0,0
0.0006752551595161018,1,12,2,0,1,0,0,0,0,1,0,0,0,0,0,0,0,0,0
0.0010106856234478473,1,16,1,0,0,0,0,0,0,1,0,0,0,0,0,0,0,0,0
6.91227450972502e-07,1,13,2,0,0,0,0,0,0,1,0,0,0,0,0,0,0,0,0
0.0010184619322712877,5,40,6,0,1,0,0,0,0,1,0,0,0,0,0,0,0,0,0
9.380943977483956e-07,5,10,2,0,1,0,0,0,0,1,0,0,0,0,0,0,0,0,0
0.0007097548153280329,4,36,4,0,1,0,0,0,0,1,0,0,0,0,0,0,0,0,0
1.1849613445242893e-06,5,10,2,0,1,0,0,0,0,1,0,0,0,0,0,0,0,0,0
0.0008887333517405558,5,44,8,0,1,0,1,0,0,1,0,0,0,0,0,0,0,0,0
7.899742296828595e-07,5,10,2,0,1,0,0,0,0,1,0,0,0,0,0,0,0,0,0
0.00039993679712428643,5,11,2,0,1,0,0,0,0,1,0,0,0,0,0,0,0,0,0
0.0,1,75,10,0,1,0,1,0,0,1,0,0,0,0,0,0,0,0,0
0.0013284651006851163,5,37,8,0,1,0,1,0,0,1,0,0,0,0,0,0,0,0,0
0.0005554629735930994,5,14,3,0,1,0,0,0,0,1,0,0,0,0,0,0,0,0,0
1.1232446078303157e-06,5,15,2,0,1,0,0,0,0,1,0,0,0,0,0,0,0,0,0
1.2837081232346466e-06,5,8,2,0,1,0,0,0,0,1,0,0,0,0,0,0,0,0,0
0.00039993679712428643,5,12,2,0,1,0,0,0,0,1,0,0,0,0,0,0,0,0,0
1.1849613445242893e-06,1,14,3,0,0,0,0,0,0,1,0,0,0,0,0,0,0,0,0
0.0007714715520220063,5,-83,30,0,1,0,0,0,0,1,0,0,0,0,0,0,0,0,0
0.0008387427950184373,5,39,7,0,1,0,1,0,0,1,0,0,0,0,0,0,0,0,0
0.0005328129312264112,1,26,4,0,0,0,0,0,0,1,0,0,0,0,0,0,0,0,0
0.0013284651006851163,5,37,8,0,1,0,1,0,0,1,0,0,0,0,0,0,0,0,0
0.000899842364345471,1,18,2,0,0,0,0,0,0,1,0,0,0,0,0,0,0,0,0
0.0011720131731658937,1,34,5,0,0,0,0,0,0,1,0,0,0,0,0,0,0,0,0
0.0008387427950184373,1,10,2,0,1,0,0,0,0,1,0,0,0,0,0,0,0,0,0
9.072360294014089e-07,5,12,2,0,1,0,0,0,0,1,0,0,0,0,0,0,0,0,0
0.0010106856234478473,1,16,1,0,0,0,0,0,0,1,0,0,0,0,0,0,0,0,0
6.295107142785287e-07,5,20,3,0,1,0,0,0,0,1,0,0,0,0,0,0,0,0,0
5.184205882293765e-07,5,10,2,0,1,0,0,0,0,1,0,0,0,0,0,0,0,0,0
0.00039993679712428643,5,93,15,0,1,0,0,0,0,1,0,0,0,0,0,0,0,0,0
7.652875350052701e-07,5,14,2,0,1,0,0,0,0,1,0,0,0,0,0,0,0,0,0
6.295107142785287e-07,5,13,2,0,1,0,0,0,0,1,0,0,0,0,0,0,0,0,0
1.0923862394833291e-06,5,12,2,0,1,0,0,0,0,1,0,0,0,0,0,0,0,0,0
0.0012343470772268068,3,24,3,0,0,0,0,0,0,1,0,0,0,0,0,0,0,0,0
7.344291666582834e-07,5,14,2,0,1,0,0,0,0,1,0,0,0,0,0,0,0,0,0
8.578626400462302e-07,3,23,4,0,0,0,0,0,0,1,0,0,0,0,0,0,0,0,0
6.418540616173233e-07,5,39,7,0,1,0,0,0,0,1,0,0,0,0,0,0,0,0,0
0.0009776054525798775,3,39,6,0,1,0,1,0,0,1,0,0,0,0,0,0,0,0,0
0.0008549434384006054,5,15,3,0,1,0,0,0,0,1,0,0,0,0,0,0,0,0,0
0.0005641033167302557,5,43,10,0,1,0,1,0,0,1,0,0,0,0,0,0,0,0,0
0.0005431196262543047,5,8,2,0,1,0,0,0,0,1,0,0,0,0,0,0,0,0,0
1.3330815125898253e-06,5,15,3,0,1,0,0,0,0,1,0,0,0,0,0,0,0,0,0
9.936394607729717e-07,5,15,3,0,1,0,0,0,0,1,0,0,0,0,0,0,0,0,0
9.936394607729717e-07,5,15,3,0,1,0,0,0,0,1,0,0,0,0,0,0,0,0,0
1.2158197128712759e-06,5,15,3,0,1,0,0,0,0,1,0,0,0,0,0,0,0,0,0
0.000783814899360801,3,35,4,0,0,0,0,0,0,1,0,0,0,0,0,0,0,0,0
0.0003332827214947952,5,58,9,0,1,0,0,0,0,1,0,0,0,0,0,0,0,0,0
1.8021287114640232e-06,5,12,2,0,1,0,0,0,0,1,0,0,0,0,0,0,0,0,0
0.0,5,14,2,0,1,0,0,0,0,1,0,0,0,0,0,0,0,0,0
0.0008554063139258101,5,10,2,0,1,0,0,0,0,1,0,0,0,0,0,0,0,0,0
7.344291666582834e-07,5,14,3,0,1,0,0,0,0,1,0,0,0,0,0,0,0,0,0
8.640343137156275e-07,5,11,2,0,1,0,0,0,0,1,0,0,0,0,0,0,0,0,0
1.0923862394833291e-06,5,12,3,0,1,0,0,0,0,1,0,0,0,0,0,0,0,0,0
1.308394817912236e-06,5,12,3,0,1,0,0,0,0,1,0,0,0,0,0,0,0,0,0
9.689527660953824e-07,1,13,2,0,0,0,0,0,0,1,0,0,0,0,0,0,0,0,0
0.0004999179105685234,5,13,3,0,1,0,0,0,0,1,0,0,0,0,0,0,0,0,0
8.887210083932169e-07,5,12,2,0,1,0,0,0,0,1,0,0,0,0,0,0,0,0,0
0.0007220981626668276,5,12,3,0,1,0,0,0,0,1,0,0,0,0,0,0,0,0,0
0.0005433664932010807,3,19,4,0,1,0,1,0,0,1,0,0,0,0,0,0,0,0,0
0.0007276526689692852,5,14,2,0,1,0,0,0,0,1,0,0,0,0,0,0,0,0,0
8.270042716992435e-07,5,18,3,0,1,0,0,0,0,1,0,0,0,0,0,0,0,0,0
0.0007406131836750196,3,26,2,0,0,0,0,0,0,1,0,0,0,0,0,0,0,0,0
0.0007406131836750196,3,26,2,0,0,0,0,0,0,1,0,0,0,0,0,0,0,0,0
0.0005332449483832689,5,10,2,0,1,0,0,0,0,1,0,0,0,0,0,0,0,0,0
0.0006788964469810462,2,3,1,0,0,0,0,0,0,1,0,0,0,0,0,0,0,0,0
9.99811134442369e-07,5,12,3,0,1,0,0,0,0,1,0,0,0,0,0,0,0,0,0
0.0007887522382963189,5,9,2,0,1,0,0,0,0,1,0,0,0,0,0,0,0,0,0
8.948926820626142e-07,5,15,2,0,1,0,0,0,0,1,0,0,0,0,0,0,0,0,0
1.0121544817811636e-06,5,11,2,0,1,0,0,0,0,1,0,0,0,0,0,0,0,0,0
9.99811134442369e-07,5,59,10,0,1,0,0,0,0,1,0,0,0,0,0,0,0,0,0
0.0006665530996422515,2,19,3,0,0,0,1,0,0,1,0,0,0,0,0,0,0,0,0
1.1541029761773025e-06,5,10,2,0,1,0,0,0,0,1,0,0,0,0,0,0,0,0,0
0.00111091360383886,5,15,3,0,1,0,0,0,0,1,0,0,0,0,0,0,0,0,0
9.99811134442369e-07,5,15,2,0,1,0,0,0,0,1,0,0,0,0,0,0,0,0,0
8.763776610544222e-07,5,12,2,0,1,0,0,0,0,1,0,0,0,0,0,0,0,0,0
0.0007054346437594547,5,11,3,0,1,0,0,0,0,1,0,0,0,0,0,0,0,0,0
0.00047769988535869293,5,15,2,0,1,0,0,0,0,1,0,0,0,0,0,0,0,0,0
7.344291666582834e-07,5,14,3,0,1,0,0,0,0,1,0,0,0,0,0,0,0,0,0
0.0007887522382963189,5,12,2,0,1,0,0,0,0,1,0,0,0,0,0,0,0,0,0
8.146609243604488e-07,5,41,6,0,1,0,0,0,0,1,0,0,0,0,0,0,0,0,0
0.000899842364345471,5,12,3,0,1,0,0,0,0,1,0,0,0,0,0,0,0,0,0
0.00043684340566728255,1,17,1,0,1,0,0,0,0,1,0,0,0,0,0,0,0,0,0
7.529441876664754e-07,5,10,2,0,1,0,0,0,0,1,0,0,0,0,0,0,0,0,0
0.000744316187876658,5,10,2,0,1,0,0,0,0,1,0,0,0,0,0,0,0,0,0
6.91227450972502e-07,5,13,3,0,1,0,0,0,0,1,0,0,0,0,0,0,0,0,0
0.0005221359357783537,5,10,2,0,1,0,0,0,0,1,0,0,0,0,0,0,0,0,0
0.0004665908727537777,5,17,3,0,1,0,0,0,0,1,0,0,0,0,0,0,0,0,0
0.0007220981626668276,5,10,2,0,1,0,0,0,0,1,0,0,0,0,0,0,0,0,0
0.0004772740398755045,1,17,1,0,1,0,0,0,0,1,0,0,0,0,0,0,0,0,0
0.0021600981276364076,5,37,8,0,1,0,1,0,0,1,0,0,0,0,0,0,0,0,0
0.0005665719861980146,5,13,2,0,1,0,0,0,0,1,0,0,0,0,0,0,0,0,0
9.380943977483956e-07,5,8,2,0,1,0,0,0,0,1,0,0,0,0,0,0,0,0,0
0.000987480130450913,3,18,4,0,0,0,0,0,0,1,0,0,0,0,0,0,0,0,0
0.0005554629735930994,5,12,2,0,1,0,0,0,0,1,0,0,0,0,0,0,0,0,0
7.220858193194887e-07,5,20,3,0,1,0,0,0,0,1,0,0,0,0,0,0,0,0,0
1.709553606423063e-06,5,10,2,0,1,0,0,0,0,1,0,0,0,0,0,0,0,0,0
0.0008387427950184373,5,39,7,0,1,0,1,0,0,1,0,0,0,0,0,0,0,0,0
0.0006665530996422515,5,10,2,0,1,0,0,0,0,1,0,0,0,0,0,0,0,0,0
0.00042215482233411687,5,11,2,0,1,0,0,0,0,1,0,0,0,0,0,0,0,0,0
1.1355879551691106e-06,5,57,9,0,1,0,0,0,0,1,0,0,0,0,0,0,0,0,0
6.295107142785287e-07,5,15,3,0,1,0,0,0,0,1,0,0,0,0,0,0,0,0,0
0.001036853519806092,1,7,2,0,0,0,0,0,0,1,0,0,0,0,0,0,0,0,0
1.6972102590842684e-06,5,10,2,0,1,0,0,0,0,1,0,0,0,0,0,0,0,0,0
1.3701115546062094e-06,5,10,2,0,1,0,0,0,0,1,0,0,0,0,0,0,0,0,0
0.0004554818601488625,5,23,4,0,1,0,0,0,0,1,0,0,0,0,0,0,0,0,0
9.134077030708062e-07,5,16,2,0,1,0,0,0,0,1,0,0,0,0,0,0,0,0,0
0.0021600981276364076,5,37,8,0,1,0,1,0,0,1,0,0,0,0,0,0,0,0,0
0.0004443728475439473,5,12,2,0,1,0,0,0,0,1,0,0,0,0,0,0,0,0,0
0.001036853519806092,1,7,1,0,0,0,0,0,0,1,0,0,0,0,0,0,0,0,0
8.763776610544222e-07,5,11,2,0,1,0,0,0,0,1,0,0,0,0,0,0,0,0,0
1.4935450279941562e-06,5,12,3,0,1,0,0,0,0,1,0,0,0,0,0,0,0,0,0
0.0004999179105685234,5,40,6,0,1,0,0,0,0,1,0,0,0,0,0,0,0,0,0
0.0006665530996422515,5,13,2,0,1,0,0,0,0,1,0,0,0,0,0,0,0,0,0
0.000918357385353663,3,35,4,0,0,0,0,0,0,1,0,0,0,0,0,0,0,0,0
6.480257352867206e-07,5,16,3,0,1,0,0,0,0,1,0,0,0,0,0,0,0,0,0
0.000999823477789708,5,12,2,0,1,0,0,0,0,1,0,0,0,0,0,0,0,0,0
0.0004999179105685234,5,56,8,0,1,0,0,0,0,1,0,0,0,0,0,0,0,0,0
0.001036853519806092,1,9,1,0,0,0,0,0,0,1,0,0,0,0,0,0,0,0,0
0.0004665908727537777,5,8,2,0,1,0,0,0,0,1,0,0,0,0,0,0,0,0,0
0.0007831977319938613,2,23,3,0,0,0,1,0,0,1,0,0,0,0,0,0,0,0,0
7.838025560134621e-07,5,11,2,0,1,0,0,0,0,1,0,0,0,0,0,0,0,0,0
0.0007220981626668276,5,12,2,0,1,0,0,0,0,1,0,0,0,0,0,0,0,0,0
9.072360294014089e-07,5,11,2,0,1,0,0,0,0,1,0,0,0,0,0,0,0,0,0
7.838025560134621e-07,5,11,2,0,1,0,0,0,0,1,0,0,0,0,0,0,0,0,0
7.838025560134621e-07,5,10,2,0,1,0,0,0,0,1,0,0,0,0,0,0,0,0,0
1.4626866596471696e-06,5,12,3,0,1,0,0,0,0,1,0,0,0,0,0,0,0,0,0
0.0006665530996422515,3,32,4,0,0,0,0,0,0,1,0,0,0,0,0,0,0,0,0
0.000377718771914456,5,10,2,0,1,0,0,0,0,1,0,0,0,0,0,0,0,0,0
1.709553606423063e-06,5,13,2,0,1,0,0,0,0,1,0,0,0,0,0,0,0,0,0
1.4935450279941562e-06,5,13,2,0,1,0,0,0,0,1,0,0,0,0,0,0,0,0,0
9.380943977483956e-07,5,13,2,0,1,0,0,0,0,1,0,0,0,0,0,0,0,0,0
8.084892506910514e-07,5,14,2,0,1,0,0,0,0,1,0,0,0,0,0,0,0,0,0
0.00015430418508227228,5,15,3,0,1,0,0,0,0,1,0,0,0,0,0,0,0,0,0
1.1232446078303157e-06,5,13,2,0,1,0,0,0,0,1,0,0,0,0,0,0,0,0,0
5.98652345931542e-07,5,15,3,0,1,0,0,0,0,1,0,0,0,0,0,0,0,0,0
1.2466780812182627e-06,5,41,7,0,1,0,0,0,0,1,0,0,0,0,0,0,0,0,0
0.0007776432256914037,5,11,2,0,1,0,0,0,0,1,0,0,0,0,0,0,0,0,0
0.0004554818601488625,5,10,2,0,1,0,0,0,0,1,0,0,0,0,0,0,0,0,0
7.899742296828595e-07,5,66,12,0,1,0,0,0,0,1,0,0,0,0,0,0,0,0,0
0.0005857041745731463,5,13,3,0,1,0,0,0,0,1,0,0,0,0,0,0,0,0,0
0.0007924552424979571,5,11,2,0,1,0,0,0,0,1,0,0,0,0,0,0,0,0,0
0.0007406131836750196,5,10,2,0,1,0,0,0,0,1,0,0,0,0,0,0,0,0,0
0.0007332071752717428,5,13,2,0,1,0,0,0,0,1,0,0,0,0,0,0,0,0,0
9.072360294014089e-07,5,13,2,0,1,0,0,0,0,1,0,0,0,0,0,0,0,0,0
8.146609243604488e-07,5,13,3,0,1,0,0,0,0,1,0,0,0,0,0,0,0,0,0
1.524403396341143e-06,5,12,3,0,1,0,0,0,0,1,0,0,0,0,0,0,0,0,0
0.0007720887193889461,3,37,5,0,0,1,0,0,0,1,0,0,0,0,0,0,0,0,0
0.0008702183307323638,5,15,2,0,1,0,0,0,0,1,0,0,0,0,0,0,0,0,0
0.0008888691285612825,1,22,4,0,0,0,0,0,0,1,0,0,0,0,0,0,0,0,0
1.3701115546062094e-06,5,12,3,0,1,0,0,0,0,1,0,0,0,0,0,0,0,0,0
1.0491845237975477e-06,5,10,2,0,1,0,0,0,0,1,0,0,0,0,0,0,0,0,0
2.01813728989293e-06,5,16,2,0,1,0,0,0,0,1,0,0,0,0,0,0,0,0,0
0.0016046474973906472,1,23,3,0,0,0,0,0,0,1,0,0,0,0,0,0,0,0,0
0.0004999179105685234,5,15,3,0,1,0,0,0,0,1,0,0,0,0,0,0,0,0,0
1.4935450279941562e-06,5,10,2,0,1,0,0,0,0,1,0,0,0,0,0,0,0,0,0
9.99811134442369e-07,5,12,3,0,1,0,0,0,0,1,0,0,0,0,0,0,0,0,0
0.0005443539609881842,5,16,2,0,1,0,0,0,0,1,0,0,0,0,0,0,0,0,0
1.9317338585213673e-06,5,77,11,0,1,0,0,0,0,1,0,0,0,0,0,0,0,0,0
4.6904719887419786e-07,5,18,3,0,1,0,0,0,0,1,0,0,0,0,0,0,0,0,0
0.00043326383493903206,5,55,9,0,1,0,0,0,0,1,0,0,0,0,0,0,0,0,0
7.776308823440648e-07,5,14,2,0,1,0,0,0,0,1,0,0,0,0,0,0,0,0,0
0.0005443539609881842,5,9,2,0,1,0,0,0,0,1,0,0,0,0,0,0,0,0,0
0.00043326383493903206,5,13,3,0,1,0,0,0,0,1,0,0,0,0,0,0,0,0,0
0.0005443539609881842,5,11,2,0,1,0,0,0,0,1,0,0,0,0,0,0,0,0,0
0.0005554629735930994,5,48,7,0,1,0,0,0,0,1,0,0,0,0,0,0,0,0,0
0.0007220981626668276,4,23,4,0,1,0,0,0,0,1,0,0,0,0,0,0,0,0,0
0.0005998990240127603,5,10,2,0,1,0,0,0,0,1,0,0,0,0,0,0,0,0,0
1.8021287114640232e-06,5,12,3,0,1,0,0,0,0,1,0,0,0,0,0,0,0,0,0
0.0005443539609881842,5,13,2,0,1,0,0,0,0,1,0,0,0,0,0,0,0,0,0
0.0005443539609881842,5,13,2,0,1,0,0,0,0,1,0,0,0,0,0,0,0,0,0
0.0008640466570629664,5,11,2,0,1,0,0,0,0,1,0,0,0,0,0,0,0,0,0
0.0005585488104277981,5,15,3,0,1,0,0,0,0,1,0,0,0,0,0,0,0,0,0
1.1232446078303157e-06,5,59,10,0,1,0,0,0,0,1,0,0,0,0,0,0,0,0,0
6.603690826255153e-07,5,13,2,0,1,0,0,0,0,1,0,0,0,0,0,0,0,0,0
0.0005443539609881842,5,11,2,0,1,0,0,0,0,1,0,0,0,0,0,0,0,0,0
0.0014812140240027004,5,12,3,0,1,0,0,0,0,1,0,0,0,0,0,0,0,0,0
0.0005221359357783537,5,10,2,0,1,0,0,0,0,1,0,0,0,0,0,0,0,0,0
0.0005221359357783537,5,9,2,0,1,0,0,0,0,1,0,0,0,0,0,0,0,0,0
0.000899842364345471,5,14,3,0,1,0,0,0,0,1,0,0,0,0,0,0,0,0,0
0.0011417719721858468,5,12,2,0,1,0,0,0,0,1,0,0,0,0,0,0,0,0,0
0.0004888088979636082,5,11,3,0,1,0,0,0,0,1,0,0,0,0,0,0,0,0,0
1.0059828081117663e-06,5,10,2,0,1,0,0,0,0,1,0,0,0,0,0,0,0,0,0
0.0004443728475439473,3,24,3,0,0,0,0,0,0,1,0,0,0,0,0,0,0,0,0
0.0007887522382963189,5,10,2,0,1,0,0,0,0,1,0,0,0,0,0,0,0,0,0
0.0005221359357783537,5,21,4,0,1,1,0,0,0,1,0,0,0,0,0,0,0,0,0
8.455192927074356e-07,5,20,3,0,1,0,0,0,0,1,0,0,0,0,0,0,0,0,0
0.0005221359357783537,5,13,2,0,1,0,0,0,0,1,0,0,0,0,0,0,0,0,0
0.0005221359357783537,5,12,2,0,1,0,0,0,0,1,0,0,0,0,0,0,0,0,0
1.073871218475137e-06,5,14,2,0,1,0,0,0,0,1,0,0,0,0,0,0,0,0,0
0.0005221359357783537,5,17,3,0,1,0,0,0,0,1,0,0,0,0,0,0,0,0,0
1.197304691863084e-06,5,49,9,0,1,0,0,0,0,1,0,0,0,0,0,0,0,0,0
0.0008368912929176181,5,13,2,0,1,0,0,0,0,1,0,0,0,0,0,0,0,0,0
0.0007714715520220063,4,22,4,0,1,0,0,0,0,1,0,0,0,0,0,0,0,0,0
7.220858193194887e-07,5,16,3,0,1,0,0,0,0,1,0,0,0,0,0,0,0,0,0
6.54197408956118e-07,5,10,2,0,1,0,0,0,0,1,0,0,0,0,0,0,0,0,0
0.001419497287308727,5,10,2,0,1,0,0,0,0,1,0,0,0,0,0,0,0,0,0
9.380943977483956e-07,5,10,2,0,1,0,0,0,0,1,0,0,0,0,0,0,0,0,0
4.6904719887419786e-07,5,10,2,0,1,0,0,0,0,1,0,0,0,0,0,0,0,0,0
4.6904719887419786e-07,5,13,2,0,1,0,0,0,0,1,0,0,0,0,0,0,0,0,0
1.0615278711363424e-06,5,10,2,0,1,0,0,0,0,1,0,0,0,0,0,0,0,0,0
0.0004665908727537777,5,12,3,0,1,0,0,0,0,1,0,0,0,0,0,0,0,0,0
0.0005554629735930994,5,14,3,0,1,0,0,0,0,1,0,0,0,0,0,0,0,0,0
0.000918357385353663,5,13,2,0,1,0,0,0,0,1,0,0,0,0,0,0,0,0,0
0.0005443539609881842,5,9,2,0,1,0,0,0,0,1,0,0,0,0,0,0,0,0,0
0.0005332449483832689,4,20,4,0,1,0,0,0,0,1,0,0,0,0,0,0,0,0,0
9.99811134442369e-07,5,12,2,0,1,0,0,0,0,1,0,0,0,0,0,0,0,0,0
1.4935450279941562e-06,3,14,2,0,1,0,0,0,0,1,0,0,0,0,0,0,0,0,0
0.0004443728475439473,5,13,2,0,1,0,0,0,0,1,0,0,0,0,0,0,0,0,0
0.0,3,24,3,0,0,0,0,0,0,1,0,0,0,0,0,0,0,0,0
0.00111091360383886,1,8,1,0,0,0,0,0,0,1,0,0,0,0,0,0,0,0,0
0.0006110080366176755,5,13,2,0,1,0,0,0,0,1,0,0,0,0,0,0,0,0,0
8.023175770216541e-07,5,16,2,0,1,0,0,0,0,1,0,0,0,0,0,0,0,0,0
5.739656512539526e-07,5,12,2,0,1,0,0,0,0,1,0,0,0,0,0,0,0,0,0
0.0006326088944605662,3,28,3,0,0,0,0,0,0,1,0,0,0,0,0,0,0,0,0
0.0006326088944605662,3,116,14,0,0,0,0,0,0,1,0,0,0,0,0,0,0,0,0
0.0006326088944605662,3,98,12,0,0,0,0,0,0,1,0,0,0,0,0,0,0,0,0
0.0006788964469810462,3,18,2,0,1,0,0,0,0,1,0,0,0,0,0,0,0,0,0
1.1232446078303157e-06,5,19,3,0,1,1,0,0,0,1,0,0,0,0,0,0,0,0,0
0.0006554440870373364,5,14,3,0,1,0,0,0,0,1,0,0,0,0,0,0,0,0,0
0.0007406131836750196,3,35,4,0,0,0,0,0,0,1,0,0,0,0,0,0,0,0,0
7.961459033522568e-07,5,11,2,0,1,0,0,0,0,1,0,0,0,0,0,0,0,0,0
1.4935450279941562e-06,5,11,2,0,1,0,0,0,0,1,0,0,0,0,0,0,0,0,0
9.689527660953824e-07,5,13,2,0,1,0,0,0,0,1,0,0,0,0,0,0,0,0,0
1.4935450279941562e-06,5,57,10,0,1,0,0,0,0,1,0,0,0,0,0,0,0,0,0
0.0,2,17,4,0,0,0,1,0,0,1,0,0,0,0,0,0,0,0,0
0.0,3,22,3,0,0,0,0,0,0,1,0,0,0,0,0,0,0,0,0
0.0005443539609881842,5,13,2,0,1,0,0,0,0,1,0,0,0,0,0,0,0,0,0
0.000658529923872035,3,24,3,0,0,0,0,0,0,1,0,0,0,0,0,0,0,0,0
0.0005443539609881842,5,9,2,0,1,0,0,0,0,1,0,0,0,0,0,0,0,0,0
0.0006289058902589277,3,25,3,0,0,0,0,0,0,1,0,0,0,0,0,0,0,0,0
0.0007844320667277407,3,25,3,0,0,0,0,0,0,1,0,0,0,0,0,0,0,0,0
0.0005443539609881842,5,19,3,0,1,0,0,0,0,1,0,0,0,0,0,0,0,0,0
0.0,3,29,3,0,0,0,0,0,0,1,0,0,0,0,0,0,0,0,0
0.0006819822838157449,3,26,3,0,0,0,0,0,0,1,0,0,0,0,0,0,0,0,0
0.0006326088944605662,3,22,3,0,0,0,0,0,0,1,0,0,0,0,0,0,0,0,0
0.0005443539609881842,5,11,2,0,1,0,0,0,0,1,0,0,0,0,0,0,0,0,0
0.0006326088944605662,3,29,4,0,0,0,0,0,0,1,0,0,0,0,0,0,0,0,0
0.0007844320667277407,3,25,3,0,0,0,0,0,0,1,0,0,0,0,0,0,0,0,0
0.000658529923872035,3,25,3,0,0,0,0,0,0,1,0,0,0,0,0,0,0,0,0
0.0007554252004815732,5,22,3,0,1,0,0,0,0,1,0,0,0,0,0,0,0,0,0
0.000918357385353663,5,16,2,0,1,0,0,0,0,1,0,0,0,0,0,0,0,0,0
0.0006326088944605662,3,35,4,0,0,0,0,0,0,1,0,0,0,0,0,0,0,0,0
0.0,3,26,3,0,0,0,0,0,0,1,0,0,0,0,0,0,0,0,0
0.0008541719791919307,3,24,3,0,0,0,0,0,0,1,0,0,0,0,0,0,0,0,0
0.000658529923872035,3,24,3,0,0,0,0,0,0,1,0,0,0,0,0,0,0,0,0
0.000658529923872035,3,30,4,0,0,0,0,0,0,1,0,0,0,0,0,0,0,0,0
0.0007844320667277407,3,24,3,0,0,0,0,0,0,1,0,0,0,0,0,0,0,0,0
0.0005443539609881842,5,11,2,0,1,0,0,0,0,1,0,0,0,0,0,0,0,0,0
0.0005776809988029298,5,11,2,0,1,0,0,0,0,1,0,0,0,0,0,0,0,0,0
0.0005443539609881842,5,14,3,0,1,0,0,0,0,1,0,0,0,0,0,0,0,0,0
0.0005443539609881842,5,10,2,0,1,0,0,0,0,1,0,0,0,0,0,0,0,0,0
0.0005221359357783537,5,11,2,0,1,0,0,0,0,1,0,0,0,0,0,0,0,0,0
0.000658529923872035,3,24,3,0,0,0,0,0,0,1,0,0,0,0,0,0,0,0,0
0.0006819822838157449,3,24,3,0,0,0,0,0,0,1,0,0,0,0,0,0,0,0,0
0.000658529923872035,3,24,3,0,0,0,0,0,0,1,0,0,0,0,0,0,0,0,0
0.0005776809988029298,5,12,3,0,1,0,0,0,0,1,0,0,0,0,0,0,0,0,0
0.000658529923872035,3,24,3,0,0,0,0,0,0,1,0,0,0,0,0,0,0,0,0
0.000658529923872035,3,24,3,0,0,0,0,0,0,1,0,0,0,0,0,0,0,0,0
0.0005443539609881842,5,15,2,0,1,0,0,0,0,1,0,0,0,0,0,0,0,0,0
0.0005443539609881842,5,16,2,0,1,0,0,0,0,1,0,0,0,0,0,0,0,0,0
0.0006326088944605662,3,22,3,0,0,0,0,0,0,1,0,0,0,0,0,0,0,0,0
0.0007023488069247561,3,24,3,0,0,0,0,0,0,1,0,0,0,0,0,0,0,0,0
0.0005221359357783537,5,11,2,0,1,0,0,0,0,1,0,0,0,0,0,0,0,0,0
0.000658529923872035,3,26,3,0,0,0,0,0,0,1,0,0,0,0,0,0,0,0,0
0.0005221359357783537,5,13,2,0,1,0,0,0,0,1,0,0,0,0,0,0,0,0,0
0.0,3,24,3,0,0,0,0,0,0,1,0,0,0,0,0,0,0,0,0
0.0,3,24,3,0,0,0,0,0,0,1,0,0,0,0,0,0,0,0,0
9.380943977483956e-07,5,13,2,0,1,0,0,0,0,1,0,0,0,0,0,0,0,0,0
9.25751050409601e-07,5,10,2,0,1,0,0,0,0,1,0,0,0,0,0,0,0,0,0
1.4935450279941562e-06,5,15,3,0,1,0,0,0,0,1,0,0,0,0,0,0,0,0,0
7.838025560134621e-07,1,20,3,0,0,0,0,0,0,1,0,0,0,0,0,0,0,0,0
9.380943977483956e-07,5,11,2,0,1,0,0,0,0,1,0,0,0,0,0,0,0,0,0
7.838025560134621e-07,3,20,3,0,0,0,0,0,0,1,0,0,0,0,0,0,0,0,0
9.380943977483956e-07,5,10,2,0,1,0,0,0,0,1,0,0,0,0,0,0,0,0,0
6.91227450972502e-07,5,16,3,0,1,0,0,0,0,1,0,0,0,0,0,0,0,0,0
1.036841176458753e-06,5,10,2,0,1,0,0,0,0,1,0,0,0,0,0,0,0,0,0
0.0005776809988029298,5,11,2,0,1,0,0,0,0,1,0,0,0,0,0,0,0,0,0
0.0012343470772268068,3,56,8,0,1,0,0,0,0,1,0,0,0,0,0,0,0,0,0
9.072360294014089e-07,5,-75,28,0,1,0,0,0,0,1,0,0,0,0,0,0,0,0,0
0.0005998990240127603,1,13,2,0,0,0,0,0,0,1,0,0,0,0,0,0,0,0,0
1.2466780812182627e-06,5,12,3,0,1,0,0,0,0,1,0,0,0,0,0,0,0,0,0
5.924806722621445e-07,5,10,2,0,1,0,0,0,0,1,0,0,0,0,0,0,0,0,0
9.442660714177929e-07,5,15,2,0,1,0,0,0,0,1,0,0,0,0,0,0,0,0,0
0.0005443539609881842,5,9,2,0,1,0,0,0,0,1,0,0,0,0,0,0,0,0,0
1.1911330181936866e-06,5,107,17,0,1,0,0,0,0,1,0,0,0,0,0,0,0,0,0
0.0010491968671448866,3,18,4,0,0,0,0,0,0,1,0,0,0,0,0,0,0,0,0
0.0004443728475439473,5,13,2,0,1,0,0,0,0,1,0,0,0,0,0,0,0,0,0
0.0005776809988029298,5,17,4,0,1,0,0,0,0,1,0,0,0,0,0,0,0,0,0
1.3701115546062094e-06,5,10,2,0,1,0,0,0,0,1,0,0,0,0,0,0,0,0,0
1.4626866596471696e-06,5,10,2,0,1,0,0,0,0,1,0,0,0,0,0,0,0,0,0
0.0004999179105685234,4,16,3,0,1,0,0,0,0,1,0,0,0,0,0,0,0,0,0
3.209270308086617e-07,1,46,5,0,1,0,0,0,0,1,0,0,0,0,0,0,0,0,0
8.023175770216541e-07,5,13,3,0,1,0,0,0,0,1,0,0,0,0,0,0,0,0,0
0.0004999179105685234,5,16,3,0,1,0,0,0,0,1,0,0,0,0,0,0,0,0,0
0.0006998801374569971,3,25,3,0,0,0,0,0,0,1,0,0,0,0,0,0,0,0,0
0.000637669666869472,3,25,3,0,0,0,0,0,0,1,0,0,0,0,0,0,0,0,0
0.0005554629735930994,3,35,4,0,0,0,0,0,0,1,0,0,0,0,0,0,0,0,0
7.591158613358727e-07,5,10,2,0,1,0,0,0,0,1,0,0,0,0,0,0,0,0,0
0.00111091360383886,1,13,2,0,0,0,0,0,0,1,0,0,0,0,0,0,0,0,0
0.0005110269231734386,3,13,2,0,1,0,0,0,0,1,0,0,0,0,0,0,0,0,0
0.0006443350744324211,5,13,2,0,1,0,0,0,0,1,0,0,0,0,0,0,0,0,0
0.0012324955751259875,2,27,6,0,0,0,1,0,0,1,0,0,0,0,0,0,0,0,0
0.0004888088979636082,5,13,2,0,1,0,0,0,0,1,0,0,0,0,0,0,0,0,0
0.0007406131836750197,4,16,3,0,1,0,0,0,0,1,0,0,0,0,0,0,0,0,0
0.0005665719861980146,1,13,2,0,0,0,0,0,0,1,0,0,0,0,0,0,0,0,0
0.0012553307677027577,5,19,3,0,1,0,0,0,0,1,0,0,0,0,0,0,0,0,0
0.000505472416870981,3,31,4,0,0,0,0,0,0,1,0,0,0,0,0,0,0,0,0
0.000802329920368993,4,31,4,0,0,0,1,0,0,1,0,0,0,0,0,0,0,0,0
0.0007665342130864884,5,12,3,0,1,0,0,0,0,1,0,0,0,0,0,0,0,0,0
0.0012960638139207802,5,37,8,0,1,0,1,0,0,1,0,0,0,0,0,0,0,0,0
0.0004888088979636082,5,10,2,0,1,0,0,0,0,1,0,0,0,0,0,0,0,0,0
0.00047769988535869293,5,14,2,0,1,0,0,0,0,1,0,0,0,0,0,0,0,0,0
0.0006171797102870728,5,9,2,0,1,0,0,0,0,1,0,0,0,0,0,0,0,0,0
9.62781092425985e-07,5,12,2,0,1,0,0,0,0,1,0,0,0,0,0,0,0,0,0
0.0012960638139207802,5,37,8,0,1,0,1,0,0,1,0,0,0,0,0,0,0,0,0
0.0012960638139207802,1,94,8,0,1,0,0,0,0,1,0,0,0,0,0,0,0,0,0
0.001210894717283097,1,15,1,0,1,0,0,0,0,1,0,0,0,0,0,0,0,0,0
0.0006332260618275059,5,13,2,0,1,0,0,0,0,1,0,0,0,0,0,0,0,0,0
0.00042215482233411687,5,75,12,0,1,0,0,0,0,1,0,0,0,0,0,0,0,0,0
9.99811134442369e-07,5,11,2,0,1,0,0,0,0,1,0,0,0,0,0,0,0,0,0
0.0005246046052461127,4,16,3,0,1,0,0,0,0,1,0,0,0,0,0,0,0,0,0
1.073871218475137e-06,5,17,3,0,1,0,0,0,0,1,0,0,0,0,0,0,0,0,0
0.0009257633937569398,1,34,5,0,0,0,0,0,0,1,0,0,0,0,0,0,0,0,0
0.0004375840065076102,4,20,3,0,1,0,0,0,0,1,0,0,0,0,0,0,0,0,0
0.0012719942866101306,5,8,2,0,1,0,0,0,0,1,0,0,0,0,0,0,0,0,0
0.0005554629735930994,5,12,2,0,1,0,0,0,0,1,0,0,0,0,0,0,0,0,0
1.4626866596471696e-06,5,12,3,0,1,0,0,0,0,1,0,0,0,0,0,0,0,0,0
0.0005665719861980146,5,18,4,0,1,0,0,0,0,1,0,0,0,0,0,0,0,0,0
0.0005863213419400861,3,33,4,0,0,0,0,0,0,1,0,0,0,0,0,0,0,0,0
0.0007702372172881267,1,13,2,0,0,0,0,0,0,1,0,0,0,0,0,0,0,0,0
0.0008442973013208949,4,17,4,0,1,0,0,0,0,1,0,0,0,0,0,0,0,0,0
0.0013577805506147535,4,21,4,0,1,0,0,0,0,1,0,0,0,0,0,0,0,0,0
0.001027596009301996,5,43,7,0,1,0,1,0,0,1,0,0,0,0,0,0,0,0,0
0.0008949050254099531,5,13,3,0,1,0,0,0,0,1,0,0,0,0,0,0,0,0,0
1.018326155450561e-06,3,2,1,0,1,0,0,0,0,1,0,0,0,0,0,0,0,0,0
0.0005246046052461127,4,32,4,0,1,0,0,0,0,1,0,0,0,0,0,0,0,0,0
0.0006603814259728541,3,24,3,0,0,0,0,0,0,1,0,0,0,0,0,0,0,0,0
0.0006665530996422515,5,52,9,0,1,0,0,0,0,1,0,0,0,0,0,0,0,0,0
0.0009479814189667702,5,13,2,0,1,0,0,0,0,1,0,0,0,0,0,0,0,0,0
0.0009060140380148683,1,33,5,0,0,0,0,0,0,1,0,0,0,0,0,0,0,0,0
1.1849613445242893e-06,5,37,6,0,1,0,0,0,0,1,0,0,0,0,0,0,0,0,0
0.0,5,10,2,0,1,0,0,0,0,1,0,0,0,0,0,0,0,0,0
0.0005815074364779562,5,10,2,0,1,0,0,0,0,1,0,0,0,0,0,0,0,0,0
0.0006110080366176755,5,13,2,0,1,0,0,0,0,1,0,0,0,0,0,0,0,0,0
0.0005665719861980146,5,18,3,0,1,0,0,0,0,1,0,0,0,0,0,0,0,0,0
0.001266439780307673,5,17,3,0,1,0,0,0,0,1,0,0,0,0,0,0,0,0,0
0.000588790011407845,5,13,2,0,1,0,0,0,0,1,0,0,0,0,0,0,0,0,0
0.0006110080366176755,5,10,2,0,1,0,0,0,0,1,0,0,0,0,0,0,0,0,0
0.0005554629735930994,1,73,11,0,0,0,1,0,0,1,0,0,0,0,0,0,0,0,0
0.00043326383493903206,5,12,2,0,1,0,0,0,0,1,0,0,0,0,0,0,0,0,0
0.0007776432256914037,4,18,3,0,1,0,0,0,0,1,0,0,0,0,0,0,0,0,0
8.763776610544222e-07,5,13,3,0,1,0,0,0,0,1,0,0,0,0,0,0,0,0,0
1.0244978291199585e-06,5,14,2,0,1,0,0,0,0,1,0,0,0,0,0,0,0,0,0
0.00047769988535869293,5,15,2,0,1,0,0,0,0,1,0,0,0,0,0,0,0,0,0
0.0005863213419400861,3,33,4,0,0,0,0,0,0,1,0,0,0,0,0,0,0,0,0
8.763776610544222e-07,5,80,13,0,1,0,0,0,0,1,0,0,0,0,0,0,0,0,0
0.00039993679712428643,1,13,2,0,0,0,0,0,0,1,0,0,0,0,0,0,0,0,0
0.0007332071752717428,5,17,3,0,1,0,0,0,0,1,0,0,0,0,0,0,0,0,0
0.0007097548153280329,5,114,16,0,1,0,0,0,0,1,0,0,0,0,0,0,0,0,0
0.0008468585458936948,1,26,4,0,0,0,0,0,0,1,0,0,0,0,0,0,0,0,0
0.0008468585458936948,1,8,1,0,0,0,0,0,0,1,0,0,0,0,0,0,0,0,0
0.0006813651164488051,5,16,2,0,1,0,0,0,0,1,0,0,0,0,0,0,0,0,0
0.0008949050254099531,5,16,4,0,1,0,0,0,0,1,0,0,0,0,0,0,0,0,0
0.0005341706994336786,3,59,8,0,1,0,0,0,0,1,0,0,0,0,0,0,0,0,0
0.002314389969371341,5,61,11,0,1,0,0,0,0,1,0,0,0,0,0,0,0,0,0
0.0006776621122471667,3,32,4,0,0,0,0,0,0,1,0,0,0,0,0,0,0,0,0
0.0009566217621039265,3,16,2,0,0,0,0,0,0,1,0,0,0,0,0,0,0,0,0
0.00043326383493903206,5,13,2,0,1,0,0,0,0,1,0,0,0,0,0,0,0,0,0
9.81296113434177e-07,5,10,2,0,1,0,0,0,0,1,0,0,0,0,0,0,0,0,0
0.001027596009301996,5,43,7,0,1,0,1,0,0,1,0,0,0,0,0,0,0,0,0
0.0006776621122471667,5,12,2,0,1,0,0,0,0,1,0,0,0,0,0,0,0,0,0
0.00039993679712428643,5,15,2,0,1,0,0,0,0,1,0,0,0,0,0,0,0,0,0
1.0306695027893558e-06,5,10,2,0,1,0,0,0,0,1,0,0,0,0,0,0,0,0,0
0.00047769988535869293,5,21,3,0,1,0,0,0,0,1,0,0,0,0,0,0,0,0,0
8.702059873850248e-07,5,15,3,0,1,0,0,0,0,1,0,0,0,0,0,0,0,0,0
0.0004665908727537777,5,9,2,0,1,0,0,0,0,1,0,0,0,0,0,0,0,0,0
7.529441876664754e-07,3,33,4,0,0,0,0,0,0,1,0,0,0,0,0,0,0,0,0
0.0004443728475439473,5,21,3,0,1,0,0,0,0,1,0,0,0,0,0,0,0,0,0
0.000802329920368993,5,43,8,0,1,0,1,0,0,1,0,0,0,0,0,0,0,0,0
0.0003427377255563119,5,14,2,0,1,0,0,0,0,1,0,0,0,0,0,0,0,0,0
0.0010615402144836812,5,13,2,0,1,0,0,0,0,1,0,0,0,0,0,0,0,0,0
0.0007943067445987765,5,40,7,0,1,0,1,0,0,1,0,0,0,0,0,0,0,0,0
0.0005661152823464792,5,48,7,0,1,0,1,0,0,1,0,0,0,0,0,0,0,0,0
0.0007406131836750197,5,13,2,0,1,0,0,0,0,1,0,0,0,0,0,0,0,0,0
0.0005863213419400861,1,10,2,0,0,0,0,0,0,1,0,0,0,0,0,0,0,0,0
9.689527660953824e-07,5,10,2,0,1,0,0,0,0,1,0,0,0,0,0,0,0,0,0
0.0006369290660291443,1,7,1,0,0,0,0,0,0,1,0,0,0,0,0,0,0,0,0
0.00039993679712428643,5,38,7,0,1,0,1,0,0,1,0,0,0,0,0,0,0,0,0
0.0004801520970300001,5,14,2,0,1,0,0,0,0,1,0,0,0,0,0,0,0,0,0
1.2466780812182627e-06,5,10,2,0,1,0,0,0,0,1,0,0,0,0,0,0,0,0,0
0.0007406131836750197,5,13,2,0,1,0,0,0,0,1,0,0,0,0,0,0,0,0,0
0.0008929300898357459,1,12,2,0,1,0,0,0,0,1,0,0,0,0,0,0,0,0,0
0.0012220037298880122,5,14,2,0,1,0,0,0,0,1,0,0,0,0,0,0,0,0,0
0.0005110269231734386,5,10,2,0,1,0,0,0,0,1,0,0,0,0,0,0,0,0,0
0.0004888088979636082,5,46,5,0,1,0,0,0,0,1,0,0,0,0,0,0,0,0,0
0.0007220981626668276,1,33,5,0,0,0,0,0,0,1,0,0,0,0,0,0,0,0,0
0.00042215482233411687,5,9,2,0,1,0,0,0,0,1,0,0,0,0,0,0,0,0,0
6.295107142785287e-07,5,15,2,0,1,0,0,0,0,1,0,0,0,0,0,0,0,0,0
0.000377718771914456,1,18,3,0,0,1,0,0,0,1,0,0,0,0,0,0,0,0,0
0.000707286145860274,3,15,3,0,1,0,0,0,0,1,0,0,0,0,0,0,0,0,0
0.0004443728475439473,5,13,2,0,1,0,0,0,0,1,0,0,0,0,0,0,0,0,0
0.00047769988535869293,5,15,2,0,1,0,0,0,0,1,0,0,0,0,0,0,0,0,0
2.048995658239917e-06,5,16,3,0,1,0,0,0,0,1,0,0,0,0,0,0,0,0,0
8.146609243604488e-07,5,13,3,0,1,0,0,0,0,1,0,0,0,0,0,0,0,0,0
1.2096480392018786e-06,5,13,2,0,1,0,0,0,0,1,0,0,0,0,0,0,0,0,0
0.0006798283697051252,5,54,12,0,1,0,0,0,0,1,0,0,0,0,0,0,0,0,0
6.665407562949127e-07,5,11,2,0,1,0,0,0,0,1,0,0,0,0,0,0,0,0,0
6.295107142785287e-07,5,11,2,0,1,0,0,0,0,1,0,0,0,0,0,0,0,0,0
0.0007831977319938613,4,22,5,0,1,0,0,0,0,1,0,0,0,0,0,0,0,0,0
0.00039253078872100966,5,14,3,0,1,0,0,0,0,1,0,0,0,0,0,0,0,0,0
1.0306695027893558e-06,3,29,4,0,0,1,0,0,0,1,0,0,0,0,0,0,0,0,0
0.0004665908727537777,5,10,2,0,1,0,0,0,0,1,0,0,0,0,0,0,0,0,0
0.0007943067445987765,5,40,7,0,1,0,1,0,0,1,0,0,0,0,0,0,0,0,0
0.0012997668181224185,3,20,3,0,0,0,0,0,0,1,0,0,0,0,0,0,0,0,0
0.0009257633937569398,1,8,2,0,0,0,0,0,0,1,0,0,0,0,0,0,0,0,0
7.035707983112967e-07,5,18,3,0,1,0,0,0,0,1,0,0,0,0,0,0,0,0,0
1.0059828081117663e-06,5,12,2,0,1,0,0,0,0,1,0,0,0,0,0,0,0,0,0
9.751244397647797e-07,5,15,3,0,1,0,0,0,0,1,0,0,0,0,0,0,0,0,0
6.295107142785287e-07,5,59,10,0,1,0,0,0,0,1,0,0,0,0,0,0,0,0,0
1.1849613445242893e-06,5,12,3,0,1,0,0,0,0,1,0,0,0,0,0,0,0,0,0
6.850557773031047e-07,5,14,2,0,1,0,0,0,0,1,0,0,0,0,0,0,0,0,0
1.1664463235160971e-06,5,15,3,0,1,0,0,0,0,1,0,0,0,0,0,0,0,0,0
0.0005776809988029298,5,17,4,0,1,0,0,0,0,1,0,0,0,0,0,0,0,0,0
0.000802329920368993,3,39,7,0,1,0,0,0,0,1,0,0,0,0,0,0,0,0,0
7.838025560134621e-07,5,103,16,0,1,0,0,0,0,1,0,0,0,0,0,0,0,0,0
0.0006912397943198409,5,40,6,0,1,0,0,0,0,1,0,0,0,0,0,0,0,0,0
1.0121544817811636e-06,5,12,2,0,1,0,0,0,0,1,0,0,0,0,0,0,0,0,0
0.00039993679712428643,5,11,2,0,1,0,0,0,0,1,0,0,0,0,0,0,0,0,0
0.0005665719861980146,5,11,2,0,1,0,0,0,0,1,0,0,0,0,0,0,0,0,0
0.0006837720691798701,5,43,6,0,1,0,0,0,0,1,0,0,0,0,0,0,0,0,0
1.308394817912236e-06,5,9,2,0,1,0,0,0,0,1,0,0,0,0,0,0,0,0,0
0.0009627934357733239,5,86,11,0,1,0,0,0,0,1,0,0,0,0,0,0,0,0,0
0.00042215482233411687,4,21,4,0,1,0,0,0,0,1,0,0,0,0,0,0,0,0,0
0.00046905954222153663,3,24,4,0,1,0,0,0,0,1,0,0,0,0,0,0,0,0,0
0.001728080970778594,1,8,2,0,0,0,0,0,0,1,0,0,0,0,0,0,0,0,0
1.1787896708548918e-06,5,41,7,0,1,0,0,0,0,1,0,0,0,0,0,0,0,0,0
0.00043326383493903206,5,124,18,0,1,0,0,0,0,1,0,0,0,0,0,0,0,0,0
0.00042215482233411687,4,15,3,0,1,0,0,0,0,1,0,0,0,0,0,0,0,0,0
0.00032217370888987994,5,15,2,0,1,0,0,0,0,1,0,0,0,0,0,0,0,0,0
6.850557773031047e-07,5,21,3,0,1,0,0,0,0,1,0,0,0,0,0,0,0,0,0
0.0004258578265357553,5,12,3,0,1,0,0,0,0,1,0,0,0,0,0,0,0,0,0
0.0027772654945761414,5,12,3,0,1,0,0,0,0,1,0,0,0,0,0,0,0,0,0
0.0006665530996422515,1,13,2,0,0,0,0,0,0,1,0,0,0,0,0,0,0,0,0
9.072360294014089e-07,5,16,3,0,1,0,0,0,0,1,0,0,0,0,0,0,0,0,0
0.0005110269231734386,5,11,2,0,1,0,0,0,0,1,0,0,0,0,0,0,0,0,0
0.000802329920368993,4,20,3,0,1,0,0,0,0,1,0,0,0,0,0,0,0,0,0
0.00019256856183253577,4,20,3,0,1,0,0,0,0,1,0,0,0,0,0,0,0,0,0
0.00043326383493903206,1,9,2,0,1,0,0,0,0,1,0,0,0,0,0,0,0,0,0
0.0004665908727537777,5,13,2,0,1,0,0,0,0,1,0,0,0,0,0,0,0,0,0
6.54197408956118e-07,1,13,2,0,0,0,0,0,0,1,0,0,0,0,0,0,0,0,0
9.62781092425985e-07,1,13,2,0,0,0,0,0,0,1,0,0,0,0,0,0,0,0,0
6.91227450972502e-07,5,14,2,0,1,0,0,0,0,1,0,0,0,0,0,0,0,0,0
2.5303862044529096e-07,5,13,3,0,1,0,0,0,0,1,0,0,0,0,0,0,0,0,0
8.146609243604488e-07,1,13,2,0,0,0,0,0,0,1,0,0,0,0,0,0,0,0,0
0.0004110458097292016,5,42,8,0,1,0,1,0,0,1,0,0,0,0,0,0,0,0,0
5.863089985927472e-07,5,17,3,0,1,0,0,0,0,1,0,0,0,0,0,0,0,0,0
9.442660714177929e-07,5,10,2,0,1,0,0,0,0,1,0,0,0,0,0,0,0,0,0
0.0010164869966970806,3,32,5,0,0,0,0,0,0,1,0,0,0,0,0,0,0,0,0
7.838025560134621e-07,3,29,4,0,0,1,0,0,0,1,0,0,0,0,0,0,0,0,0
0.0009566217621039265,4,16,3,0,1,0,0,0,0,1,0,0,0,0,0,0,0,0,0
0.0014503556556557137,3,33,6,0,0,0,0,0,0,1,0,0,0,0,0,0,0,0,0
0.00043326383493903206,5,15,3,0,1,0,0,0,0,1,0,0,0,0,0,0,0,0,0
0.0005110269231734386,5,19,3,0,1,0,0,0,0,1,0,0,0,0,0,0,0,0,0
0.0005554629735930994,5,34,5,0,1,0,0,0,0,1,0,0,0,0,0,0,0,0,0
0.0009566217621039265,1,8,2,0,0,0,0,0,0,1,0,0,0,0,0,0,0,0,0
0.0012886578055175033,5,15,2,0,1,0,0,0,0,1,0,0,0,0,0,0,0,0,0
0.0012886578055175033,5,15,2,0,1,0,0,0,0,1,0,0,0,0,0,0,0,0,0
0.0011417719721858468,5,47,9,0,1,0,1,0,0,1,0,0,0,0,0,0,0,0,0
0.010825745126837212,5,15,2,0,1,0,0,0,0,1,0,0,0,0,0,0,0,0,0
0.0009053968706479286,5,17,3,0,1,0,0,0,0,1,0,0,0,0,0,0,0,0,0
0.0012652054455737935,5,40,7,0,1,0,1,0,0,1,0,0,0,0,0,0,0,0,0
0.0008640466570629664,5,15,2,0,1,0,0,0,0,1,0,0,0,0,0,0,0,0,0
0.00042215482233411687,4,17,4,0,1,0,0,0,0,1,0,0,0,0,0,0,0,0,0
0.0004110458097292016,5,12,2,0,1,0,0,0,0,1,0,0,0,0,0,0,0,0,0
1.92556218485197e-06,5,17,3,0,1,0,0,0,0,1,0,0,0,0,0,0,0,0,0
8.578626400462302e-07,1,13,2,0,0,0,0,0,0,1,0,0,0,0,0,0,0,0,0
9.874677871035743e-07,1,13,2,0,0,0,0,0,0,1,0,0,0,0,0,0,0,0,0
0.0005998990240127603,1,13,2,0,0,0,0,0,0,1,0,0,0,0,0,0,0,0,0
1.9872789215459433e-06,5,18,4,0,1,0,0,0,0,1,0,0,0,0,0,0,0,0,0
7.838025560134621e-07,5,11,2,0,1,0,0,0,0,1,0,0,0,0,0,0,0,0,0
0.000660998593339794,5,24,4,0,1,0,1,0,0,1,0,0,0,0,0,0,0,0,0
0.0009942689714872502,3,13,3,0,1,0,0,0,0,1,0,0,0,0,0,0,0,0,0
0.0004665908727537777,5,37,6,0,1,0,0,0,0,1,0,0,0,0,0,0,0,0,0
2.0773853571191446e-05,5,10,2,0,1,0,0,0,0,1,0,0,0,0,0,0,0,0,0
1.4935450279941562e-06,5,12,3,0,1,0,0,0,0,1,0,0,0,0,0,0,0,0,0
0.0004582591133000913,1,6,1,0,0,0,0,0,0,1,0,0,0,0,0,0,0,0,0
8.455192927074356e-07,1,14,3,0,0,0,0,0,0,1,0,0,0,0,0,0,0,0,0
8.455192927074356e-07,5,10,2,0,1,0,0,0,0,1,0,0,0,0,0,0,0,0,0
0.000843988717637425,1,19,3,0,0,0,0,0,0,1,0,0,0,0,0,0,0,0,0
0.0011417719721858468,5,47,9,0,1,0,1,0,0,1,0,0,0,0,0,0,0,0,0
1.3392531862592226e-06,5,10,2,0,1,0,0,0,0,1,0,0,0,0,0,0,0,0,0
6.295107142785287e-07,5,59,9,0,1,0,0,0,0,1,0,0,0,0,0,0,0,0,0
1.616978501382103e-06,5,12,3,0,1,0,0,0,0,1,0,0,0,0,0,0,0,0,0
8.702059873850248e-07,5,14,2,0,1,0,0,0,0,1,0,0,0,0,0,0,0,0,0
0.0012652054455737935,3,26,4,0,1,0,0,0,0,1,0,0,0,0,0,0,0,0,0
0.0007529565310138142,3,24,4,0,1,0,0,0,0,1,0,0,0,0,0,0,0,0,0
0.0005332449483832689,5,118,19,0,1,0,0,0,0,1,0,0,0,0,0,0,0,0,0
0.0006048363629482781,3,24,4,0,1,0,0,0,0,1,0,0,0,0,0,0,0,0,0
1.3392531862592226e-06,5,11,2,0,1,0,0,0,0,1,0,0,0,0,0,0,0,0,0
1.036841176458753e-06,5,11,2,0,1,0,0,0,0,1,0,0,0,0,0,0,0,0,0
0.0006480380786340595,5,13,2,0,1,0,0,0,0,1,0,0,0,0,0,0,0,0,0
8.702059873850248e-07,5,12,2,0,1,0,0,0,0,1,0,0,0,0,0,0,0,0,0
9.380943977483956e-07,5,14,2,0,1,0,0,0,0,1,0,0,0,0,0,0,0,0,0
9.936394607729717e-07,1,14,3,0,0,0,0,0,0,1,0,0,0,0,0,0,0,0,0
0.0005413545275848571,2,16,1,0,1,0,0,0,0,1,0,0,0,0,0,0,0,0,0
9.380943977483956e-07,5,17,3,0,1,0,0,0,0,1,0,0,0,0,0,0,0,0,0
0.0008054157572036916,5,62,10,0,1,0,1,0,0,1,0,0,0,0,0,0,0,0,0
0.0004443728475439473,5,9,2,0,1,0,0,0,0,1,0,0,0,0,0,0,0,0,0
6.91227450972502e-07,1,13,2,0,0,0,0,0,0,1,0,0,0,0,0,0,0,0,0
0.0005221359357783537,5,10,2,0,1,0,0,0,0,1,0,0,0,0,0,0,0,0,0
0.0,5,12,2,0,1,0,0,0,0,1,0,0,0,0,0,0,0,0,0
0.0007665342130864884,5,17,3,0,1,1,0,0,0,1,0,0,0,0,0,0,0,0,0
0.0007220981626668276,1,33,5,0,0,0,0,0,0,1,0,0,0,0,0,0,0,0,0
0.0007776432256914037,5,28,6,0,1,0,1,0,0,1,0,0,0,0,0,0,0,0,0
0.0011516034483411966,1,22,3,0,0,0,0,0,0,1,0,0,0,0,0,0,0,0,0
0.0005443539609881842,5,48,6,0,1,0,0,0,0,1,0,0,0,0,0,0,0,0,0
0.0014503556556557137,5,13,2,0,1,0,0,0,0,1,0,0,0,0,0,0,0,0,0
0.0006110080366176755,4,17,3,0,1,0,0,0,0,1,0,0,0,0,0,0,0,0,0
7.406008403276808e-07,5,10,2,0,1,0,0,0,0,1,0,0,0,0,0,0,0,0,0
0.0011720131731658937,5,42,11,0,1,0,1,0,0,1,0,0,0,0,0,0,0,0,0
9.99811134442369e-07,5,14,2,0,1,0,0,0,0,1,0,0,0,0,0,0,0,0,0
9.380943977483956e-07,3,44,5,0,0,0,0,0,0,1,0,0,0,0,0,0,0,0,0
0.00029625267947841114,5,16,3,0,1,0,0,0,0,1,0,0,0,0,0,0,0,0,0
0.00032587671309151835,4,14,3,0,1,0,0,0,0,1,0,0,0,0,0,0,0,0,0
7.406008403276808e-07,5,9,2,0,1,0,0,0,0,1,0,0,0,0,0,0,0,0,0
6.233390406091312e-07,5,13,2,0,1,0,0,0,0,1,0,0,0,0,0,0,0,0,0
9.936394607729717e-07,5,12,3,0,1,0,0,0,0,1,0,0,0,0,0,0,0,0,0
9.566094187565878e-07,5,11,2,0,1,0,0,0,0,1,0,0,0,0,0,0,0,0,0
0.0012343470772268068,5,12,3,0,1,0,0,0,0,1,0,0,0,0,0,0,0,0,0
0.0004582591133000913,1,7,2,0,1,0,0,0,0,1,0,0,0,0,0,0,0,0,0
0.0008720698328331829,5,63,9,0,1,0,0,0,0,1,0,0,0,0,0,0,0,0,0
1.4626866596471696e-06,5,15,2,0,1,0,0,0,0,1,0,0,0,0,0,0,0,0,0
0.0004582591133000913,1,12,2,0,1,0,0,0,0,1,0,0,0,0,0,0,0,0,0
6.91227450972502e-07,5,12,2,0,1,0,0,0,0,1,0,0,0,0,0,0,0,0,0
9.62781092425985e-07,5,10,2,0,1,0,0,0,0,1,0,0,0,0,0,0,0,0,0
0.000983159958882335,4,34,6,0,1,0,0,0,0,1,0,0,0,0,0,0,0,0,0
8.763776610544222e-07,5,10,2,0,1,0,0,0,0,1,0,0,0,0,0,0,0,0,0
0.000802329920368993,5,99,16,0,1,0,0,0,0,1,0,0,0,0,0,0,0,0,0
8.146609243604488e-07,5,13,2,0,1,0,0,0,0,1,0,0,0,0,0,0,0,0,0
1.0615278711363424e-06,5,22,4,0,1,0,0,0,0,1,0,0,0,0,0,0,0,0,0
0.0,5,12,2,0,1,0,0,0,0,1,0,0,0,0,0,0,0,0,0
0.0005998990240127603,1,29,3,0,0,0,1,0,0,1,0,0,0,0,0,0,0,0,0
1.1479313025079052e-06,5,11,3,0,1,0,0,0,0,1,0,0,0,0,0,0,0,0,0
9.62781092425985e-07,5,64,10,0,1,0,0,0,0,1,0,0,0,0,0,0,0,0,0
0.0005221359357783537,5,8,2,0,1,0,0,0,0,1,0,0,0,0,0,0,0,0,0
0.0004110458097292016,5,12,2,0,1,0,0,0,0,1,0,0,0,0,0,0,0,0,0
0.000377718771914456,4,49,8,0,0,0,1,0,0,1,0,0,0,0,0,0,0,0,0
7.529441876664754e-07,5,10,2,0,1,0,0,0,0,1,0,0,0,0,0,0,0,0,0
1.1170729341609184e-06,5,12,3,0,1,0,0,0,0,1,0,0,0,0,0,0,0,0,0
0.0006332260618275059,5,13,2,0,1,0,0,0,0,1,0,0,0,0,0,0,0,0,0
9.072360294014089e-07,5,12,3,0,1,0,0,0,0,1,0,0,0,0,0,0,0,0,0
7.529441876664754e-07,5,10,2,0,1,0,0,0,0,1,0,0,0,0,0,0,0,0,0
0.0005554629735930994,5,14,2,0,1,0,0,0,0,1,0,0,0,0,0,0,0,0,0
0.0004110458097292016,5,49,8,0,1,0,0,0,0,1,0,0,0,0,0,0,0,0,0
0.0004110458097292016,5,90,15,0,1,0,0,0,0,1,0,0,0,0,0,0,0,0,0
0.0006110080366176755,5,15,2,0,1,0,0,0,0,1,0,0,0,0,0,0,0,0,0
0.0,5,12,2,0,1,0,0,0,0,1,0,0,0,0,0,0,0,0,0
0.0005665719861980146,5,10,2,0,1,0,0,0,0,1,0,0,0,0,0,0,0,0,0
7.961459033522568e-07,5,10,2,0,1,0,0,0,0,1,0,0,0,0,0,0,0,0,0
1.0923862394833291e-06,5,12,3,0,1,0,0,0,0,1,0,0,0,0,0,0,0,0,0
1.616978501382103e-06,5,12,3,0,1,0,0,0,0,1,0,0,0,0,0,0,0,0,0
8.887210083932169e-07,5,13,2,0,1,0,0,0,0,1,0,0,0,0,0,0,0,0,0
2.851313235261571e-06,3,14,2,0,1,0,0,0,0,1,0,0,0,0,0,0,0,0,0
8.023175770216541e-07,5,12,2,0,1,0,0,0,0,1,0,0,0,0,0,0,0,0,0
1.0615278711363424e-06,5,39,6,0,1,0,0,0,0,1,0,0,0,0,0,0,0,0,0
1.1232446078303157e-06,5,15,3,0,1,0,0,0,0,1,0,0,0,0,0,0,0,0,0
8.455192927074356e-07,5,12,3,0,1,0,0,0,0,1,0,0,0,0,0,0,0,0,0
7.529441876664754e-07,5,10,2,0,1,0,0,0,0,1,0,0,0,0,0,0,0,0,0
8.455192927074356e-07,5,12,2,0,1,0,0,0,0,1,0,0,0,0,0,0,0,0,0
0.0015120723923496872,5,12,3,0,1,0,0,0,0,1,0,0,0,0,0,0,0,0,0
0.0004110458097292016,5,18,3,0,1,0,0,0,0,1,0,0,0,0,0,0,0,0,0
0.0006733234256575804,5,21,3,0,1,0,0,0,0,1,0,0,0,0,0,0,0,0,0
9.99811134442369e-07,5,11,2,0,1,0,0,0,0,1,0,0,0,0,0,0,0,0,0
0.0009245290590230603,1,26,2,0,0,0,0,0,0,1,0,0,0,0,0,0,0,0,0
1.616978501382103e-06,5,12,3,0,1,0,0,0,0,1,0,0,0,0,0,0,0,0,0
0.0006788964469810462,3,38,6,0,1,0,0,0,0,1,0,0,0,0,0,0,0,0,0
0.0009257633937569398,3,24,3,0,0,0,0,0,0,1,0,0,0,0,0,0,0,0,0
0.0007742488051732351,3,24,3,0,0,0,0,0,0,1,0,0,0,0,0,0,0,0,0
0.0008146732677077877,5,55,10,0,1,0,0,0,0,1,0,0,0,0,0,0,0,0,0
7.529441876664754e-07,5,12,2,0,1,0,0,0,0,1,0,0,0,0,0,0,0,0,0
9.442660714177929e-07,3,23,4,0,0,0,0,0,0,1,0,0,0,0,0,0,0,0,0
1.0985579131527265e-06,5,11,2,0,1,0,0,0,0,1,0,0,0,0,0,0,0,0,0
0.000999823477789708,5,51,10,0,1,0,1,0,0,1,0,0,0,0,0,0,0,0,0
0.0018916303230176235,5,52,7,0,1,0,1,0,0,1,0,0,0,0,0,0,0,0,0
4.6904719887419786e-07,5,12,2,0,1,0,0,0,0,1,0,0,0,0,0,0,0,0,0
0.0004443728475439473,5,17,3,0,1,0,0,0,0,1,0,0,0,0,0,0,0,0,0
0.000955387427370047,5,55,8,0,1,0,0,0,0,1,0,0,0,0,0,0,0,0,0
0.0007714715520220063,1,6,1,0,0,0,0,0,0,1,0,0,0,0,0,0,0,0,0
1.7404119747700498e-06,5,12,3,0,1,0,0,0,0,1,0,0,0,0,0,0,0,0,0
8.270042716992435e-07,5,11,2,0,1,0,0,0,0,1,0,0,0,0,0,0,0,0,0
0.0,5,14,2,0,1,0,0,0,0,1,0,0,0,0,0,0,0,0,0
0.0015737891290436604,5,12,3,0,1,0,0,0,0,1,0,0,0,0,0,0,0,0,0
0.0004888088979636082,5,13,2,0,1,0,0,0,0,1,0,0,0,0,0,0,0,0,0
7.344291666582834e-07,5,14,2,0,1,0,0,0,0,1,0,0,0,0,0,0,0,0,0
7.529441876664754e-07,5,10,2,0,1,0,0,0,0,1,0,0,0,0,0,0,0,0,0
0.0007554252004815732,5,63,10,0,1,0,0,0,0,1,0,0,0,0,0,0,0,0,0
0.000899842364345471,5,15,3,0,1,0,0,0,0,1,0,0,0,0,0,0,0,0,0
8.393476190380381e-07,5,10,2,0,1,0,0,0,0,1,0,0,0,0,0,0,0,0,0
0.0013577805506147535,3,42,6,0,1,0,0,0,0,1,0,0,0,0,0,0,0,0,0
6.850557773031047e-07,5,43,6,0,1,0,0,0,0,1,0,0,0,0,0,0,0,0,0
0.0005110269231734386,5,50,8,0,1,0,0,0,0,1,0,0,0,0,0,0,0,0,0
0.0008609608202282677,1,57,8,0,0,0,0,0,0,1,0,0,0,0,0,0,0,0,0
6.418540616173233e-07,5,14,2,0,1,0,0,0,0,1,0,0,0,0,0,0,0,0,0
0.0007881350709293792,3,21,2,0,0,0,0,0,0,1,0,0,0,0,0,0,0,0,0
0.00047769988535869293,5,59,9,0,1,0,0,0,0,1,0,0,0,0,0,0,0,0,0
1.1664463235160971e-06,5,12,3,0,1,0,0,0,0,1,0,0,0,0,0,0,0,0,0
8.763776610544222e-07,5,10,2,0,1,0,0,0,0,1,0,0,0,0,0,0,0,0,0
7.838025560134621e-07,5,20,3,0,1,0,0,0,0,1,0,0,0,0,0,0,0,0,0
0.0009442784147651319,5,15,3,0,1,0,0,0,0,1,0,0,0,0,0,0,0,0,0
1.3701115546062094e-06,5,10,2,0,1,0,0,0,0,1,0,0,0,0,0,0,0,0,0
7.28257492988886e-07,5,11,2,0,1,0,0,0,0,1,0,0,0,0,0,0,0,0,0
0.0016046474973906472,5,61,11,0,1,0,0,0,0,1,0,0,0,0,0,0,0,0,0
1.1294162814997132e-06,5,39,7,0,1,0,0,0,0,1,0,0,0,0,0,0,0,0,0
0.000744316187876658,5,15,3,0,1,0,0,0,0,1,0,0,0,0,0,0,0,0,0
9.072360294014089e-07,5,10,2,0,1,0,0,0,0,1,0,0,0,0,0,0,0,0,0
0.0008776243391356405,5,10,2,0,1,0,0,0,0,1,0,0,0,0,0,0,0,0,0
0.000377718771914456,5,17,3,0,1,0,0,0,0,1,0,0,0,0,0,0,0,0,0
0.0005554629735930994,1,13,2,0,0,0,0,0,0,1,0,0,0,0,0,0,0,0,0
0.0006295230576258675,3,39,5,0,0,0,0,0,0,1,0,0,0,0,0,0,0,0,0
8.763776610544222e-07,5,15,2,0,1,0,0,0,0,1,0,0,0,0,0,0,0,0,0
0.0008146732677077877,5,11,2,0,1,0,0,0,0,1,0,0,0,0,0,0,0,0,0
8.146609243604488e-07,1,13,2,0,0,0,0,0,0,1,0,0,0,0,0,0,0,0,0
2.4810128150977307e-06,5,12,3,0,1,0,0,0,0,1,0,0,0,0,0,0,0,0,0
1.400969922953196e-06,5,16,3,0,1,0,0,0,0,1,0,0,0,0,0,0,0,0,0
0.0,5,13,2,0,1,0,0,0,0,1,0,0,0,0,0,0,0,0,0
0.0008640466570629664,1,13,2,0,0,0,0,0,0,1,0,0,0,0,0,0,0,0,0
0.000899842364345471,5,40,8,0,1,0,1,0,0,1,0,0,0,0,0,0,0,0,0
1.5552617646881295e-06,3,23,4,0,0,0,0,0,0,1,0,0,0,0,0,0,0,0,0
0.0004443728475439473,5,11,2,0,1,0,0,0,0,1,0,0,0,0,0,0,0,0,0
0.0010387050219069112,5,11,2,0,1,0,0,0,0,1,0,0,0,0,0,0,0,0,0
0.0008949050254099531,5,10,2,0,1,0,0,0,0,1,0,0,0,0,0,0,0,0,0
9.380943977483956e-07,5,36,6,0,1,0,0,0,0,1,0,0,0,0,0,0,0,0,0
0.000899842364345471,5,40,8,0,1,0,1,0,0,1,0,0,0,0,0,0,0,0,0
4.6904719887419786e-07,5,13,2,0,1,0,0,0,0,1,0,0,0,0,0,0,0,0,0
9.504377450871902e-07,5,10,2,0,1,0,0,0,0,1,0,0,0,0,0,0,0,0,0
0.0005221359357783537,5,18,3,0,1,1,0,0,0,1,0,0,0,0,0,0,0,0,0
0.0004554818601488625,5,13,2,0,1,0,0,0,0,1,0,0,0,0,0,0,0,0,0
0.0,5,14,2,0,1,0,0,0,0,1,0,0,0,0,0,0,0,0,0
0.0004443728475439473,5,16,3,0,1,1,0,0,0,1,0,0,0,0,0,0,0,0,0
5.98652345931542e-07,1,13,2,0,0,0,0,0,0,1,0,0,0,0,0,0,0,0,0
0.0007714715520220063,5,84,10,0,1,0,0,0,0,1,0,0,0,0,0,0,0,0,0
0.0007313556731709236,3,21,-98,0,1,0,0,0,0,1,0,0,0,0,0,0,0,0,0
8.763776610544222e-07,5,12,2,0,1,0,0,0,0,1,0,0,0,0,0,0,0,0,0
0.0005110269231734386,5,11,2,0,1,0,0,0,0,1,0,0,0,0,0,0,0,0,0
0.0007220981626668276,5,14,2,0,1,0,0,0,0,1,0,0,0,0,0,0,0,0,0
9.25751050409601e-07,5,11,2,0,1,0,0,0,0,1,0,0,0,0,0,0,0,0,0
0.0006221170492225907,5,11,2,0,1,0,0,0,0,1,0,0,0,0,0,0,0,0,0
1.2466780812182627e-06,5,41,7,0,1,0,0,0,0,1,0,0,0,0,0,0,0,0,0
0.0013577805506147535,5,12,3,0,1,0,0,0,0,1,0,0,0,0,0,0,0,0,0
1.055356197466945e-06,1,13,2,0,0,0,0,0,0,1,0,0,0,0,0,0,0,0,0
1.1541029761773025e-06,5,51,9,0,1,0,0,0,0,1,0,0,0,0,0,0,0,0,0
7.961459033522568e-07,5,41,7,0,1,0,0,0,0,1,0,0,0,0,0,0,0,0,0
1.8947038165049834e-06,1,14,3,0,0,0,0,0,0,1,0,0,0,0,0,0,0,0,0
1.616978501382103e-06,1,14,3,0,0,0,0,0,0,1,0,0,0,0,0,0,0,0,0
4.6904719887419786e-07,5,16,2,0,1,0,0,0,0,1,0,0,0,0,0,0,0,0,0
4.6904719887419786e-07,5,17,3,0,1,1,0,0,0,1,0,0,0,0,0,0,0,0,0
6.91227450972502e-07,5,14,2,0,1,0,0,0,0,1,0,0,0,0,0,0,0,0,0
8.763776610544222e-07,5,12,2,0,1,0,0,0,0,1,0,0,0,0,0,0,0,0,0
9.380943977483956e-07,5,12,2,0,1,0,0,0,0,1,0,0,0,0,0,0,0,0,0
4.6904719887419786e-07,5,14,3,0,1,0,0,0,0,1,0,0,0,0,0,0,0,0,0
8.455192927074356e-07,5,19,3,0,1,0,0,0,0,1,0,0,0,0,0,0,0,0,0
0.0,5,82,12,0,1,0,0,0,0,1,0,0,0,0,0,0,0,0,0
9.072360294014089e-07,5,10,2,0,1,0,0,0,0,1,0,0,0,0,0,0,0,0,0
9.874677871035743e-07,1,13,2,0,0,0,0,0,0,1,0,0,0,0,0,0,0,0,0
7.467725139970781e-07,5,10,2,0,1,0,0,0,0,1,0,0,0,0,0,0,0,0,0
7.406008403276808e-07,5,16,2,0,1,0,0,0,0,1,0,0,0,0,0,0,0,0,0
8.393476190380381e-07,5,13,2,0,1,0,0,0,0,1,0,0,0,0,0,0,0,0,0
1.8638454481579966e-06,5,66,10,0,1,0,0,0,0,1,0,0,0,0,0,0,0,0,0
9.380943977483956e-07,5,36,6,0,1,0,0,0,0,1,0,0,0,0,0,0,0,0,0
6.295107142785287e-07,5,12,2,0,1,0,0,0,0,1,0,0,0,0,0,0,0,0,0
7.838025560134621e-07,1,13,2,0,0,0,0,0,0,1,0,0,0,0,0,0,0,0,0
0.0005554629735930994,5,14,3,0,1,0,0,0,0,1,0,0,0,0,0,0,0,0,0
0.0006332260618275059,5,54,9,0,1,0,0,0,0,1,0,0,0,0,0,0,0,0,0
1.0615278711363424e-06,5,9,2,0,1,0,0,0,0,1,0,0,0,0,0,0,0,0,0
0.0005110269231734386,4,22,4,0,1,0,0,0,0,1,0,0,0,0,0,0,0,0,0
9.689527660953824e-07,5,10,2,0,1,0,0,0,0,1,0,0,0,0,0,0,0,0,0
0.0006998801374569971,3,25,3,0,0,0,0,0,0,1,0,0,0,0,0,0,0,0,0
0.0,5,8,2,0,1,0,0,0,0,1,0,0,0,0,0,0,0,0,0
0.000377718771914456,5,15,3,0,1,0,0,0,0,1,0,0,0,0,0,0,0,0,0
6.91227450972502e-07,5,41,6,0,1,0,0,0,0,1,0,0,0,0,0,0,0,0,0
9.99811134442369e-07,5,11,2,0,1,0,0,0,0,1,0,0,0,0,0,0,0,0,0
1.5552617646881295e-06,5,12,3,0,1,0,0,0,0,1,0,0,0,0,0,0,0,0,0
1.2158197128712759e-06,5,11,2,0,1,0,0,0,0,1,0,0,0,0,0,0,0,0,0
9.380943977483956e-07,5,18,3,0,1,0,0,0,0,1,0,0,0,0,0,0,0,0,0
5.924806722621445e-07,5,42,7,0,1,0,0,0,0,1,0,0,0,0,0,0,0,0,0
8.455192927074356e-07,5,12,3,0,1,0,0,0,0,1,0,0,0,0,0,0,0,0,0
0.0006554440870373364,5,10,2,0,1,0,0,0,0,1,0,0,0,0,0,0,0,0,0
1.073871218475137e-06,1,13,2,0,0,0,0,0,0,1,0,0,0,0,0,0,0,0,0
9.380943977483956e-07,2,3,1,0,0,0,0,0,0,1,0,0,0,0,0,0,0,0,0
5.98652345931542e-07,5,17,2,0,1,0,0,0,0,1,0,0,0,0,0,0,0,0,0
0.00043326383493903206,5,11,2,0,1,0,0,0,0,1,0,0,0,0,0,0,0,0,0
8.948926820626142e-07,5,13,3,0,1,0,0,0,0,1,0,0,0,0,0,0,0,0,0
1.1541029761773025e-06,5,11,2,0,1,0,0,0,0,1,0,0,0,0,0,0,0,0,0
7.776308823440648e-07,5,43,6,0,1,0,0,0,0,1,0,0,0,0,0,0,0,0,0
9.81296113434177e-07,5,9,2,0,1,0,0,0,0,1,0,0,0,0,0,0,0,0,0
5.924806722621445e-07,5,15,3,0,1,0,0,0,0,1,0,0,0,0,0,0,0,0,0
8.146609243604488e-07,5,68,11,0,1,0,0,0,0,1,0,0,0,0,0,0,0,0,0
0.0005554629735930994,5,12,2,0,1,0,0,0,0,1,0,0,0,0,0,0,0,0,0
6.54197408956118e-07,5,22,3,0,1,0,0,0,0,1,0,0,0,0,0,0,0,0,0
0.0005332449483832689,5,13,2,0,1,0,0,0,0,1,0,0,0,0,0,0,0,0,0
0.0010985702565000652,3,77,10,0,1,0,0,0,0,1,0,0,0,0,0,0,0,0,0
0.0007887522382963189,5,13,2,0,1,0,0,0,0,1,0,0,0,0,0,0,0,0,0
8.578626400462302e-07,5,52,8,0,1,0,0,0,0,1,0,0,0,0,0,0,0,0,0
1.1232446078303157e-06,5,16,3,0,1,0,0,0,0,1,0,0,0,0,0,0,0,0,0
0.0009813084567815158,1,13,2,0,0,0,0,0,0,1,0,0,0,0,0,0,0,0,0
0.0011220226164437752,1,23,4,0,1,0,0,0,0,1,0,0,0,0,0,0,0,0,0
1.5552617646881295e-06,5,12,3,0,1,0,0,0,0,1,0,0,0,0,0,0,0,0,0
8.146609243604488e-07,5,12,3,0,1,0,0,0,0,1,0,0,0,0,0,0,0,0,0
0.0007887522382963189,5,13,2,0,1,0,0,0,0,1,0,0,0,0,0,0,0,0,0
0.0012343470772268068,1,13,2,0,0,0,0,0,0,1,0,0,0,0,0,0,0,0,0
1.2158197128712759e-06,5,17,3,0,1,0,0,0,0,1,0,0,0,0,0,0,0,0,0
0.0006998801374569971,5,14,2,0,1,0,0,0,0,1,0,0,0,0,0,0,0,0,0
0.0005443539609881842,5,15,3,0,1,0,0,0,0,1,0,0,0,0,0,0,0,0,0
0.00042215482233411687,5,48,8,0,1,0,0,0,0,1,0,0,0,0,0,0,0,0,0
0.0004110458097292016,5,38,5,0,1,0,0,0,0,1,0,0,0,0,0,0,0,0,0
0.00042215482233411687,5,13,2,0,1,0,0,0,0,1,0,0,0,0,0,0,0,0,0
1.1232446078303157e-06,5,11,2,0,1,0,0,0,0,1,0,0,0,0,0,0,0,0,0
0.0005244317983833696,4,14,3,0,1,0,0,0,0,1,0,0,0,0,0,0,0,0,0
0.0004110458097292016,5,-82,30,0,1,0,1,0,0,1,0,0,0,0,0,0,0,0,0
8.455192927074356e-07,5,11,2,0,1,0,0,0,0,1,0,0,0,0,0,0,0,0,0
0.0004517788559472241,3,17,3,0,0,0,0,0,0,1,0,0,0,0,0,0,0,0,0
0.0006480380786340595,1,8,1,0,0,0,0,0,0,1,0,0,0,0,0,0,0,0,0
8.455192927074356e-07,1,20,3,0,0,0,0,0,0,1,0,0,0,0,0,0,0,0,0
9.25751050409601e-07,5,10,2,0,1,0,0,0,0,1,0,0,0,0,0,0,0,0,0
0.0,5,15,3,0,1,0,0,0,0,1,0,0,0,0,0,0,0,0,0
6.603690826255153e-07,5,15,3,0,1,0,0,0,0,1,0,0,0,0,0,0,0,0,0
0.0004110458097292016,5,13,2,0,1,0,0,0,0,1,0,0,0,0,0,0,0,0,0
0.0011497951479560633,3,23,3,0,0,0,0,0,0,1,0,0,0,0,0,0,0,0,0
0.0010183384987978998,1,13,1,0,1,0,0,0,0,1,0,0,0,0,0,0,0,0,0
0.0006048363629482781,4,17,3,0,1,0,0,0,0,1,0,0,0,0,0,0,0,0,0
0.0004110458097292016,5,10,2,0,1,0,0,0,0,1,0,0,0,0,0,0,0,0,0
0.0006998801374569971,4,71,12,0,1,0,1,0,0,1,0,0,0,0,0,0,0,0,0
0.0008554063139258101,4,22,4,0,1,0,0,0,0,1,0,0,0,0,0,0,0,0,0
9.99811134442369e-07,5,10,2,0,1,0,0,0,0,1,0,0,0,0,0,0,0,0,0
7.899742296828595e-07,5,14,2,0,1,0,0,0,0,1,0,0,0,0,0,0,0,0,0
0.0008231161172875233,5,11,2,0,1,0,0,0,0,1,0,0,0,0,0,0,0,0,0
0.0007702372172881267,3,18,2,0,1,0,0,0,0,1,0,0,0,0,0,0,0,0,0
6.35682387947926e-07,5,12,3,0,1,0,0,0,0,1,0,0,0,0,0,0,0,0,0
0.0004888088979636082,5,49,6,0,1,0,0,0,0,1,0,0,0,0,0,0,0,0,0
0.0004582591133000913,1,14,2,0,0,0,0,0,0,1,0,0,0,0,0,0,0,0,0
0.0,4,2,1,0,1,0,0,0,0,1,0,0,0,0,0,0,0,0,0
1.2281630602100705e-06,5,12,2,0,1,0,0,0,0,1,0,0,0,0,0,0,0,0,0
0.0004999179105685234,4,16,3,0,1,0,0,0,0,1,0,0,0,0,0,0,0,0,0
0.0006295230576258675,1,17,2,0,1,0,0,0,0,1,0,0,0,0,0,0,0,0,0
0.0021600981276364076,3,26,4,0,1,0,0,0,0,1,0,0,0,0,0,0,0,0,0
6.91227450972502e-07,5,14,2,0,1,0,0,0,0,1,0,0,0,0,0,0,0,0,0
1.055356197466945e-06,5,10,2,0,1,0,0,0,0,1,0,0,0,0,0,0,0,0,0
0.001107340204784279,5,45,8,0,1,0,1,0,0,1,0,0,0,0,0,0,0,0,0
0.0004110458097292016,5,42,5,0,1,0,0,0,0,1,0,0,0,0,0,0,0,0,0
1.0862145658139318e-06,5,14,3,0,1,0,0,0,0,1,0,0,0,0,0,0,0,0,0
1.0615278711363424e-06,5,12,3,0,1,0,0,0,0,1,0,0,0,0,0,0,0,0,0
7.344291666582834e-07,5,14,3,0,1,0,0,0,0,1,0,0,0,0,0,0,0,0,0
7.838025560134621e-07,5,11,2,0,1,0,0,0,0,1,0,0,0,0,0,0,0,0,0
0.0008331882887159797,1,13,1,0,1,0,0,0,0,1,0,0,0,0,0,0,0,0,0
7.961459033522568e-07,5,115,18,0,1,0,0,0,0,1,0,0,0,0,0,0,0,0,0
0.0005110269231734386,5,12,2,0,1,0,0,0,0,1,0,0,0,0,0,0,0,0,0
1.0923862394833291e-06,5,77,13,0,1,0,0,0,0,1,0,0,0,0,0,0,0,0,0
0.0009470556679163606,3,24,3,0,0,0,0,0,0,1,0,0,0,0,0,0,0,0,0
0.0016046474973906472,1,11,2,0,0,0,0,0,0,1,0,0,0,0,0,0,0,0,0
0.0004554818601488625,5,18,3,0,1,0,0,0,0,1,0,0,0,0,0,0,0,0,0
8.084892506910514e-07,5,10,2,0,1,0,0,0,0,1,0,0,0,0,0,0,0,0,0
0.0004443728475439473,5,12,2,0,1,0,0,0,0,1,0,0,0,0,0,0,0,0,0
0.00035550074670462556,5,13,3,0,1,0,0,0,0,1,0,0,0,0,0,0,0,0,0
0.0010800552354918733,5,11,2,0,1,0,0,0,0,1,0,0,0,0,0,0,0,0,0
7.714592086746674e-07,5,13,2,0,1,0,0,0,0,1,0,0,0,0,0,0,0,0,0
8.640343137156275e-07,5,15,3,0,1,0,0,0,0,1,0,0,0,0,0,0,0,0,0
0.0004110458097292016,5,15,3,0,1,0,0,0,0,1,0,0,0,0,0,0,0,0,0
0.0012553307677027577,5,12,3,0,1,0,0,0,0,1,0,0,0,0,0,0,0,0,0
0.0008887333517405558,5,17,3,0,1,0,0,0,0,1,0,0,0,0,0,0,0,0,0
0.0005776809988029298,5,11,2,0,1,0,0,0,0,1,0,0,0,0,0,0,0,0,0
7.529441876664754e-07,5,10,2,0,1,0,0,0,0,1,0,0,0,0,0,0,0,0,0
0.0004110458097292016,5,38,5,0,1,0,0,0,0,1,0,0,0,0,0,0,0,0,0
0.0004665908727537777,5,18,3,0,1,0,0,0,0,1,0,0,0,0,0,0,0,0,0
0.0008640466570629664,5,99,17,0,1,0,0,0,0,0,0,0,0,0,0,0,1,0,0
0.0009307007326924576,4,22,3,0,0,0,0,0,0,0,0,0,0,0,0,0,1,0,0
0.0007406131836750196,1,13,2,0,0,0,0,0,0,0,0,0,0,0,0,0,1,0,0
0.002135473149695512,3,28,5,0,1,0,0,0,0,0,0,0,0,0,0,0,1,0,0
0.001728080970778594,5,41,8,0,1,0,0,0,0,0,0,0,0,0,0,0,1,0,0
0.0017589393391255806,1,12,1,0,1,0,0,0,0,0,0,0,0,0,0,0,1,0,0
0.0008331882887159797,5,45,8,0,1,0,0,0,0,0,0,0,0,0,0,0,1,0,0
0.000377718771914456,3,35,5,0,0,0,0,0,0,0,0,0,0,0,0,0,1,0,0
0.0009566217621039265,3,24,3,0,0,0,0,0,0,0,0,0,0,0,0,0,1,0,0
0.0005443539609881842,1,13,2,0,0,0,0,0,0,0,0,0,0,0,0,0,1,0,0
0.0004981836702674226,5,12,2,0,1,0,0,0,0,0,0,0,0,0,0,0,1,0,0
0.0,5,14,2,0,1,0,0,0,0,0,0,0,0,0,0,0,1,0,0
1.2898797969040439e-06,5,10,2,0,1,0,0,0,0,0,0,0,0,0,0,0,1,0,0
0.0013046732986895895,1,15,2,0,0,0,0,0,0,0,0,0,0,0,0,0,1,0,0
0.0014812140240027004,4,17,3,0,1,0,0,0,0,0,0,0,0,0,0,0,1,0,0
0.00111091360383886,5,13,2,0,1,0,0,0,0,0,0,0,0,0,0,0,1,0,0
1.2466780812182627e-06,5,17,3,0,1,0,0,0,0,0,0,0,0,0,0,0,1,0,0
0.0012343470772268068,5,28,6,0,1,0,0,0,0,0,0,0,0,0,0,0,1,0,0
0.0023390766640489303,1,13,2,0,0,0,0,0,0,0,0,0,0,0,0,0,1,0,0
0.0009257633937569398,5,12,2,0,1,0,0,0,0,0,0,0,0,0,0,0,1,0,0
0.0012343470772268068,5,12,3,0,1,0,0,0,0,0,0,0,0,0,0,0,1,0,0
0.0009010766990793504,5,16,2,0,1,0,0,0,0,0,0,0,0,0,0,0,1,0,0
0.0,5,10,2,0,1,0,0,0,0,0,0,0,0,0,0,0,1,0,0
0.0009331694021602166,5,10,2,0,1,0,0,0,0,0,0,0,0,0,0,0,1,0,0
0.0005863213419400861,5,9,2,0,1,0,0,0,0,0,0,0,0,0,0,0,1,0,0
0.0012343470772268068,1,14,3,0,0,0,0,0,0,0,0,0,0,0,0,0,1,0,0
0.0011164681101413175,1,32,80,0,1,0,0,0,0,0,0,0,0,0,0,0,1,0,0
0.0008949050254099531,1,51,7,0,0,0,0,0,0,0,0,0,0,0,0,0,1,0,0
2.8389698879227764e-07,5,20,3,0,1,0,0,0,0,0,0,0,0,0,0,0,1,0,0
0.0005598386902247022,5,14,2,0,1,0,0,0,0,0,0,0,0,0,0,0,1,0,0
0.0067888533796844125,1,22,4,0,0,0,0,0,0,0,0,0,0,0,0,0,1,0,0
1.2775364495652493e-06,5,95,13,0,1,0,0,0,0,0,0,0,0,0,0,0,1,0,0
1.0615278711363424e-06,5,11,2,0,1,0,0,0,0,0,0,0,0,0,0,0,1,0,0
9.072360294014089e-07,5,10,2,0,1,0,0,0,0,0,0,0,0,0,0,0,1,0,0
0.0006171797102870728,5,13,3,0,1,0,0,0,0,0,0,0,0,0,0,0,1,0,0
0.0009010766990793504,5,51,6,0,1,0,0,0,0,0,0,0,0,0,0,0,1,0,0
0.0016046474973906472,5,13,3,0,1,0,0,0,0,0,0,0,0,0,0,0,1,0,0
0.0006171797102870728,5,13,3,0,1,0,0,0,0,0,0,0,0,0,0,0,1,0,0
0.0016509350499111272,5,11,2,0,1,0,0,0,0,0,0,0,0,0,0,0,1,0,0
0.0007875179035624393,3,72,9,0,0,0,0,0,0,0,0,0,0,0,0,0,1,0,0
0.0012960638139207802,5,14,2,0,1,0,0,0,0,0,0,0,0,0,0,0,1,0,0
0.0005221359357783537,5,57,10,0,1,0,0,0,0,0,0,0,0,0,0,0,1,0,0
0.0019116882624431648,3,19,4,1,1,0,0,0,0,0,0,0,0,0,0,0,1,0,0
0.0005246046052461127,5,49,8,0,1,0,0,0,0,0,0,0,0,0,0,0,1,0,0
0.0015552741080354685,5,22,3,0,1,0,0,0,0,0,0,0,0,0,0,0,1,0,0
0.001010932490394623,4,28,4,0,0,0,0,0,0,0,0,0,0,0,0,0,1,0,0
0.0020878895457044585,4,24,3,0,0,0,0,0,0,0,0,0,0,0,0,0,1,0,0
0.0008640466570629664,5,10,2,0,1,0,0,0,0,0,0,0,0,0,0,0,1,0,0
9.62781092425985e-07,1,13,2,0,0,0,0,0,0,0,0,0,0,0,0,0,1,0,0
0.0,5,17,3,0,1,0,0,0,0,0,0,0,0,0,0,0,1,0,0
0.00038882778451937124,5,15,2,0,1,0,0,0,0,0,0,0,0,0,0,0,1,0,0
0.0018515144441665409,5,17,3,0,1,0,0,0,0,0,0,0,0,0,0,0,1,0,0
0.0009442784147651319,5,10,2,0,1,0,0,0,0,0,0,0,0,0,0,0,1,0,0
0.0007406131836750196,5,12,3,0,1,0,0,0,0,0,0,0,0,0,0,0,1,0,0
0.001623471102082309,3,21,3,1,1,0,0,0,0,0,0,0,0,0,0,0,1,0,0
0.0007097548153280329,5,14,3,0,1,0,0,0,0,0,0,0,0,0,0,0,1,0,0
0.0008368912929176181,5,10,2,0,1,0,0,0,0,0,0,0,0,0,0,0,1,0,0
1.0923862394833291e-06,5,10,2,0,1,0,0,0,0,0,0,0,0,0,0,0,1,0,0
0.0,5,49,95,0,1,0,0,0,0,0,0,0,0,0,0,0,1,0,0
0.0009257633937569398,5,65,10,0,1,0,0,0,0,0,0,0,0,0,0,0,1,0,0
0.0008220792761110644,1,30,5,0,0,0,0,0,0,0,0,0,0,0,0,0,1,0,0
0.0018515144441665409,5,12,3,0,1,0,0,0,0,0,0,0,0,0,0,0,1,0,0
1.0985579131527265e-06,5,14,2,0,1,0,0,0,0,0,0,0,0,0,0,0,1,0,0
0.0021600981276364076,3,17,3,0,0,0,0,0,0,0,0,0,0,0,0,0,1,0,0
0.0007467848573444169,5,11,2,0,1,0,0,0,0,0,0,0,0,0,0,0,1,0,0
0.0007220981626668276,5,11,2,0,1,0,0,0,0,0,0,0,0,0,0,0,1,0,0
0.0006665530996422515,5,102,13,0,1,0,1,0,0,0,0,0,0,0,0,0,1,0,0
0.0011602869931940387,3,22,3,0,0,0,0,0,0,0,0,0,0,0,0,0,1,0,0
0.0007665342130864884,5,66,9,0,1,0,0,0,0,0,0,0,0,0,0,0,1,0,0
0.0008472597046822057,5,17,3,0,1,0,0,0,0,0,0,0,0,0,0,0,1,0,0
9.25751050409601e-07,5,17,3,0,1,0,0,0,0,0,0,0,0,0,0,0,1,0,0
6.35682387947926e-07,5,12,2,0,1,0,0,0,0,0,0,0,0,0,0,0,1,0,0
7.838025560134621e-07,5,11,2,0,1,0,0,0,0,0,0,0,0,0,0,0,1,0,0
0.0005998990240127603,5,70,12,0,1,0,1,0,0,0,0,0,0,0,0,0,1,0,0
0.00042215482233411687,5,17,3,0,1,0,0,0,0,0,0,0,0,0,0,0,1,0,0
1.2466780812182627e-06,5,11,2,0,1,0,0,0,0,0,0,0,0,0,0,0,1,0,0
0.001672535907754018,5,17,3,0,1,0,0,0,0,0,0,0,0,0,0,0,1,0,0
0.00120348870887982,4,16,3,0,1,0,0,0,0,0,0,0,0,0,0,0,1,0,0
7.776308823440648e-07,5,14,2,0,1,0,0,0,0,0,0,0,0,0,0,0,1,0,0
0.0006665530996422515,5,41,7,0,1,0,0,0,0,0,0,0,0,0,0,0,1,0,0
0.0005554629735930994,4,42,5,0,1,0,0,0,0,0,0,0,0,0,0,0,1,0,0
8.455192927074356e-07,5,12,2,0,1,0,0,0,0,0,0,0,0,0,0,0,1,0,0
0.00111091360383886,1,10,2,0,0,0,0,0,0,0,0,0,0,0,0,0,1,0,0
0.0011726303405328333,1,17,3,0,0,0,0,0,0,0,0,0,0,0,0,0,1,0,0
0.0006418664049646621,1,15,2,0,0,0,0,0,0,0,0,0,0,0,0,0,1,0,0
0.0011726303405328333,1,13,2,0,0,0,0,0,0,0,0,0,0,0,0,0,1,0,0
0.0007969605642766173,5,16,3,0,1,0,0,0,0,0,0,0,0,0,0,0,1,0,0
0.0011374518006172685,5,28,5,0,1,0,0,0,0,0,0,0,0,0,0,0,1,0,0
1.1849613445242893e-06,5,10,2,0,1,0,0,0,0,0,0,0,0,0,0,0,1,0,0
0.0011183196122421368,5,14,2,0,1,0,0,0,0,0,0,0,0,0,0,0,1,0,0
0.0008887333517405558,1,13,2,0,0,0,0,0,0,0,0,0,0,0,0,0,1,0,0
1.7712703431170364e-06,5,14,3,0,1,0,0,0,0,0,0,0,0,0,0,0,1,0,0
0.0014022166010344145,5,103,20,0,1,0,0,0,0,0,0,0,0,0,0,0,1,0,0
6.295107142785287e-07,5,13,2,0,1,0,0,0,0,0,0,0,0,0,0,0,1,0,0
1.0615278711363424e-06,5,16,3,0,1,0,0,0,0,0,0,0,0,0,0,0,1,0,0
0.00111091360383886,5,10,2,0,1,0,0,0,0,0,0,0,0,0,0,0,1,0,0
0.0007943067445987765,1,13,2,0,0,0,0,0,0,0,0,0,0,0,0,0,1,0,0
1.2898797969040439e-06,5,48,8,0,1,0,0,0,0,0,0,0,0,0,0,0,1,0,0
0.0012726114539770702,5,10,2,0,1,0,0,0,0,0,0,0,0,0,0,0,1,0,0
1.2466780812182627e-06,3,2,1,0,1,0,0,0,0,0,0,0,0,0,0,0,1,0,0
0.0005110269231734386,5,46,6,0,1,0,0,0,0,0,0,0,0,0,0,0,1,0,0
0.0010998045912339448,5,12,2,0,1,0,0,0,0,0,0,0,0,0,0,0,1,0,0
1.1294162814997132e-06,5,14,2,0,1,0,0,0,0,0,0,0,0,0,0,0,1,0,0
0.0016200766815641404,3,13,3,0,1,0,0,0,0,0,0,0,0,0,0,0,1,0,0
0.0008220792761110644,5,13,2,0,1,0,0,0,0,0,0,0,0,0,0,0,1,0,0
7.344291666582834e-07,5,14,2,0,1,0,0,0,0,0,0,0,0,0,0,0,1,0,0
0.0006443350744324211,5,13,2,0,1,0,0,0,0,0,0,0,0,0,0,0,1,0,0
1.2590214285570573e-06,5,12,3,0,1,0,0,0,0,0,0,0,0,0,0,0,1,0,0
9.072360294014089e-07,5,16,3,0,1,1,0,0,0,0,0,0,0,0,0,0,1,0,0
8.763776610544222e-07,5,10,2,0,1,0,0,0,0,0,0,0,0,0,0,0,1,0,0
0.0007159264889974302,5,92,10,0,1,0,0,0,0,0,0,0,0,0,0,0,1,0,0
0.0004443728475439473,5,9,2,0,1,0,0,0,0,0,0,0,0,0,0,0,1,0,0
0.0007116063174288521,3,18,2,0,0,0,0,0,0,0,0,0,0,0,0,0,1,0,0
0.0006233513839564701,4,27,5,0,1,0,0,0,0,0,0,0,0,0,0,0,1,0,0
0.0007776432256914037,3,-88,25,0,0,0,0,0,0,0,0,0,0,0,0,0,1,0,0
1.1232446078303157e-06,5,13,2,0,1,0,0,0,0,0,0,0,0,0,0,0,1,0,0
0.0008455316360547743,5,15,3,0,1,0,0,0,0,0,0,0,0,0,0,0,1,0,0
0.0006943256311545395,5,13,2,0,1,0,0,0,0,0,0,0,0,0,0,0,1,0,0
0.0007665342130864884,5,12,2,0,1,0,0,0,0,0,0,0,0,0,0,0,1,0,0
8.702059873850248e-07,1,13,2,0,0,0,0,0,0,0,0,0,0,0,0,0,1,0,0
0.0006914414023263746,5,12,2,0,1,0,0,0,0,0,0,0,0,0,0,0,1,0,0
0.002584400692407475,3,19,4,1,1,0,0,0,0,0,0,0,0,0,0,0,1,0,0
0.0005554629735930994,4,15,3,0,1,0,0,0,0,0,0,0,0,0,0,0,1,0,0
0.0008887333517405558,1,13,2,0,0,0,0,0,0,0,0,0,0,0,0,0,1,0,0
7.28257492988886e-07,5,59,9,0,1,0,0,0,0,0,0,0,0,0,0,0,1,0,0
5.307639355681712e-07,5,12,2,0,1,0,0,0,0,0,0,0,0,0,0,0,1,0,0
0.000588790011407845,3,14,2,0,0,0,0,0,0,0,0,0,0,0,0,0,1,0,0
0.0007776432256914037,3,109,16,0,0,0,0,0,0,0,0,0,0,0,0,0,1,0,0
0.0009776054525798775,5,26,4,0,1,0,0,0,0,0,0,0,0,0,0,0,1,0,0
0.0006998801374569971,5,11,2,0,1,0,0,0,0,0,0,0,0,0,0,0,1,0,0
0.0007591282046832117,3,17,2,0,0,0,0,0,0,0,0,0,0,0,0,0,1,0,0
0.0007666658754581022,3,11,2,0,1,0,0,0,0,0,0,0,0,0,0,0,1,0,0
0.0007887522382963189,1,17,2,0,0,0,0,0,0,0,0,0,0,0,0,0,1,0,0
0.0006665530996422515,3,31,4,0,0,0,0,0,0,0,0,0,0,0,0,0,1,0,0
1.308394817912236e-06,5,14,2,0,1,0,0,0,0,0,0,0,0,0,0,0,1,0,0
0.001419497287308727,5,16,3,0,1,0,0,0,0,0,0,0,0,0,0,0,1,0,0
0.0013577805506147535,5,57,11,0,1,0,0,0,0,0,0,0,0,0,0,0,1,0,0
0.00047769988535869293,3,30,3,0,0,0,0,0,0,0,0,0,0,0,0,0,1,0,0
0.0010220415029995383,1,13,2,0,0,0,0,0,0,0,0,0,0,0,0,0,1,0,0
7.529441876664754e-07,3,25,3,0,0,0,0,0,0,0,0,0,0,0,0,0,1,0,0
0.0004554818601488625,5,11,2,0,1,0,0,0,0,0,0,0,0,0,0,0,1,0,0
0.0005443539609881842,5,9,2,0,1,0,0,0,0,0,0,0,0,0,0,0,1,0,0
0.0013343281906710437,5,13,2,0,1,0,0,0,0,0,0,0,0,0,0,0,1,0,0
0.0011331316290486904,5,13,3,0,1,0,0,0,0,0,0,0,0,0,0,0,1,0,0
0.0007332071752717428,5,41,6,0,1,0,0,0,0,0,0,0,0,0,0,0,1,0,0
0.0009529187579022881,5,20,4,0,1,0,0,0,0,0,0,0,0,0,0,0,1,0,0
0.0006221170492225907,5,11,2,0,1,0,0,0,0,0,0,0,0,0,0,0,1,0,0
0.001083141072326572,3,56,8,0,1,0,0,0,0,0,0,0,0,0,0,0,1,0,0
5.245922618987739e-07,5,10,2,0,1,0,0,0,0,0,0,0,0,0,0,0,1,0,0
5.492789565763632e-07,5,17,3,0,1,0,0,0,0,0,0,0,0,0,0,0,1,0,0
1.0059828081117663e-06,3,14,2,0,1,0,0,0,0,0,0,0,0,0,0,0,1,0,0
1.3330815125898253e-06,1,20,3,0,0,0,0,0,0,0,0,0,0,0,0,0,1,0,0
0.0004999179105685234,5,11,2,0,1,0,0,0,0,0,0,0,0,0,0,0,1,0,0
0.0005443539609881842,5,14,3,0,1,0,0,0,0,0,0,0,0,0,0,0,1,0,0
8.146609243604488e-07,5,14,2,0,1,0,0,0,0,0,0,0,0,0,0,0,1,0,0
1.382454901945004e-06,5,15,3,0,1,0,0,0,0,0,0,0,0,0,0,0,1,0,0
1.3330815125898253e-06,1,20,3,0,0,0,0,0,0,0,0,0,0,0,0,0,1,0,0
1.3392531862592226e-06,5,12,2,0,1,0,0,0,0,0,0,0,0,0,0,0,1,0,0
0.0011183196122421368,5,13,3,0,1,0,0,0,0,0,0,0,0,0,0,0,1,0,0
0.0009134200464181451,3,39,6,0,1,0,0,0,0,0,0,0,0,0,0,0,1,0,0
1.7465836484394472e-06,5,75,12,0,1,0,0,0,0,0,0,0,0,0,0,0,1,0,0
0.0006110080366176755,5,56,9,0,1,0,0,0,0,0,0,0,0,0,0,0,1,0,0
1.0306695027893558e-06,5,20,4,0,1,1,0,0,0,0,0,0,0,0,0,0,1,0,0
0.0007220981626668276,5,39,6,0,1,0,0,0,0,0,0,0,0,0,0,0,1,0,0
0.0005332449483832689,5,12,2,0,1,0,0,0,0,0,0,0,0,0,0,0,1,0,0
0.000723332497400707,5,-120,22,0,1,0,0,0,0,0,0,0,0,0,0,0,1,0,0
0.0008220792761110644,5,8,2,0,1,0,0,0,0,0,0,0,0,0,0,0,1,0,0
2.2094591736442475e-06,5,52,9,0,1,0,0,0,0,0,0,0,0,0,0,0,1,0,0
1.1232446078303157e-06,5,12,3,0,1,0,0,0,0,0,0,0,0,0,0,0,1,0,0
0.0008424457992200757,5,42,6,0,1,0,0,0,0,0,0,0,0,0,0,0,1,0,0
0.0006480380786340595,5,10,2,0,1,0,0,0,0,0,0,0,0,0,0,0,1,0,0
1.795957037794626e-06,3,113,15,0,0,0,0,0,0,0,0,0,0,0,0,0,1,0,0
0.0009103342095834465,3,24,3,0,0,0,0,0,0,0,0,0,0,0,0,0,1,0,0
1.110901260491521e-06,5,11,3,0,1,0,0,0,0,0,0,0,0,0,0,0,1,0,0
0.0007406131836750196,3,26,3,0,0,0,0,0,0,0,0,0,0,0,0,0,1,0,0
8.084892506910514e-07,5,11,2,0,1,0,0,0,0,0,0,0,0,0,0,0,1,0,0
0.0017064801129357033,5,11,2,0,1,0,0,0,0,0,0,0,0,0,0,0,1,0,0
7.838025560134621e-07,5,12,3,0,1,0,0,0,0,0,0,0,0,0,0,0,1,0,0
0.0005554629735930994,5,14,2,0,1,0,0,0,0,0,0,0,0,0,0,0,1,0,0
0.00042215482233411687,5,14,3,0,1,0,0,0,0,0,0,0,0,0,0,0,1,0,0
0.0005455882957220637,4,23,3,0,0,0,0,0,0,0,0,0,0,0,0,0,1,0,0
0.0011417719721858468,5,14,2,0,1,0,0,0,0,0,0,0,0,0,0,0,1,0,0
0.0008831665020907594,1,26,3,0,0,0,0,0,0,0,0,0,0,0,0,0,1,0,0
0.00034439173409971037,5,11,2,0,1,0,0,0,0,0,0,0,0,0,0,0,1,0,0
0.0005554629735930994,5,14,2,0,1,0,0,0,0,0,0,0,0,0,0,0,1,0,0
0.0009386560200523108,3,34,5,0,0,0,0,0,0,0,0,0,0,0,0,0,1,0,0
0.0011985513699443021,5,13,2,0,1,0,0,0,0,0,0,0,0,0,0,0,1,0,0
1.5552617646881295e-06,5,75,11,0,1,0,0,0,0,0,0,0,0,0,0,0,1,0,0
1.2158197128712759e-06,1,22,4,0,0,0,0,0,0,0,0,0,0,0,0,0,1,0,0
0.0003666097593095408,5,19,3,0,1,0,0,0,0,0,0,0,0,0,0,0,1,0,0
9.566094187565878e-07,5,36,6,0,1,0,0,0,0,0,0,0,0,0,0,0,1,0,0
0.0004665908727537777,5,18,3,0,1,1,0,0,0,0,0,0,0,0,0,0,1,0,0
1.6786952380760765e-06,1,13,2,0,0,0,0,0,0,0,0,0,0,0,0,0,1,0,0
2.5735879201386907e-06,3,23,4,0,0,0,0,0,0,0,0,0,0,0,0,0,1,0,0
1.0244978291199585e-06,5,16,3,0,1,0,0,0,0,0,0,0,0,0,0,0,1,0,0
1.308394817912236e-06,5,12,3,0,1,0,0,0,0,0,0,0,0,0,0,0,1,0,0
1.2898797969040439e-06,5,68,10,0,1,0,0,0,0,0,0,0,0,0,0,0,1,0,0
9.936394607729717e-07,1,16,3,0,0,0,0,0,0,0,0,0,0,0,0,0,1,0,0
1.3207381652510307e-06,5,11,2,0,1,0,0,0,0,0,0,0,0,0,0,0,1,0,0
0.0005554629735930994,5,10,2,0,1,0,0,0,0,0,0,0,0,0,0,0,1,0,0
0.0002444106206554735,3,22,3,0,0,0,0,0,0,0,0,0,0,0,0,0,1,0,0
0.0013886389189617402,3,32,4,0,0,0,0,0,0,0,0,0,0,0,0,0,1,0,0
7.220858193194887e-07,5,24,4,0,1,0,0,0,0,0,0,0,0,0,0,0,1,0,0
0.0007245668321345866,5,46,7,0,1,0,0,0,0,0,0,0,0,0,0,0,1,0,0
2.308205952354605e-06,5,45,8,0,1,0,0,0,0,0,0,0,0,0,0,0,1,0,0
0.0009257633937569398,4,22,4,0,1,0,0,0,0,0,0,0,0,0,0,0,1,0,0
0.0,1,13,2,0,0,0,0,0,0,0,0,0,0,0,0,0,1,0,0
1.4935450279941562e-06,1,14,2,0,0,0,0,0,0,0,0,0,0,0,0,0,1,0,0
0.0004999179105685234,5,9,2,0,1,0,0,0,0,0,0,0,0,0,0,0,1,0,0
9.81296113434177e-07,5,10,2,0,1,0,0,0,0,0,0,0,0,0,0,0,1,0,0
0.0005221359357783537,5,15,3,0,1,0,0,0,0,0,0,0,0,0,0,0,1,0,0
7.529441876664754e-07,1,10,2,0,0,0,0,0,0,0,0,0,0,0,0,0,1,0,0
0.0,1,13,2,0,0,0,0,0,0,0,0,0,0,0,0,0,1,0,0
0.0015429307606966737,3,35,5,0,0,0,0,0,0,0,0,0,0,0,0,0,1,0,0
0.007776321166787987,1,10,2,0,0,0,0,0,0,0,0,0,0,0,0,0,1,0,0
0.0005863213419400861,1,13,2,0,0,0,0,0,0,0,0,0,0,0,0,0,1,0,0
9.504377450871902e-07,1,13,2,0,0,0,0,0,0,0,0,0,0,0,0,0,1,0,0
0.0019132311808605141,5,78,15,0,1,0,0,0,0,0,0,0,0,0,0,0,1,0,0
0.0013886389189617402,3,25,4,0,0,0,0,0,0,0,0,0,0,0,0,0,1,0,0
0.0006443350744324211,5,14,2,0,1,0,0,0,0,0,0,0,0,0,0,0,1,0,0
2.9747467086495177e-06,5,13,2,0,1,0,0,0,0,0,0,0,0,0,0,0,1,0,0
0.0030858491780460084,1,10,2,0,0,0,0,0,0,0,0,0,0,0,0,0,1,0,0
0.0003332827214947952,5,17,3,0,1,0,0,0,0,0,0,0,0,0,0,0,1,0,0
2.9747467086495177e-06,5,13,2,0,1,0,0,0,0,0,0,0,0,0,0,0,1,0,0
0.0,1,13,2,0,0,0,0,0,0,0,0,0,0,0,0,0,1,0,0
1.4071415966225935e-06,5,14,2,0,1,0,0,0,0,0,0,0,0,0,0,0,1,0,0
0.0,1,13,2,0,0,0,0,0,0,0,0,0,0,0,0,0,1,0,0
2.9747467086495177e-06,5,13,2,0,1,0,0,0,0,0,0,0,0,0,0,0,1,0,0
1.9872789215459433e-06,5,12,3,0,1,0,0,0,0,0,0,0,0,0,0,0,1,0,0
5.369356092375685e-07,5,11,2,0,1,0,0,0,0,0,0,0,0,0,0,0,1,0,0
1.073871218475137e-06,5,8,2,0,1,0,0,0,0,0,0,0,0,0,0,0,1,0,0
2.9747467086495177e-06,5,13,2,0,1,0,0,0,0,0,0,0,0,0,0,0,1,0,0
0.0010942500849314871,5,13,3,0,1,0,0,0,0,0,0,0,0,0,0,0,1,0,0
1.073871218475137e-06,1,13,2,0,0,0,0,0,0,0,0,0,0,0,0,0,1,0,0
2.4810128150977307e-06,5,17,3,0,1,0,0,0,0,0,0,0,0,0,0,0,1,0,0
0.0005443539609881842,5,11,2,0,1,0,0,0,0,0,0,0,0,0,0,0,1,0,0
2.2650042366688236e-06,5,17,3,0,1,0,0,0,0,0,0,0,0,0,0,0,1,0,0
2.9747467086495177e-06,5,13,2,0,1,0,0,0,0,0,0,0,0,0,0,0,1,0,0
0.0004999179105685234,5,14,2,0,1,0,0,0,0,0,0,0,0,0,0,0,1,0,0
0.0005554629735930994,5,90,15,0,1,0,0,0,0,0,0,0,0,0,0,0,1,0,0
1.4071415966225935e-06,1,13,2,0,0,0,0,0,0,0,0,0,0,0,0,0,1,0,0
0.0004443728475439473,1,13,2,0,0,0,0,0,0,0,0,0,0,0,0,0,1,0,0
1.0121544817811636e-06,5,11,2,0,1,0,0,0,0,0,0,0,0,0,0,0,1,0,0
5.801373249233499e-07,5,10,2,0,1,0,0,0,0,0,0,0,0,0,0,0,1,0,0
0.0005184329315767154,5,11,44,0,1,0,0,0,0,0,0,0,0,0,0,0,1,0,0
6.603690826255153e-07,5,46,7,0,1,0,0,0,0,0,0,0,0,0,0,0,1,0,0
1.598463480373911e-06,5,17,3,0,1,0,0,0,0,0,0,0,0,0,0,0,1,0,0
0.0007943067445987765,3,21,3,0,0,0,0,0,0,0,0,0,0,0,0,0,1,0,0
0.00039993679712428643,5,13,2,0,1,0,0,0,0,0,0,0,0,0,0,0,1,0,0
1.036841176458753e-06,5,20,3,0,1,0,0,0,0,0,0,0,0,0,0,0,1,0,0
0.0,5,15,2,0,1,0,0,0,0,0,0,0,0,0,0,0,1,0,0
0.0008331882887159797,3,-107,19,0,0,0,0,0,0,0,0,0,0,0,0,0,1,0,0
9.072360294014089e-07,1,13,2,0,0,0,0,0,0,0,0,0,0,0,0,0,1,0,0
1.0615278711363424e-06,5,14,2,0,1,0,0,0,0,0,0,0,0,0,0,0,1,0,0
1.4256566176307855e-06,5,13,2,0,1,0,0,0,0,0,0,0,0,0,0,0,1,0,0
0.0008640466570629664,5,20,3,0,1,0,0,0,0,0,0,0,0,0,0,0,1,0,0
1.1602746498466998e-06,5,13,3,0,1,0,0,0,0,0,0,0,0,0,0,0,1,0,0
1.8391587534804073e-06,1,13,2,0,0,0,0,0,0,0,0,0,0,0,0,0,1,0,0
0.0006665530996422515,5,15,2,0,1,0,0,0,0,0,0,0,0,0,0,0,1,0,0
6.184017016736135e-06,4,17,3,0,1,0,0,0,0,0,0,0,0,0,0,0,1,0,0
0.0009435378139248041,1,6,2,0,1,0,0,0,0,0,0,0,0,0,0,0,1,0,0
0.00039993679712428643,5,15,3,0,1,0,0,0,0,0,0,0,0,0,0,0,1,0,0
1.308394817912236e-06,5,13,2,0,1,0,0,0,0,0,0,0,0,0,0,0,1,0,0
0.0,1,13,2,0,0,0,0,0,0,0,0,0,0,0,0,0,1,0,0
1.25284975488766e-06,3,21,3,0,0,0,0,0,0,0,0,0,0,0,0,0,1,0,0
0.000377718771914456,3,31,4,0,0,0,0,0,0,0,0,0,0,0,0,0,1,0,0
6.665407562949127e-07,5,14,2,0,1,0,0,0,0,0,0,0,0,0,0,0,1,0,0
1.2466780812182627e-06,1,11,2,0,1,0,0,0,0,0,0,0,0,0,0,0,1,0,0
0.002221814864330381,1,11,2,0,1,0,0,0,0,0,0,0,0,0,0,0,1,0,0
1.1664463235160971e-06,5,12,3,0,1,0,0,0,0,0,0,0,0,0,0,0,1,0,0
0.000377718771914456,3,31,4,0,0,0,0,0,0,0,0,0,0,0,0,0,1,0,0
6.048240196009393e-07,5,11,2,0,1,0,0,0,0,0,0,0,0,0,0,0,1,0,0
0.001147943645855244,5,13,3,0,1,0,0,0,0,0,0,0,0,0,0,0,1,0,0
0.000377718771914456,3,31,4,0,0,0,0,0,0,0,0,0,0,0,0,0,1,0,0
0.0010121668251285025,3,24,3,0,0,0,0,0,0,0,0,0,0,0,0,0,1,0,0
1.1911330181936866e-06,5,13,3,0,1,0,0,0,0,0,0,0,0,0,0,0,1,0,0
0.0007097548153280329,3,24,3,0,0,0,0,0,0,0,0,0,0,0,0,0,1,0,0
9.99811134442369e-07,5,20,3,0,1,0,0,0,0,0,0,0,0,0,0,0,1,0,0
1.6786952380760765e-06,1,13,2,0,0,0,0,0,0,0,0,0,0,0,0,0,1,0,0
0.001073883561822476,3,25,3,0,0,0,0,0,0,0,0,0,0,0,0,0,1,0,0
0.0007554252004815732,5,11,2,0,1,0,0,0,0,0,0,0,0,0,0,0,1,0,0
0.0005221359357783537,5,10,2,0,1,0,0,0,0,0,0,0,0,0,0,0,1,0,0
0.0005332449483832689,5,-68,80,0,1,0,0,0,0,0,0,0,0,0,0,0,1,0,0
0.0007665342130864884,3,-49,-22,0,1,0,0,0,0,0,0,0,0,0,0,0,1,0,0
0.0,1,8,2,0,0,0,0,0,0,0,0,0,0,0,0,0,1,0,0
7.344291666582834e-07,5,12,2,0,1,0,0,0,0,0,0,0,0,0,0,0,1,0,0
0.0017897977074725674,5,13,2,0,1,0,0,0,0,0,0,0,0,0,0,0,1,0,0
0.000802329920368993,4,28,4,0,1,0,0,0,0,0,0,0,0,0,0,0,1,0,0
1.271364775895852e-06,5,11,2,0,1,0,0,0,0,0,0,0,0,0,0,0,1,0,0
1.1355879551691106e-06,5,18,3,0,1,0,0,0,0,0,0,0,0,0,0,0,1,0,0
0.0009720509462774198,5,12,2,0,1,0,0,0,0,0,0,0,0,0,0,0,1,0,0
1.1294162814997132e-06,5,18,3,0,1,0,0,0,0,0,0,0,0,0,0,0,1,0,0
1.1541029761773025e-06,1,13,2,0,0,0,0,0,0,0,0,0,0,0,0,0,1,0,0
9.99811134442369e-07,5,14,2,0,1,0,0,0,0,0,0,0,0,0,0,0,1,0,0
8.640343137156275e-07,5,8,2,0,1,0,0,0,0,0,0,0,0,0,0,0,1,0,0
8.146609243604488e-07,5,13,2,0,1,0,0,0,0,0,0,0,0,0,0,0,1,0,0
1.25284975488766e-06,3,25,3,0,0,0,0,0,0,0,0,0,0,0,0,0,1,0,0
1.1294162814997132e-06,5,13,2,0,1,0,0,0,0,0,0,0,0,0,0,0,1,0,0
0.0008640466570629664,5,20,3,0,1,0,0,0,0,0,0,0,0,0,0,0,1,0,0
1.1294162814997132e-06,5,45,7,0,1,0,0,0,0,0,0,0,0,0,0,0,1,0,0
0.00034068872989807196,5,97,18,0,1,0,1,0,0,0,0,0,0,0,0,0,1,0,0
1.8638454481579966e-06,5,13,2,0,1,0,0,0,0,0,0,0,0,0,0,0,1,0,0
0.0018515144441665409,1,7,1,0,0,0,0,0,0,0,0,0,0,0,0,0,1,0,0
0.0011170852775082573,5,18,3,0,1,0,0,0,0,0,0,0,0,0,0,0,1,0,0
3.869639390712132e-06,5,12,3,0,1,0,0,0,0,0,0,0,0,0,0,0,1,0,0
0.0014997290450108924,5,13,2,0,1,0,0,0,0,0,0,0,0,0,0,0,1,0,0
9.99811134442369e-07,5,9,2,0,1,0,0,0,0,0,0,0,0,0,0,0,1,0,0
1.110901260491521e-06,5,15,2,0,1,0,0,0,0,0,0,0,0,0,0,0,1,0,0
0.000802329920368993,1,13,2,0,0,0,0,0,0,0,0,0,0,0,0,0,1,0,0
0.0011170852775082573,3,51,7,0,1,0,0,0,0,0,0,0,0,0,0,0,1,0,0
1.0121544817811636e-06,5,11,2,0,1,0,0,0,0,0,0,0,0,0,0,0,1,0,0
8.455192927074356e-07,5,11,2,0,1,0,0,0,0,0,0,0,0,0,0,0,1,0,0
1.2651931022264546e-06,5,13,2,0,1,0,0,0,0,0,0,0,0,0,0,0,1,0,0
1.0923862394833291e-06,5,10,2,0,1,0,0,0,0,0,0,0,0,0,0,0,1,0,0
1.2651931022264546e-06,5,10,2,0,1,0,0,0,0,0,0,0,0,0,0,0,1,0,0
0.001079043081010092,3,32,5,0,1,0,0,0,0,0,0,0,0,0,0,0,1,0,0
0.000799861250901234,5,15,3,0,1,0,0,0,0,0,0,0,0,0,0,0,1,0,0
0.0016552552214797055,1,9,2,0,0,0,0,0,0,0,0,0,0,0,0,0,1,0,0
0.000756042367848513,5,13,3,0,1,0,0,0,0,0,0,0,0,0,0,0,1,0,0
9.88702121837454e-06,1,13,2,0,0,0,0,0,0,0,0,0,0,0,0,0,1,0,0
0.0008331882887159797,5,12,2,0,1,0,0,0,0,0,0,0,0,0,0,0,1,0,0
0.0006443350744324211,5,13,2,0,1,0,0,0,0,0,0,0,0,0,0,0,1,0,0
0.0014269032957120037,1,11,2,0,1,0,0,0,0,0,0,0,0,0,0,0,1,0,0
0.0,5,17,3,0,1,0,0,0,0,0,0,0,0,0,0,0,1,0,0
0.0002777376584702191,4,29,5,0,1,0,0,0,0,0,0,0,0,0,0,0,1,0,0
0.0005665719861980146,5,14,2,0,1,0,0,0,0,0,0,0,0,0,0,0,1,0,0
0.000987480130450913,5,17,3,0,1,0,1,0,0,0,0,0,0,0,0,0,1,0,0
0.0008276337824135221,5,15,3,0,1,0,0,0,0,0,0,0,0,0,0,0,1,0,0
1.0306695027893558e-06,5,42,6,0,1,0,0,0,0,0,0,0,0,0,0,0,1,0,0
1.7712703431170364e-06,5,14,3,0,1,0,0,0,0,0,0,0,0,0,0,0,1,0,0
0.0005443539609881842,3,24,3,0,0,0,0,0,0,0,0,0,0,0,0,0,1,0,0
0.0008807101759703393,3,75,9,0,0,0,0,0,0,0,0,0,0,0,0,0,1,0,0
0.0,4,16,4,0,1,0,0,0,0,0,0,0,0,0,0,0,1,0,0
1.8638454481579966e-06,5,11,2,0,1,0,0,0,0,0,0,0,0,0,0,0,1,0,0
1.1541029761773025e-06,5,13,2,0,1,0,0,0,0,0,0,0,0,0,0,0,1,0,0
9.99811134442369e-07,1,22,4,0,0,0,0,0,0,0,0,0,0,0,0,0,1,0,0
9.99811134442369e-07,1,22,4,0,0,0,0,0,0,0,0,0,0,0,0,0,1,0,0
1.055356197466945e-06,1,13,2,0,0,0,0,0,0,0,0,0,0,0,0,0,1,0,0
5.369356092375685e-07,5,9,2,0,1,0,0,0,0,0,0,0,0,0,0,0,1,0,0
0.0010220415029995383,5,15,3,0,1,0,0,0,0,0,0,0,0,0,0,0,1,0,0
0.0,5,16,3,0,1,0,0,0,0,0,0,0,0,0,0,0,1,0,0
0.0004443728475439473,1,13,2,0,0,0,0,0,0,0,0,0,0,0,0,0,1,0,0
1.2343347338794678e-06,5,10,2,0,1,0,0,0,0,0,0,0,0,0,0,0,1,0,0
0.00048140288956033134,1,22,4,0,0,0,0,0,0,0,0,0,0,0,0,0,1,0,0
0.0011232569511776546,5,12,3,0,1,0,0,0,0,0,0,0,0,0,0,0,1,0,0
6.91227450972502e-07,3,14,2,0,1,0,0,0,0,0,0,0,0,0,0,0,1,0,0
1.1232446078303157e-06,5,20,3,0,1,0,0,0,0,0,0,0,0,0,0,0,1,0,0
0.0006221170492225907,5,14,2,0,1,0,0,0,0,0,0,0,0,0,0,0,1,0,0
5.98652345931542e-07,5,17,3,0,1,0,0,0,0,0,0,0,0,0,0,0,1,0,0
0.000744316187876658,5,17,2,0,1,0,0,0,0,0,0,0,0,0,0,0,1,0,0
8.887210083932169e-07,5,12,2,0,1,0,0,0,0,0,0,0,0,0,0,0,1,0,0
0.0008887333517405558,1,13,2,0,0,0,0,0,0,0,0,0,0,0,0,0,1,0,0
1.055356197466945e-06,5,10,2,0,1,0,0,0,0,0,0,0,0,0,0,0,1,0,0
0.0006998801374569971,5,77,14,0,1,0,0,0,0,0,0,0,0,0,0,0,1,0,0
1.0244978291199585e-06,5,10,2,0,1,0,0,0,0,0,0,0,0,0,0,0,1,0,0
1.8021287114640232e-06,5,14,2,0,1,0,0,0,0,0,0,0,0,0,0,0,1,0,0
0.0010491968671448866,3,35,4,0,0,0,0,0,0,0,0,0,0,0,0,0,1,0,0
9.072360294014089e-07,5,16,3,0,1,1,0,0,0,0,0,0,0,0,0,0,1,0,0
0.0006788964469810462,1,13,2,0,0,0,0,0,0,0,0,0,0,0,0,0,1,0,0
0.0011121479385727395,3,23,3,0,0,0,0,0,0,0,0,0,0,0,0,0,1,0,0
4.628755252048005e-07,5,13,3,0,1,0,0,0,0,0,0,0,0,0,0,0,1,0,0
2.456326120420141e-06,5,12,3,0,1,0,0,0,0,0,0,0,0,0,0,0,1,0,0
0.0003085960268172058,4,2,1,0,1,0,0,0,0,0,0,0,0,0,0,0,1,0,0
0.000185162553429259,4,2,1,0,1,0,0,0,0,0,0,0,0,0,0,0,1,0,0
0.0004665908727537777,5,18,4,0,1,0,0,0,0,0,0,0,0,0,0,0,1,0,0
0.001010932490394623,3,14,2,0,1,0,0,0,0,0,0,0,0,0,0,0,1,0,0
0.0010697485404639797,1,8,1,0,0,0,0,0,0,0,0,0,0,0,0,0,1,0,0
0.0006332260618275059,5,15,2,0,1,0,0,0,0,0,0,0,0,0,0,0,1,0,0
6.295107142785287e-07,1,13,2,0,0,0,0,0,0,0,0,0,0,0,0,0,1,0,0
0.0010985702565000652,5,52,8,0,1,0,0,0,0,0,0,0,0,0,0,0,1,0,0
0.0010059951514591052,3,18,2,0,0,0,0,0,0,0,0,0,0,0,0,0,1,0,0
1.1849613445242893e-06,5,11,2,0,1,0,0,0,0,0,0,0,0,0,0,0,1,0,0
0.001073883561822476,3,49,6,0,0,0,0,0,0,0,0,0,0,0,0,0,1,0,0
6.603690826255153e-07,1,17,2,0,1,0,0,0,0,0,0,0,0,0,0,0,1,0,0
9.380943977483956e-07,5,12,3,0,1,0,0,0,0,0,0,0,0,0,0,0,1,0,0
8.825493347238196e-07,5,14,3,0,1,0,0,0,0,0,0,0,0,0,0,0,1,0,0
0.0004110458097292016,5,67,-85,0,1,0,0,0,0,0,0,0,0,0,0,0,1,0,0
0.0005504886046155651,5,11,2,0,1,0,0,0,0,0,0,0,0,0,0,0,1,0,0
6.54197408956118e-07,5,14,2,0,1,0,0,0,0,0,0,0,0,0,0,0,1,0,0
6.91227450972502e-07,5,12,2,0,1,0,0,0,0,0,0,0,0,0,0,0,1,0,0
0.00038882778451937124,5,13,3,0,1,0,0,0,0,0,0,0,0,0,0,0,1,0,0
0.0020304929805790633,5,15,3,0,1,0,0,0,0,0,0,0,0,0,0,0,1,0,0
0.0005554629735930994,5,41,8,0,1,0,0,0,0,0,0,0,0,0,0,0,1,0,0
0.0012960638139207802,1,20,3,0,0,0,0,0,0,0,0,0,0,0,0,0,1,0,0
0.002184784822313997,5,46,8,0,1,0,0,0,0,0,0,0,0,0,0,0,1,0,0
9.88702121837454e-06,1,13,2,0,0,0,0,0,0,0,0,0,0,0,0,0,1,0,0
0.0010059951514591052,3,35,4,0,0,0,0,0,0,0,0,0,0,0,0,0,1,0,0
0.0007076379312594296,5,15,3,0,1,0,0,0,0,0,0,0,0,0,0,0,1,0,0
5.677939775845552e-07,1,24,3,0,0,0,0,0,0,0,0,0,0,0,0,0,1,0,0
0.0008146732677077877,5,28,5,0,1,0,0,0,0,0,0,0,0,0,0,0,1,0,0
0.0007406131836750196,5,11,2,0,1,0,0,0,0,0,0,0,0,0,0,0,1,0,0
1.0800428921445345e-06,5,12,2,0,1,0,0,0,0,0,0,0,0,0,0,0,1,0,0
1.2466780812182627e-06,5,12,3,0,1,0,0,0,0,0,0,0,0,0,0,0,1,0,0
1.1726179971854945e-06,5,10,2,0,1,0,0,0,0,0,0,0,0,0,0,0,1,0,0
1.672523564406679e-06,5,12,2,0,1,0,0,0,0,0,0,0,0,0,0,0,1,0,0
0.001310875830727334,5,12,2,0,1,0,0,0,0,0,0,0,0,0,0,0,1,0,0
1.2466780812182627e-06,1,17,2,0,1,0,0,0,0,0,0,0,0,0,0,0,1,0,0
1.3022231442428387e-06,5,10,2,0,1,0,0,0,0,0,0,0,0,0,0,0,1,0,0
2.456326120420141e-06,5,12,3,0,1,0,0,0,0,0,0,0,0,0,0,0,1,0,0
9.380943977483956e-07,5,12,3,0,1,0,0,0,0,0,0,0,0,0,0,0,1,0,0
6.788841036337073e-07,5,21,4,0,1,0,0,0,0,0,0,0,0,0,0,0,1,0,0
1.1541029761773025e-06,5,15,2,0,1,0,0,0,0,0,0,0,0,0,0,0,1,0,0
0.0004665908727537777,5,11,2,0,1,0,0,0,0,0,0,0,0,0,0,0,1,0,0
0.0005969674790197965,3,25,3,0,1,0,1,0,0,0,0,0,0,0,0,0,1,0,0
0.0010059951514591052,3,18,2,0,0,0,0,0,0,0,0,0,0,0,0,0,1,0,0
9.319227240789983e-07,1,13,2,0,0,0,0,0,0,0,0,0,0,0,0,0,1,0,0
9.072360294014089e-07,5,10,2,0,1,0,0,0,0,0,0,0,0,0,0,0,1,0,0
9.380943977483956e-07,5,12,3,0,1,0,0,0,0,0,0,0,0,0,0,0,1,0,0
0.0006665530996422515,5,46,8,0,1,0,0,0,0,0,0,0,0,0,0,0,1,0,0
0.0005221359357783537,5,15,2,0,1,0,0,0,0,0,0,0,0,0,0,0,1,0,0
2.166257457958466e-06,5,10,2,0,1,0,0,0,0,0,0,0,0,0,0,0,1,0,0
2.345235994370989e-06,5,12,3,0,1,0,0,0,0,0,0,0,0,0,0,0,1,0,0
1.2466780812182627e-06,5,17,3,0,1,0,0,0,0,0,0,0,0,0,0,0,1,0,0
5.677939775845552e-07,5,10,2,0,1,0,0,0,0,0,0,0,0,0,0,0,1,0,0
0.0005863213419400861,1,53,7,0,0,0,0,0,0,0,0,0,0,0,0,0,1,0,0
0.0007554252004815732,5,14,2,0,1,0,0,0,0,0,0,0,0,0,0,0,1,0,0
0.0007554252004815732,5,23,3,0,1,0,0,0,0,0,0,0,0,0,0,0,1,0,0
0.0007554252004815732,5,13,2,0,1,0,0,0,0,0,0,0,0,0,0,0,1,0,0
6.603690826255153e-07,5,15,3,0,1,0,0,0,0,0,0,0,0,0,0,0,1,0,0
0.0007554252004815732,5,9,2,0,1,0,0,0,0,0,0,0,0,0,0,0,1,0,0
0.0007554252004815732,5,24,3,0,1,0,0,0,0,0,0,0,0,0,0,0,1,0,0
8.640343137156275e-07,5,10,2,0,1,0,0,0,0,0,0,0,0,0,0,0,1,0,0
6.603690826255153e-07,5,15,2,0,1,0,0,0,0,0,0,0,0,0,0,0,1,0,0
0.0007220981626668276,5,16,3,0,1,0,0,0,0,0,0,0,0,0,0,0,1,0,0
0.0008702183307323638,5,14,3,0,1,0,0,0,0,0,0,0,0,0,0,0,1,0,0
0.0005998990240127603,5,13,2,0,1,0,0,0,0,0,0,0,0,0,0,0,1,0,0
9.380943977483956e-07,5,12,3,0,1,0,0,0,0,0,0,0,0,0,0,0,1,0,0
0.0010985702565000652,4,10,2,0,1,0,0,0,0,0,0,0,0,0,0,0,1,0,0
6.171673669397339e-07,5,9,2,0,1,0,0,0,0,0,0,0,0,0,0,0,1,0,0
9.689527660953824e-07,5,15,3,0,1,0,0,0,0,0,0,0,0,0,0,0,1,0,0
9.751244397647797e-07,5,10,2,0,1,0,0,0,0,0,0,0,0,0,0,0,1,0,0
8.948926820626142e-07,5,10,2,0,1,0,0,0,0,0,0,0,0,0,0,0,1,0,0
1.2219913865406732e-06,5,11,2,0,1,0,0,0,0,0,0,0,0,0,0,0,1,0,0
0.0009442784147651319,5,12,2,0,1,0,0,0,0,0,0,0,0,0,0,0,1,0,0
1.0121544817811636e-06,5,12,2,0,1,0,0,0,0,0,0,0,0,0,0,0,1,0,0
1.3515965335980175e-06,5,10,2,0,1,0,0,0,0,0,0,0,0,0,0,0,1,0,0
1.4626866596471696e-06,5,103,19,0,1,0,0,0,0,0,0,0,0,0,0,0,1,0,0
7.838025560134621e-07,5,11,2,0,1,0,0,0,0,0,0,0,0,0,0,0,1,0,0
0.0009203323209278702,1,9,2,0,1,0,0,0,0,0,0,0,0,0,0,0,1,0,0
1.2775364495652493e-06,5,11,2,0,1,0,0,0,0,0,0,0,0,0,0,0,1,0,0
0.0008817593604941368,3,33,4,0,0,0,0,0,0,0,0,0,0,0,0,0,1,0,0
0.0004665908727537777,3,29,4,0,1,0,0,0,0,0,0,0,0,0,0,0,1,0,0
9.689527660953824e-07,5,16,3,0,1,0,0,0,0,0,0,0,0,0,0,0,1,0,0
2.6353046568326642e-06,5,11,2,0,1,0,0,0,0,0,0,0,0,0,0,0,1,0,0
6.665407562949127e-07,5,12,2,0,1,0,0,0,0,0,0,0,0,0,0,0,1,0,0
0.0008331882887159797,5,41,6,0,1,0,0,0,0,0,0,0,0,0,0,0,1,0,0
1.0306695027893558e-06,5,11,2,0,1,0,0,0,0,0,0,0,0,0,0,0,1,0,0
0.0009257633937569398,5,12,3,0,1,0,0,0,0,0,0,0,0,0,0,0,1,0,0
0.0011115307712057996,5,21,4,0,1,0,1,0,0,0,0,0,0,0,0,0,1,0,0
8.146609243604488e-07,5,12,2,0,1,0,0,0,0,0,0,0,0,0,0,0,1,0,0
0.0006813651164488051,1,41,5,0,1,0,0,0,0,0,0,0,0,0,0,0,1,0,0
8.146609243604488e-07,5,18,3,0,1,1,0,0,0,0,0,0,0,0,0,0,1,0,0
0.0004665908727537777,5,13,2,0,1,0,0,0,0,0,0,0,0,0,0,0,1,0,0
0.0006572955891381555,5,23,4,0,1,0,1,0,0,0,0,0,0,0,0,0,1,0,0
9.504377450871902e-07,1,13,2,0,0,0,0,0,0,0,0,0,0,0,0,0,1,0,0
9.504377450871902e-07,2,3,1,0,0,0,0,0,0,0,0,0,0,0,0,0,1,0,0
0.0006813651164488051,1,41,5,0,1,0,0,0,0,0,0,0,0,0,0,0,1,0,0
0.000802329920368993,5,16,3,0,1,0,0,0,0,0,0,0,0,0,0,0,1,0,0
0.0011170852775082573,4,24,3,0,0,0,0,0,0,0,0,0,0,0,0,0,1,0,0
0.0,3,39,3,0,1,0,0,0,0,0,0,0,0,0,0,0,1,0,0
1.036841176458753e-06,5,11,2,0,1,0,0,0,0,0,0,0,0,0,0,0,1,0,0
0.0009257633937569398,5,12,3,0,1,0,0,0,0,0,0,0,0,0,0,0,1,0,0
0.0011417719721858468,4,14,3,0,1,0,0,0,0,0,0,0,0,0,0,0,1,0,0
0.0012343470772268068,1,41,6,0,0,0,0,0,0,0,0,0,0,0,0,0,1,0,0
1.654008543398487e-06,1,13,2,0,0,0,0,0,0,0,0,0,0,0,0,0,1,0,0
0.0005110269231734386,5,45,7,0,1,0,0,0,0,0,0,0,0,0,0,0,1,0,0
0.0009566217621039265,5,13,2,0,1,0,0,0,0,0,0,0,0,0,0,0,1,0,0
7.035707983112967e-07,5,12,2,0,1,0,0,0,0,0,0,0,0,0,0,0,1,0,0
1.2775364495652493e-06,5,12,3,0,1,0,0,0,0,0,0,0,0,0,0,0,1,0,0
0.0005221359357783537,5,12,2,0,1,0,0,0,0,0,0,0,0,0,0,0,1,0,0
0.0005776809988029298,5,10,2,0,1,0,0,0,0,0,0,0,0,0,0,0,1,0,0
1.0059828081117663e-06,5,15,3,0,1,0,0,0,0,0,0,0,0,0,0,0,1,0,0
0.0005776809988029298,5,12,2,0,1,0,0,0,0,0,0,0,0,0,0,0,1,0,0
0.0009257633937569398,5,12,3,0,1,0,0,0,0,0,0,0,0,0,0,0,1,0,0
1.0491845237975477e-06,5,39,6,0,1,0,0,0,0,0,0,0,0,0,0,0,1,0,0
0.000377718771914456,1,19,2,0,1,0,0,0,0,0,0,0,0,0,0,0,1,0,0
0.0008817593604941368,5,45,8,0,1,0,1,0,0,0,0,0,0,0,0,0,1,0,0
9.566094187565878e-07,5,10,2,0,1,0,0,0,0,0,0,0,0,0,0,0,1,0,0
6.048240196009393e-07,5,9,2,0,1,0,0,0,0,0,0,0,0,0,0,0,1,0,0
0.0007332071752717428,5,17,3,0,1,0,0,0,0,0,0,0,0,0,0,0,1,0,0
0.00042215482233411687,5,14,2,0,1,0,0,0,0,0,0,0,0,0,0,0,1,0,0
1.8638454481579966e-06,1,13,2,0,0,0,0,0,0,0,0,0,0,0,0,0,1,0,0
0.0008640466570629664,5,13,2,0,1,0,0,0,0,0,0,0,0,0,0,0,1,0,0
1.3701115546062094e-06,5,15,3,0,1,0,0,0,0,0,0,0,0,0,0,0,1,0,0
7.529441876664754e-07,5,14,2,0,1,0,0,0,0,0,0,0,0,0,0,0,1,0,0
0.000799861250901234,5,11,2,0,1,0,0,0,0,0,0,0,0,0,0,0,1,0,0
0.0011170852775082573,4,33,4,0,0,0,0,0,0,0,0,0,0,0,0,0,1,0,0
0.0011170852775082573,4,24,3,0,0,0,0,0,0,0,0,0,0,0,0,0,1,0,0
1.0491845237975477e-06,5,12,3,0,1,0,0,0,0,0,0,0,0,0,0,0,1,0,0
0.0008517033097241718,4,21,3,0,0,0,0,0,0,0,0,0,0,0,0,0,1,0,0
0.00120348870887982,3,25,4,0,1,0,0,0,0,0,0,0,0,0,0,0,1,0,0
0.0005924930156094835,5,9,2,0,1,0,0,0,0,0,0,0,0,0,0,0,1,0,0
0.00039993679712428643,3,22,3,0,0,0,0,0,0,0,0,0,0,0,0,0,1,0,0
0.0011800363489361102,5,11,2,0,1,0,0,0,0,0,0,0,0,0,0,0,1,0,0
0.0015429307606966737,5,13,2,0,1,0,0,0,0,0,0,0,0,0,0,0,1,0,0
0.0005443539609881842,5,-33,-100,0,1,0,0,0,0,0,0,0,0,0,0,0,1,0,0
0.0005998990240127603,3,62,8,0,1,0,0,0,0,0,0,0,0,0,0,0,1,0,0
9.380943977483956e-07,5,13,2,0,1,0,0,0,0,0,0,0,0,0,0,0,1,0,0
0.0007406131836750196,3,43,5,0,1,0,0,0,0,0,0,0,0,0,0,0,1,0,0
0.00039993679712428643,3,29,4,0,0,1,0,0,0,0,0,0,0,0,0,0,1,0,0
0.0004999179105685234,5,44,6,0,1,0,0,0,0,0,0,0,0,0,0,0,1,0,0
0.0011417719721858468,1,13,2,0,0,0,0,0,0,0,0,0,0,0,0,0,1,0,0
2.5303862044529096e-07,5,40,6,0,1,0,0,0,0,0,0,0,0,0,0,0,1,0,0
0.000493746236899126,5,14,2,0,1,0,0,0,0,0,0,0,0,0,0,0,1,0,0
0.000588790011407845,4,19,4,0,1,0,0,0,0,0,0,0,0,0,0,0,1,0,0
0.0011541153195246414,5,44,8,0,1,0,1,0,0,0,0,0,0,0,0,0,1,0,0
8.948926820626142e-07,5,18,3,0,1,0,0,0,0,0,0,0,0,0,0,0,1,0,0
0.0007220981626668276,5,21,4,0,1,0,0,0,0,0,0,0,0,0,0,0,1,0,0
0.0004888088979636082,3,62,8,0,1,0,0,0,0,0,0,0,0,0,0,0,1,0,0
9.689527660953824e-07,5,15,2,0,1,0,0,0,0,0,0,0,0,0,0,0,1,0,0
0.0002888466710751343,5,10,2,0,1,0,0,0,0,0,0,0,0,0,0,0,1,0,0
7.529441876664754e-07,5,11,2,0,1,0,0,0,0,0,0,0,0,0,0,0,1,0,0
0.0,5,15,2,0,1,0,0,0,0,0,0,0,0,0,0,0,1,0,0
0.0007482352006567253,4,31,5,0,1,0,0,0,0,0,0,0,0,0,0,0,1,0,0
2.5303862044529096e-07,5,40,6,0,1,0,0,0,0,0,0,0,0,0,0,0,1,0,0
0.0007622140415179103,3,16,2,0,0,0,0,0,0,0,0,0,0,0,0,0,1,0,0
8.763776610544222e-07,1,13,2,0,0,0,0,0,0,0,0,0,0,0,0,0,1,0,0
0.0,5,15,2,0,1,0,0,0,0,0,0,0,0,0,0,0,1,0,0
1.4873733543247588e-06,5,12,2,0,1,0,0,0,0,0,0,0,0,0,0,0,1,0,0
7.776308823440648e-07,5,10,2,0,1,0,0,0,0,0,0,0,0,0,0,0,1,0,0
9.99811134442369e-07,1,14,3,0,0,0,0,0,0,0,0,0,0,0,0,0,1,0,0
1.3947982492837987e-06,5,11,2,0,1,0,0,0,0,0,0,0,0,0,0,0,1,0,0
1.3330815125898253e-06,5,17,2,0,1,0,0,0,0,0,0,0,0,0,0,0,1,0,0
0.00039993679712428643,3,20,3,0,0,0,0,0,0,0,0,0,0,0,0,0,1,0,0
0.00039993679712428643,3,23,3,0,0,0,0,0,0,0,0,0,0,0,0,0,1,0,0
0.00039993679712428643,3,24,3,0,0,0,0,0,0,0,0,0,0,0,0,0,1,0,0
0.00039993679712428643,5,48,6,0,1,0,0,0,0,0,0,0,0,0,0,0,1,0,0
0.00039993679712428643,3,27,3,0,0,0,0,0,0,0,0,0,0,0,0,0,1,0,0
0.0,5,15,2,0,1,0,0,0,0,0,0,0,0,0,0,0,1,0,0
8.393476190380381e-07,5,13,2,0,1,0,0,0,0,0,0,0,0,0,0,0,1,0,0
0.00042215482233411687,3,30,4,0,0,0,0,0,0,0,0,0,0,0,0,0,1,0,0
0.0007665342130864884,4,90,15,0,0,0,1,0,0,0,0,0,0,0,0,0,1,0,0
1.7465836484394472e-06,5,40,6,0,1,0,0,0,0,0,0,0,0,0,0,0,1,0,0
0.0004888088979636082,5,11,2,0,1,0,0,0,0,0,0,0,0,0,0,0,1,0,0
0.0004999179105685234,5,-123,22,0,1,0,0,0,0,0,0,0,0,0,0,0,1,0,0
0.0008331882887159797,3,29,4,0,0,0,0,0,0,0,0,0,0,0,0,0,1,0,0
1.2096480392018786e-06,1,13,2,0,0,0,0,0,0,0,0,0,0,0,0,0,1,0,0
6.048240196009393e-07,5,17,3,0,1,0,0,0,0,0,0,0,0,0,0,0,1,0,0
1.0121544817811636e-06,1,13,2,0,0,0,0,0,0,0,0,0,0,0,0,0,1,0,0
0.001129428624847052,3,65,8,0,0,0,0,0,0,0,0,0,0,0,0,0,1,0,0
0.0006887711248520819,3,20,2,0,0,0,0,0,0,0,0,0,0,0,0,0,1,0,0
1.2096480392018786e-06,1,13,2,0,0,0,0,0,0,0,0,0,0,0,0,0,1,0,0
1.1849613445242893e-06,5,10,2,0,1,0,0,0,0,0,0,0,0,0,0,0,1,0,0
0.00042215482233411687,5,13,2,0,1,0,0,0,0,0,0,0,0,0,0,0,1,0,0
1.25284975488766e-06,5,13,3,0,1,0,0,0,0,0,0,0,0,0,0,0,1,0,0
0.0,5,15,2,0,1,0,0,0,0,0,0,0,0,0,0,0,1,0,0
0.0012065745457145187,3,30,5,0,1,0,0,0,0,0,0,0,0,0,0,0,1,0,0
0.0005665719861980146,5,17,3,0,1,1,0,0,0,0,0,0,0,0,0,0,1,0,0
0.0006671702670091913,4,17,5,0,1,0,0,0,0,0,0,0,0,0,0,0,1,0,0
0.0016787075814234153,3,33,4,0,0,0,0,0,0,0,0,0,0,0,0,0,1,0,0
0.0005554629735930994,5,41,7,0,1,0,0,0,0,0,0,0,0,0,0,0,1,0,0
1.8638454481579966e-06,5,17,3,0,1,0,0,0,0,0,0,0,0,0,0,0,1,0,0
0.0006665530996422515,1,13,2,0,0,0,0,0,0,0,0,0,0,0,0,0,1,0,0
0.0011849736878716281,5,12,3,0,1,0,0,0,0,0,0,0,0,0,0,0,1,0,0
0.0010886955786290297,5,13,3,0,1,0,0,0,0,0,0,0,0,0,0,0,1,0,0
6.91227450972502e-07,1,13,2,0,0,0,0,0,0,0,0,0,0,0,0,0,1,0,0
0.0005776809988029298,3,13,3,0,1,0,0,0,0,0,0,0,0,0,0,0,1,0,0
2.048995658239917e-06,1,13,2,0,0,0,0,0,0,0,0,0,0,0,0,0,1,0,0
0.0014071539399699324,1,22,4,0,0,0,0,0,0,0,0,0,0,0,0,0,1,0,0
1.1417596288385079e-06,1,13,2,0,0,0,0,0,0,0,0,0,0,0,0,0,1,0,0
0.0012775487929125881,5,41,7,0,1,0,0,0,0,0,0,0,0,0,0,0,1,0,0
0.001129428624847052,1,6,1,0,0,0,0,0,0,0,0,0,0,0,0,0,1,0,0
0.0001382794343996821,1,9,1,0,0,0,0,0,0,0,0,0,0,0,0,0,1,0,0
1.308394817912236e-06,5,11,2,0,1,0,0,0,0,0,0,0,0,0,0,0,1,0,0
0.0005998990240127603,5,15,3,0,1,0,0,0,0,0,0,0,0,0,0,0,1,0,0
9.566094187565878e-07,5,13,2,0,1,0,0,0,0,0,0,0,0,0,0,0,1,0,0
0.0006887711248520819,5,14,2,0,1,0,0,0,0,0,0,0,0,0,0,0,1,0,0
0.0004443728475439473,1,13,2,0,0,0,0,0,0,0,0,0,0,0,0,0,1,0,0
1.9008754901743807e-06,5,12,3,0,1,0,0,0,0,0,0,0,0,0,0,0,1,0,0
0.0006054535303152179,1,7,1,0,0,0,0,0,0,0,0,0,0,0,0,0,1,0,0
0.0005554629735930994,5,41,7,0,1,0,0,0,0,0,0,0,0,0,0,0,1,0,0
0.0006443350744324211,5,11,2,0,1,0,0,0,0,0,0,0,0,0,0,0,1,0,0
0.0025943370870152044,5,28,5,0,1,0,0,0,0,0,0,0,0,0,0,0,1,0,0
1.9008754901743807e-06,5,12,3,0,1,0,0,0,0,0,0,0,0,0,0,0,1,0,0
1.1849613445242893e-06,5,9,2,0,1,0,0,0,0,0,0,0,0,0,0,0,1,0,0
8.887210083932169e-07,5,14,3,0,1,0,0,0,0,0,0,0,0,0,0,0,1,0,0
8.270042716992435e-07,5,14,3,0,1,0,0,0,0,0,0,0,0,0,0,0,1,0,0
1.1232446078303157e-06,5,10,2,0,1,0,0,0,0,0,0,0,0,0,0,0,1,0,0
0.0006998801374569971,5,9,2,0,1,0,0,0,0,0,0,0,0,0,0,0,1,0,0
9.072360294014089e-07,5,12,2,0,1,0,0,0,0,0,0,0,0,0,0,0,1,0,0
0.0013337110233041039,3,28,3,0,0,0,0,0,0,0,0,0,0,0,0,0,1,0,0
0.00111091360383886,5,102,18,0,1,0,1,0,0,0,0,0,0,0,0,0,1,0,0
1.1849613445242893e-06,5,16,3,0,1,0,0,0,0,0,0,0,0,0,0,0,1,0,0
7.652875350052701e-07,5,13,2,0,1,0,0,0,0,0,0,0,0,0,0,0,1,0,0
1.1232446078303157e-06,5,14,3,0,1,0,0,0,0,0,0,0,0,0,0,0,1,0,0
1.4503433123083747e-06,5,11,2,0,1,0,0,0,0,0,0,0,0,0,0,0,1,0,0
1.4812016806553615e-06,5,14,3,0,1,0,0,0,0,0,0,0,0,0,0,0,1,0,0
0.0016108191710600445,1,13,2,0,0,0,0,0,0,0,0,0,0,0,0,0,1,0,0
1.4812016806553615e-06,5,14,3,0,1,0,0,0,0,0,0,0,0,0,0,0,1,0,0
1.2775364495652493e-06,5,13,2,0,1,0,0,0,0,0,0,0,0,0,0,0,1,0,0
0.0007665342130864884,5,11,2,0,1,0,0,0,0,0,0,0,0,0,0,0,1,0,0
1.2775364495652493e-06,5,13,2,0,1,0,0,0,0,0,0,0,0,0,0,0,1,0,0
0.0,1,22,4,0,0,0,0,0,0,0,0,0,0,0,0,0,1,0,0
0.0017904148748395072,5,14,2,0,1,0,0,0,0,0,0,0,0,0,0,0,1,0,0
0.0006171797102870728,5,94,15,0,1,0,0,0,0,0,0,0,0,0,0,0,1,0,0
0.0012966809812877198,3,64,9,0,0,0,0,0,0,0,0,0,0,0,0,0,1,0,0
0.0003579694161723845,5,16,3,0,1,0,1,0,0,0,0,0,0,0,0,0,1,0,0
5.060772408905818e-07,5,16,3,0,1,1,0,0,0,0,0,0,0,0,0,0,1,0,0
0.0009744578990084848,5,33,5,0,1,0,0,0,0,0,0,0,0,0,0,0,1,0,0
0.0003666097593095408,5,43,7,0,1,0,0,0,0,0,0,0,0,0,0,0,1,0,0
0.0010847457074806153,5,12,2,0,1,0,0,0,0,0,0,0,0,0,0,0,1,0,0
0.0014410981451516178,3,11,2,0,1,0,0,0,0,0,0,0,0,0,0,0,1,0,0
5.060772408905818e-07,5,15,3,0,1,0,0,0,0,0,0,0,0,0,0,0,1,0,0
0.0003666097593095408,5,19,3,0,1,0,0,0,0,0,0,0,0,0,0,0,1,0,0
6.91227450972502e-07,5,16,3,0,1,0,0,0,0,0,0,0,0,0,0,0,1,0,0
0.0018515144441665409,1,9,1,0,0,0,0,0,0,0,0,0,0,0,0,0,1,0,0
1.4318282913001828e-06,5,10,2,0,1,0,0,0,0,0,0,0,0,0,0,0,1,0,0
0.00047769988535869293,5,16,3,0,1,0,0,0,0,0,0,0,0,0,0,0,1,0,0
0.0013577805506147535,1,13,2,0,0,0,0,0,0,0,0,0,0,0,0,0,1,0,0
0.0007943067445987765,5,31,5,0,1,0,0,0,0,0,0,0,0,0,0,0,1,0,0
0.0007943067445987765,5,31,5,0,1,0,0,0,0,0,0,0,0,0,0,0,1,0,0
1.9008754901743807e-06,5,12,3,0,1,0,0,0,0,0,0,0,0,0,0,0,1,0,0
6.91227450972502e-07,5,12,2,0,1,0,0,0,0,0,0,0,0,0,0,0,1,0,0
0.0,5,11,2,0,1,0,0,0,0,0,0,0,0,0,0,0,1,0,0
1.1541029761773025e-06,5,11,2,0,1,0,0,0,0,0,0,0,0,0,0,0,1,0,0
1.2096480392018786e-06,1,13,2,0,0,0,0,0,0,0,0,0,0,0,0,0,1,0,0
0.0008949050254099531,1,13,2,0,0,0,0,0,0,0,0,0,0,0,0,0,1,0,0
1.2096480392018786e-06,1,13,2,0,0,0,0,0,0,0,0,0,0,0,0,0,1,0,0
2.048995658239917e-06,3,23,4,0,0,0,0,0,0,0,0,0,0,0,0,0,1,0,0
1.2096480392018786e-06,1,13,2,0,0,0,0,0,0,0,0,0,0,0,0,0,1,0,0
1.036841176458753e-06,5,12,2,0,1,0,0,0,0,0,0,0,0,0,0,0,1,0,0
1.0244978291199585e-06,5,16,3,0,1,0,0,0,0,0,0,0,0,0,0,0,1,0,0
6.048240196009393e-07,5,15,2,0,1,0,0,0,0,0,0,0,0,0,0,0,1,0,0
0.0,5,12,2,0,1,0,0,0,0,0,0,0,0,0,0,0,1,0,0
1.2466780812182627e-06,3,23,3,0,0,0,0,0,0,0,0,0,0,0,0,0,1,0,0
0.0016638955646168616,3,14,2,0,1,0,0,0,0,0,0,0,0,0,0,0,1,0,0
1.7465836484394472e-06,5,64,10,0,1,0,0,0,0,0,0,0,0,0,0,0,1,0,0
9.99811134442369e-07,5,45,7,0,1,0,0,0,0,0,0,0,0,0,0,0,1,0,0
1.0121544817811636e-06,5,11,2,0,1,0,0,0,0,0,0,0,0,0,0,0,1,0,0
7.899742296828595e-07,5,13,2,0,1,0,0,0,0,0,0,0,0,0,0,0,1,0,0
0.003079677504376611,5,59,10,0,1,0,0,0,0,0,0,0,0,0,0,0,1,0,0
1.3947982492837987e-06,5,13,2,0,1,0,0,0,0,0,0,0,0,0,0,0,1,0,0
6.184017016736135e-06,4,17,3,0,1,0,0,0,0,0,0,0,0,0,0,0,1,0,0
0.0007943067445987765,5,31,5,0,1,0,0,0,0,0,0,0,0,0,0,0,1,0,0
8.270042716992435e-07,5,12,3,0,1,0,0,0,0,0,0,0,0,0,0,0,1,0,0
8.270042716992435e-07,5,12,3,0,1,0,0,0,0,0,0,0,0,0,0,0,1,0,0
2.456326120420141e-06,5,12,3,0,1,0,0,0,0,0,0,0,0,0,0,0,1,0,0
1.9008754901743807e-06,5,12,3,0,1,0,0,0,0,0,0,0,0,0,0,0,1,0,0
2.3328926470321943e-06,5,11,2,0,1,0,0,0,0,0,0,0,0,0,0,0,1,0,0
8.270042716992435e-07,5,12,3,0,1,0,0,0,0,0,0,0,0,0,0,0,1,0,0
7.714592086746674e-07,1,13,2,0,0,0,0,0,0,0,0,0,0,0,0,0,1,0,0
3.221613655425411e-06,5,11,2,0,1,0,0,0,0,0,0,0,0,0,0,0,1,0,0
1.400969922953196e-06,5,11,2,0,1,0,0,0,0,0,0,0,0,0,0,0,1,0,0
2.456326120420141e-06,5,12,3,0,1,0,0,0,0,0,0,0,0,0,0,0,1,0,0
1.9008754901743807e-06,5,12,3,0,1,0,0,0,0,0,0,0,0,0,0,0,1,0,0
1.400969922953196e-06,5,11,2,0,1,0,0,0,0,0,0,0,0,0,0,0,1,0,0
1.2960514705734414e-06,5,9,2,0,1,0,0,0,0,0,0,0,0,0,0,0,1,0,0
1.709553606423063e-06,5,12,3,0,1,0,0,0,0,0,0,0,0,0,0,0,1,0,0
0.0012886578055175033,5,14,2,0,1,0,0,0,0,0,0,0,0,0,0,0,1,0,0
0.0007887522382963189,5,11,2,0,1,0,0,0,0,0,0,0,0,0,0,0,1,0,0
0.0011553496542585208,5,37,6,0,1,0,0,0,0,0,0,0,0,0,0,0,1,0,0
1.851502100819202e-06,5,12,3,0,1,0,0,0,0,0,0,0,0,0,0,0,1,0,0
0.0008554063139258101,1,14,3,0,0,0,0,0,0,0,0,0,0,0,0,0,1,0,0
0.0008887333517405558,1,13,2,0,0,0,0,0,0,0,0,0,0,0,0,0,1,0,0
1.0121544817811636e-06,5,10,2,0,1,0,0,0,0,0,0,0,0,0,0,0,1,0,0
0.0010269788419350562,1,17,1,0,1,0,0,0,0,0,0,0,0,0,0,0,1,0,0
0.001382467245292343,2,15,1,0,1,0,0,0,0,0,0,0,0,0,0,0,1,0,0
0.0,3,18,2,0,1,0,0,0,0,0,0,0,0,0,0,0,1,0,0
1.5490900910187322e-06,5,-117,21,0,1,0,0,0,0,0,0,0,0,0,0,0,1,0,0
0.0007097548153280329,1,13,2,0,0,0,0,0,0,0,0,0,0,0,0,0,1,0,0
0.0008887333517405558,5,41,7,0,1,0,0,0,0,0,0,0,0,0,0,0,1,0,0
0.0,1,22,4,0,0,0,0,0,0,0,0,0,0,0,0,0,1,0,0
0.0,1,22,4,0,0,0,0,0,0,0,0,0,0,0,0,0,1,0,0
0.0,1,22,4,0,0,0,0,0,0,0,0,0,0,0,0,0,1,0,0
0.0,1,22,4,0,0,0,0,0,0,0,0,0,0,0,0,0,1,0,0
0.0,1,22,4,0,0,0,0,0,0,0,0,0,0,0,0,0,1,0,0
0.0,1,22,4,0,0,0,0,0,0,0,0,0,0,0,0,0,1,0,0
0.0,1,22,4,0,0,0,0,0,0,0,0,0,0,0,0,0,1,0,0
6.172908004131219e-05,1,22,4,0,0,0,0,0,0,0,0,0,0,0,0,0,1,0,0
0.00011110246939649092,1,22,4,0,0,0,0,0,0,0,0,0,0,0,0,0,1,0,0
0.0,1,22,4,0,0,0,0,0,0,0,0,0,0,0,0,0,1,0,0
9.689527660953824e-07,5,12,2,0,1,0,0,0,0,0,0,0,0,0,0,0,1,0,0
9.875912205769623e-05,1,22,4,0,0,0,0,0,0,0,0,0,0,0,0,0,1,0,0
0.0,1,22,4,0,0,0,0,0,0,0,0,0,0,0,0,0,1,0,0
2.59827461481628e-06,5,15,3,0,1,0,0,0,0,0,0,0,0,0,0,0,1,0,0
3.7042385363722834e-05,1,22,4,0,0,0,0,0,0,0,0,0,0,0,0,0,1,0,0
1.3701115546062094e-06,3,19,3,0,0,0,0,0,0,0,0,0,0,0,0,0,1,0,0
0.0,1,22,4,0,0,0,0,0,0,0,0,0,0,0,0,0,1,0,0
1.1787896708548918e-06,5,10,2,0,1,0,0,0,0,0,0,0,0,0,0,0,1,0,0
0.0014423324798854972,5,22,3,0,1,0,0,0,0,0,0,0,0,0,0,0,1,0,0
0.0007943067445987765,5,31,5,0,1,0,0,0,0,0,0,0,0,0,0,0,1,0,0
0.002135473149695512,3,28,5,0,1,0,0,0,0,0,0,0,0,0,0,0,1,0,0
0.0013577805506147535,5,13,3,0,1,0,0,0,0,0,0,0,0,0,0,0,1,0,0
6.295107142785287e-07,5,11,2,0,1,0,0,0,0,0,0,0,0,0,0,0,1,0,0
0.000756042367848513,3,21,3,0,0,0,0,0,0,0,0,0,0,0,0,0,1,0,0
0.002584400692407475,3,19,4,1,1,0,0,0,0,0,0,0,0,0,0,0,1,0,0
1.382454901945004e-06,5,17,3,0,1,0,0,0,0,0,0,0,0,0,0,0,1,0,0
0.0004443728475439473,1,13,2,0,0,0,0,0,0,0,0,0,0,0,0,0,1,0,0
0.0019132311808605141,5,13,2,0,1,0,0,0,0,0,0,0,0,0,0,0,1,0,0
0.0005554629735930994,5,57,10,0,1,0,0,0,0,0,0,0,0,0,0,0,1,0,0
0.0008801485536664241,5,10,2,0,1,0,0,0,0,0,0,0,0,0,0,0,1,0,0
5.98652345931542e-07,5,16,3,0,1,0,0,0,0,0,0,0,0,0,0,0,1,0,0
1.3947982492837987e-06,5,18,3,0,1,0,0,0,0,0,0,0,0,0,0,0,1,0,0
0.0012960638139207802,5,13,2,0,1,0,0,0,0,0,0,0,0,0,0,0,1,0,0
0.0013454372032759589,3,35,4,0,0,0,0,0,0,0,0,0,0,0,0,0,1,0,0
1.3701115546062094e-06,5,16,3,0,1,1,0,0,0,0,0,0,0,0,0,0,1,0,0
0.0013562376321974042,5,11,2,0,1,0,0,0,0,0,0,0,0,0,0,0,1,0,0
1.7404119747700498e-06,5,12,3,0,1,0,0,0,0,0,0,0,0,0,0,0,1,0,0
1.0676995448057397e-06,5,13,3,0,1,0,0,0,0,0,0,0,0,0,0,0,1,0,0
1.2466780812182627e-06,5,15,3,0,1,0,0,0,0,0,0,0,0,0,0,0,1,0,0
8.702059873850248e-07,5,11,2,0,1,0,0,0,0,0,0,0,0,0,0,0,1,0,0
8.393476190380381e-07,5,39,6,0,1,0,0,0,0,0,0,0,0,0,0,0,1,0,0
1.3330815125898253e-06,5,14,2,0,1,0,0,0,0,0,0,0,0,0,0,0,1,0,0
8.023175770216541e-07,5,11,2,0,1,0,0,0,0,0,0,0,0,0,0,0,1,0,0
0.0010498140345118264,3,23,3,0,0,0,0,0,0,0,0,0,0,0,0,0,1,0,0
6.418540616173233e-07,5,16,2,0,1,0,0,0,0,0,0,0,0,0,0,0,1,0,0
1.2219913865406732e-06,5,17,3,0,1,1,0,0,0,0,0,0,0,0,0,0,1,0,0
2.11071239493389e-06,5,12,3,0,1,0,0,0,0,0,0,0,0,0,0,0,1,0,0
1.2466780812182627e-06,5,9,2,0,1,0,0,0,0,0,0,0,0,0,0,0,1,0,0
0.0030586938139006603,1,52,9,0,0,0,0,0,0,0,0,0,0,0,0,0,1,0,0
0.0008387427950184373,5,11,2,0,1,0,0,0,0,0,0,0,0,0,0,0,1,0,0
1.4626866596471696e-06,5,20,3,0,1,0,0,0,0,0,0,0,0,0,0,0,1,0,0
0.0005332449483832689,5,10,2,0,1,0,0,0,0,0,0,0,0,0,0,0,1,0,0
0.001073883561822476,5,12,2,0,1,0,0,0,0,0,0,0,0,0,0,0,1,0,0
1.4565149859777723e-06,5,50,8,0,1,0,0,0,0,0,0,0,0,0,0,0,1,0,0
1.1541029761773025e-06,5,39,6,0,1,0,0,0,0,0,0,0,0,0,0,0,1,0,0
1.7712703431170364e-06,5,17,3,0,1,0,0,0,0,0,0,0,0,0,0,0,1,0,0
1.0244978291199585e-06,5,-92,28,0,1,0,0,0,0,0,0,0,0,0,0,0,1,0,0
1.7342403011006525e-06,5,16,3,0,1,0,0,0,0,0,0,0,0,0,0,0,1,0,0
1.3886265756144014e-06,5,16,3,0,1,0,0,0,0,0,0,0,0,0,0,0,1,0,0
0.0006110080366176755,5,14,3,0,1,0,0,0,0,0,0,0,0,0,0,0,1,0,0
7.961459033522568e-07,5,11,2,0,1,0,0,0,0,0,0,0,0,0,0,0,1,0,0
1.0306695027893558e-06,5,10,2,0,1,0,0,0,0,0,0,0,0,0,0,0,1,0,0
9.380943977483956e-07,5,10,2,0,1,0,0,0,0,0,0,0,0,0,0,0,1,0,0
0.0007776432256914037,5,11,2,0,1,0,0,0,0,0,0,0,0,0,0,0,1,0,0
2.8821716036085577e-06,3,23,4,0,0,0,0,0,0,0,0,0,0,0,0,0,1,0,0
7.714592086746674e-07,5,11,2,0,1,0,0,0,0,0,0,0,0,0,0,0,1,0,0
1.870017121827394e-06,5,13,3,0,1,0,0,0,0,0,0,0,0,0,0,0,1,0,0
0.0012775487929125881,5,41,7,0,1,0,0,0,0,0,0,0,0,0,0,0,1,0,0
6.418540616173233e-07,5,16,2,0,1,0,0,0,0,0,0,0,0,0,0,0,1,0,0
0.0008331882887159797,5,45,8,0,1,0,0,0,0,0,0,0,0,0,0,0,1,0,0
6.295107142785287e-07,5,18,3,0,1,0,0,0,0,0,0,0,0,0,0,0,1,0,0
0.0030586938139006603,5,70,12,0,1,0,0,0,0,0,0,0,0,0,0,0,1,0,0
1.2960514705734414e-06,5,15,3,0,1,0,0,0,0,0,0,0,0,0,0,0,1,0,0
0.0007406131836750196,4,13,3,0,1,0,1,0,0,0,0,0,0,0,0,0,1,0,0
0.0,5,13,2,0,1,0,0,0,0,0,0,0,0,0,0,0,1,0,0
0.001728080970778594,5,11,2,0,1,0,0,0,0,0,0,0,0,0,0,0,1,0,0
6.184017016736135e-06,4,17,3,0,1,0,0,0,0,0,0,0,0,0,0,0,1,0,0
1.0059828081117663e-06,5,9,2,0,1,0,0,0,0,0,0,0,0,0,0,0,1,0,0
0.000898941299989739,4,17,4,0,1,0,0,0,0,0,0,0,0,0,0,0,1,0,0
0.0008801485536664241,5,17,4,0,1,0,0,0,0,0,0,0,0,0,0,0,1,0,0
0.00038882778451937124,5,13,3,0,1,0,0,0,0,0,0,0,0,0,0,0,1,0,0
0.0004443728475439473,5,13,3,0,1,0,0,0,0,0,0,0,0,0,0,0,1,0,0
0.001535524752293397,3,21,3,0,0,0,0,0,0,0,0,0,0,0,0,0,1,0,0
0.0014528243251234725,5,13,3,0,1,0,0,0,0,0,0,0,0,0,0,0,1,0,0
1.308394817912236e-06,1,13,2,0,0,0,0,0,0,0,0,0,0,0,0,0,1,0,0
5.677939775845552e-07,5,11,2,0,1,0,0,0,0,0,0,0,0,0,0,0,1,0,0
9.689527660953824e-07,5,-71,25,0,1,0,0,0,0,0,0,0,0,0,0,0,1,0,0
0.0015571256101362878,3,14,2,0,1,0,0,0,0,0,0,0,0,0,0,0,1,0,0
2.456326120420141e-06,5,12,3,0,1,0,0,0,0,0,0,0,0,0,0,0,1,0,0
1.308394817912236e-06,5,11,2,0,1,0,0,0,0,0,0,0,0,0,0,0,1,0,0
2.3328926470321943e-06,5,11,2,0,1,0,0,0,0,0,0,0,0,0,0,0,1,0,0
0.0017577050043917012,5,10,2,0,1,0,0,0,0,0,0,0,0,0,0,0,1,0,0
0.000588790011407845,5,16,3,0,1,0,0,0,0,0,0,0,0,0,0,0,1,0,0
2.3328926470321943e-06,5,11,2,0,1,0,0,0,0,0,0,0,0,0,0,0,1,0,0
2.1724291316278637e-06,5,39,7,0,1,0,0,0,0,0,0,0,0,0,0,0,1,0,0
1.579948459365719e-06,5,14,3,0,1,0,0,0,0,0,0,0,0,0,0,0,1,0,0
1.9008754901743807e-06,5,12,3,0,1,0,0,0,0,0,0,0,0,0,0,0,1,0,0
1.0059828081117663e-06,5,10,2,0,1,0,0,0,0,0,0,0,0,0,0,0,1,0,0
1.0059828081117663e-06,5,73,12,0,1,0,0,0,0,0,0,0,0,0,0,0,1,0,0
2.1724291316278637e-06,5,12,3,0,1,0,0,0,0,0,0,0,0,0,0,0,1,0,0
9.134077030708062e-07,5,14,2,0,1,0,0,0,0,0,0,0,0,0,0,0,1,0,0
1.0059828081117663e-06,5,14,2,0,1,0,0,0,0,0,0,0,0,0,0,0,1,0,0
1.2651931022264546e-06,5,15,2,0,1,0,0,0,0,0,0,0,0,0,0,0,1,0,0
8.948926820626142e-07,5,13,2,0,1,0,0,0,0,0,0,0,0,0,0,0,1,0,0
1.0244978291199585e-06,5,33,6,0,1,0,0,0,0,0,0,0,0,0,0,0,1,0,0
1.5182317226717456e-06,1,13,2,0,0,0,0,0,0,0,0,0,0,0,0,0,1,0,0
1.0244978291199585e-06,5,60,10,0,1,0,0,0,0,0,0,0,0,0,0,0,1,0,0
1.0244978291199585e-06,5,60,10,0,1,0,0,0,0,0,0,0,0,0,0,0,1,0,0
0.0009109513769503862,4,16,3,0,1,0,0,0,0,0,0,0,0,0,0,0,1,0,0
1.4565149859777723e-06,5,100,16,0,1,0,0,0,0,0,0,0,0,0,0,0,1,0,0
7.529441876664754e-07,5,13,3,0,1,0,0,0,0,0,0,0,0,0,0,0,1,0,0
8.208325980298462e-07,5,11,2,0,1,0,0,0,0,0,0,0,0,0,0,0,1,0,0
0.001635505865737634,5,13,2,0,1,0,0,0,0,0,0,0,0,0,0,0,1,0,0
0.0007714715520220063,3,24,3,0,0,0,0,0,0,0,0,0,0,0,0,0,1,0,0
8.023175770216541e-07,5,13,3,0,1,0,0,0,0,0,0,0,0,0,0,0,1,0,0
0.0019440895492075008,4,21,4,0,1,0,0,0,0,0,0,0,0,0,0,0,1,0,0
1.8083003851334205e-06,5,11,2,0,1,0,0,0,0,0,0,0,0,0,0,0,1,0,0
0.0007220981626668276,5,12,3,0,1,0,0,0,0,0,0,0,0,0,0,0,1,0,0
0.0007220981626668276,5,12,3,0,1,0,0,0,0,0,0,0,0,0,0,0,1,0,0
0.0017077514777115992,3,21,3,0,0,0,0,0,0,0,0,0,0,0,0,0,1,0,0
0.0011417719721858468,1,13,2,0,0,0,0,0,0,0,0,0,0,0,0,0,1,0,0
0.00111091360383886,3,24,3,0,0,0,0,0,0,0,0,0,0,0,0,0,1,0,0
0.0015552741080354685,5,11,2,0,1,0,0,0,0,0,0,0,0,0,0,0,1,0,0
0.00047769988535869293,5,14,3,0,1,0,0,0,0,0,0,0,0,0,0,0,1,0,0
0.0006110080366176755,5,46,8,0,1,0,0,0,0,0,0,0,0,0,0,0,1,0,0
0.0005110269231734386,5,11,2,0,1,0,0,0,0,0,0,0,0,0,0,0,1,0,0
6.54197408956118e-07,5,12,2,0,1,0,0,0,0,0,0,0,0,0,0,0,1,0,0
0.0010491968671448866,3,33,4,0,0,0,0,0,0,0,0,0,0,0,0,0,1,0,0
1.0244978291199585e-06,5,15,3,0,1,0,0,0,0,0,0,0,0,0,0,0,1,0,0
0.0006542097523034568,5,12,2,0,1,0,0,0,0,0,0,0,0,0,0,0,1,0,0
9.99811134442369e-07,5,43,8,0,1,0,0,0,0,0,0,0,0,0,0,0,1,0,0
0.0013454372032759589,5,112,15,0,1,0,0,0,0,0,0,0,0,0,0,0,1,0,0
9.99811134442369e-07,5,15,2,0,1,0,0,0,0,0,0,0,0,0,0,0,1,0,0
7.467725139970781e-07,5,12,2,0,1,0,0,0,0,0,0,0,0,0,0,0,1,0,0
0.000987480130450913,1,13,2,0,0,0,0,0,0,0,0,0,0,0,0,0,1,0,0
0.0005443539609881842,5,13,2,0,1,0,0,0,0,0,0,0,0,0,0,0,1,0,0
8.578626400462302e-07,5,11,2,0,1,0,0,0,0,0,0,0,0,0,0,0,1,0,0
0.0004665908727537777,5,35,6,0,1,0,0,0,0,0,0,0,0,0,0,0,1,0,0
0.0023390766640489303,1,7,1,0,0,0,0,0,0,0,0,0,0,0,0,0,1,0,0
0.0,5,61,8,0,1,0,0,0,0,0,0,0,0,0,0,0,1,0,0
0.0005084687644374734,5,11,2,0,1,0,0,0,0,0,0,0,0,0,0,0,1,0,0
1.8638454481579966e-06,5,11,2,0,1,0,0,0,0,0,0,0,0,0,0,0,1,0,0
1.9872789215459433e-06,5,17,3,0,1,0,0,0,0,0,0,0,0,0,0,0,1,0,0
1.3886265756144014e-06,5,16,3,0,1,0,0,0,0,0,0,0,0,0,0,0,1,0,0
9.751244397647797e-07,5,14,2,0,1,0,0,0,0,0,0,0,0,0,0,0,1,0,0
0.0007943067445987765,5,31,5,0,1,0,0,0,0,0,0,0,0,0,0,0,1,0,0
0.0008887333517405558,5,98,12,0,1,0,0,0,0,0,0,0,0,0,0,0,1,0,0
1.1232446078303157e-06,5,14,2,0,1,0,0,0,0,0,0,0,0,0,0,0,1,0,0
1.0491845237975477e-06,5,16,3,0,1,0,0,0,0,0,0,0,0,0,0,0,1,0,0
0.0006480380786340595,5,9,2,0,1,0,0,0,0,0,0,0,0,0,0,0,1,0,0
0.0,5,48,7,0,1,0,0,0,0,0,0,0,0,0,0,0,1,0,0
0.001010932490394623,5,13,2,0,1,0,0,0,0,0,0,0,0,0,0,0,1,0,0
1.4133132702919908e-06,5,15,3,0,1,0,0,0,0,0,0,0,0,0,0,0,1,0,0
6.233390406091312e-07,5,11,2,0,1,0,0,0,0,0,0,0,0,0,0,0,1,0,0
1.4133132702919908e-06,5,15,3,0,1,0,0,0,0,0,0,0,0,0,0,0,1,0,0
0.0005221359357783537,5,42,5,0,1,0,0,0,0,0,0,0,0,0,0,0,1,0,0
1.2466780812182627e-06,5,13,2,0,1,0,0,0,0,0,0,0,0,0,0,0,1,0,0
9.010643557320116e-07,5,21,3,0,1,0,0,0,0,0,0,0,0,0,0,0,1,0,0
0.0006542097523034568,5,9,2,0,1,0,0,0,0,0,0,0,0,0,0,0,1,0,0
1.0430128501281504e-06,5,14,2,0,1,0,0,0,0,0,0,0,0,0,0,0,1,0,0
1.2960514705734414e-06,5,10,2,0,1,0,0,0,0,0,0,0,0,0,0,0,1,0,0
0.0006110080366176755,4,19,3,0,1,0,0,0,0,0,0,0,0,0,0,0,1,0,0
0.0,5,17,3,0,1,0,0,0,0,0,0,0,0,0,0,0,1,0,0
1.5922918067045136e-06,5,10,2,0,1,0,0,0,0,0,0,0,0,0,0,0,1,0,0
1.8638454481579966e-06,5,44,7,0,1,0,0,0,0,0,0,0,0,0,0,0,1,0,0
1.0491845237975477e-06,5,8,2,0,1,0,0,0,0,0,0,0,0,0,0,0,1,0,0
0.0014719565134986043,3,-62,28,0,1,0,0,0,0,0,0,0,0,0,0,0,1,0,0
6.171673669397339e-07,3,23,3,0,0,0,0,0,0,0,0,0,0,0,0,0,1,0,0
0.0009689651094427212,3,66,8,0,0,0,0,0,0,0,0,0,0,0,0,0,1,0,0
0.001036853519806092,5,8,2,0,1,0,0,0,0,0,0,0,0,0,0,0,1,0,0
0.0007332071752717428,5,9,2,0,1,0,0,0,0,0,0,0,0,0,0,0,1,0,0
0.000987480130450913,1,38,5,0,1,0,0,0,0,0,0,0,0,0,0,0,1,0,0
1.4133132702919908e-06,5,41,6,0,1,0,0,0,0,0,0,0,0,0,0,0,1,0,0
0.001010932490394623,4,84,11,0,0,0,0,0,0,0,0,0,0,0,0,0,1,0,0
0.0006480380786340595,5,31,5,0,1,0,0,0,0,0,0,0,0,0,0,0,1,0,0
1.7897853641252286e-06,5,43,6,0,1,0,0,0,0,0,0,0,0,0,0,0,1,0,0
1.672523564406679e-06,5,42,7,0,1,0,0,0,0,0,0,0,0,0,0,0,1,0,0
8.825493347238196e-07,1,13,2,0,0,0,0,0,0,0,0,0,0,0,0,0,1,0,0
0.0005276904420808113,5,8,2,0,1,0,0,0,0,0,0,0,0,0,0,0,1,0,0
0.0007406131836750196,5,14,2,0,1,0,0,0,0,0,0,0,0,0,0,0,1,0,0
5.554506302457605e-07,5,13,3,0,1,1,0,0,0,0,0,0,0,0,0,0,1,0,0
0.0013081664659864683,1,15,2,0,1,0,0,0,0,0,0,0,0,0,0,0,1,0,0
0.0,5,21,3,0,1,0,0,0,0,0,0,0,0,0,0,0,1,0,0
1.6416651960596924e-06,5,11,2,0,1,0,0,0,0,0,0,0,0,0,0,0,1,0,0
0.0005554629735930994,5,39,6,0,1,0,0,0,0,0,0,0,0,0,0,0,1,0,0
9.99811134442369e-07,1,13,2,0,0,0,0,0,0,0,0,0,0,0,0,0,1,0,0
0.001709565949770402,2,38,6,0,1,0,0,0,0,0,0,0,0,0,0,0,1,0,0
7.838025560134621e-07,5,17,3,0,1,0,0,0,0,0,0,0,0,0,0,0,1,0,0
9.010643557320116e-07,5,10,2,0,1,0,0,0,0,0,0,0,0,0,0,0,1,0,0
0.0007406131836750196,5,18,3,0,1,0,0,0,0,0,0,0,0,0,0,0,1,0,0
8.146609243604488e-07,1,13,2,0,0,0,0,0,0,0,0,0,0,0,0,0,1,0,0
8.455192927074356e-07,5,13,3,0,1,0,0,0,0,0,0,0,0,0,0,0,1,0,0
0.0005776809988029298,5,10,2,0,1,0,0,0,0,0,0,0,0,0,0,0,1,0,0
0.0005443539609881842,5,9,2,0,1,0,0,0,0,0,0,0,0,0,0,0,1,0,0
0.0011432778605611797,1,13,2,0,0,0,0,0,0,0,0,0,0,0,0,0,1,0,0
0.0004999179105685234,5,10,2,0,1,0,0,0,0,0,0,0,0,0,0,0,1,0,0
6.54197408956118e-07,1,13,2,0,0,0,0,0,0,0,0,0,0,0,0,0,1,0,0
0.00047769988535869293,3,17,2,0,1,0,0,0,0,0,0,0,0,0,0,0,1,0,0
8.331759453686408e-07,5,16,3,0,1,0,0,0,0,0,0,0,0,0,0,0,1,0,0
0.0002777376584702191,3,-69,-71,0,0,0,0,0,0,0,0,0,0,0,0,0,1,0,0
0.0018144844021501568,3,31,4,0,0,0,0,0,0,0,0,0,0,0,0,0,1,0,0
0.000802329920368993,5,19,2,0,1,0,0,0,0,0,0,0,0,0,0,0,1,0,0
0.0015552741080354685,1,13,2,0,0,0,0,0,0,0,0,0,0,0,0,0,1,0,0
8.763776610544222e-07,5,12,2,0,1,0,0,0,0,0,0,0,0,0,0,0,1,0,0
0.0006042191955813384,1,25,5,0,1,0,0,0,0,0,0,0,0,0,0,0,1,0,0
9.072360294014089e-07,5,16,2,0,1,0,0,0,0,0,0,0,0,0,0,0,1,0,0
1.1232446078303157e-06,5,14,2,0,1,0,0,0,0,0,0,0,0,0,0,0,1,0,0
0.00047769988535869293,2,11,3,0,1,0,0,0,0,0,0,0,0,0,0,0,1,0,0
0.0008702183307323638,4,31,6,0,1,0,0,0,0,0,0,0,0,0,0,0,1,0,0
0.000820844941377185,5,12,2,0,1,0,0,0,0,0,0,0,0,0,0,0,1,0,0
6.295107142785287e-07,5,15,2,0,1,0,0,0,0,0,0,0,0,0,0,0,1,0,0
0.0006665530996422515,5,41,7,0,1,0,0,0,0,0,0,0,0,0,0,0,1,0,0
0.001728080970778594,5,14,3,0,1,0,0,0,0,0,0,0,0,0,0,0,1,0,0
0.00047769988535869293,5,15,3,0,1,0,0,0,0,0,0,0,0,0,0,0,1,0,0
1.1417596288385079e-06,5,11,2,0,1,0,0,0,0,0,0,0,0,0,0,0,1,0,0
0.0011053590975364023,4,14,4,0,1,0,0,0,0,0,0,0,0,0,0,0,1,0,0
0.0004665908727537777,4,31,6,0,1,0,0,0,0,0,0,0,0,0,0,0,1,0,0
0.0008517033097241718,1,10,2,0,1,0,0,0,0,0,0,0,0,0,0,0,1,0,0
1.5676051120269244e-06,5,11,2,0,1,0,0,0,0,0,0,0,0,0,0,0,1,0,0
0.0014441839819863164,1,6,1,0,0,0,0,0,0,0,0,0,0,0,0,0,1,0,0
7.28257492988886e-07,1,13,2,0,0,0,0,0,0,0,0,0,0,0,0,0,1,0,0
0.0018484286073318422,4,24,3,0,0,0,0,0,0,0,0,0,0,0,0,0,1,0,0
0.0012670569476746127,4,36,5,0,0,0,1,0,0,0,0,0,0,0,0,0,1,0,0
7.035707983112967e-07,5,13,2,0,1,0,0,0,0,0,0,0,0,0,0,0,1,0,0
0.0018484286073318422,5,17,3,0,1,0,0,0,0,0,0,0,0,0,0,0,1,0,0
1.34542485992862e-06,5,14,2,0,1,0,0,0,0,0,0,0,0,0,0,0,1,0,0
0.0,5,14,2,0,1,0,0,0,0,0,0,0,0,0,0,0,1,0,0
0.0009776054525798775,5,10,2,0,1,0,0,0,0,0,0,0,0,0,0,0,1,0,0
1.4750300069859642e-06,5,-126,22,0,1,0,0,0,0,0,0,0,0,0,0,0,1,0,0
0.0012775487929125881,1,6,1,0,0,0,0,0,0,0,0,0,0,0,0,0,1,0,0
0.0010667244203659751,5,48,8,0,1,0,1,0,0,0,0,0,0,0,0,0,1,0,0
1.4935450279941562e-06,5,12,3,0,1,0,0,0,0,0,0,0,0,0,0,0,1,0,0
0.000987480130450913,1,13,3,0,0,0,0,0,0,0,0,0,0,0,0,0,1,0,0
0.0005110269231734386,5,15,3,0,1,0,0,0,0,0,0,0,0,0,0,0,1,0,0
0.0011547324868915812,5,41,7,0,1,0,0,0,0,0,0,0,0,0,0,0,1,0,0
0.000889622072748949,5,10,2,0,1,0,0,0,0,0,0,0,0,0,0,0,1,0,0
1.0306695027893558e-06,1,13,2,0,0,0,0,0,0,0,0,0,0,0,0,0,1,0,0
1.4133132702919908e-06,5,15,3,0,1,0,0,0,0,0,0,0,0,0,0,0,1,0,0
8.208325980298462e-07,1,13,2,0,0,0,0,0,0,0,0,0,0,0,0,0,1,0,0
8.455192927074356e-07,3,13,3,0,1,0,0,0,0,0,0,0,0,0,0,0,1,0,0
0.0011220226164437752,3,19,5,0,1,0,0,0,0,0,0,0,0,0,0,0,1,0,0
0.0007109891500619123,5,12,3,0,1,0,0,0,0,0,0,0,0,0,0,0,1,0,0
1.1541029761773025e-06,5,15,2,0,1,0,0,0,0,0,0,0,0,0,0,0,1,0,0
9.072360294014089e-07,5,13,2,0,1,0,0,0,0,0,0,0,0,0,0,0,1,0,0
0.0012645882782068537,5,17,3,0,1,0,0,0,0,0,0,0,0,0,0,0,1,0,0
0.0007776432256914037,1,28,5,0,0,0,0,0,0,0,0,0,0,0,0,0,1,0,0
0.0013133445001950927,3,14,2,0,1,0,0,0,0,0,0,0,0,0,0,0,1,0,0
0.0007714715520220063,1,13,2,0,0,0,0,0,0,0,0,0,0,0,0,0,1,0,0
0.0007220981626668276,5,15,3,0,1,0,0,0,0,0,0,0,0,0,0,0,1,0,0
9.99811134442369e-07,5,13,2,0,1,0,0,0,0,0,0,0,0,0,0,0,1,0,0
0.0013349453580379835,3,15,3,0,1,0,0,0,0,0,0,0,0,0,0,0,1,0,0
8.763776610544222e-07,5,43,7,0,1,0,0,0,0,0,0,0,0,0,0,0,1,0,0
9.99811134442369e-07,5,12,3,0,1,0,0,0,0,0,0,0,0,0,0,0,1,0,0
1.8021287114640232e-06,1,13,2,0,0,0,0,0,0,0,0,0,0,0,0,0,1,0,0
1.0121544817811636e-06,5,14,2,0,1,0,0,0,0,0,0,0,0,0,0,0,1,0,0
0.0007714715520220063,3,28,3,0,0,0,0,0,0,0,0,0,0,0,0,0,1,0,0
0.0004443728475439473,2,32,6,0,1,0,0,0,0,0,0,0,0,0,0,0,1,0,0
1.1170729341609184e-06,3,13,3,0,1,0,0,0,0,0,0,0,0,0,0,0,1,0,0
0.0008887333517405558,5,10,2,0,1,0,0,0,0,0,0,0,0,0,0,0,1,0,0
0.0013748637433316454,4,62,11,0,1,0,0,0,0,0,0,0,0,0,0,0,1,0,0
1.4935450279941562e-06,5,13,2,0,1,0,0,0,0,0,0,0,0,0,0,0,1,0,0
0.00039993679712428643,3,22,3,0,0,0,0,0,0,0,0,0,0,0,0,0,1,0,0
0.0004443728475439473,5,19,3,0,1,0,0,0,0,0,0,0,0,0,0,0,1,0,0
0.0012343470772268068,3,25,3,0,0,0,0,0,0,0,0,0,0,0,0,0,1,0,0
0.001101656093334764,1,18,4,0,0,0,0,0,0,0,0,0,0,0,0,0,1,0,0
0.0006665530996422515,5,13,2,0,1,0,0,0,0,0,0,0,0,0,0,0,1,0,0
0.0005110269231734386,5,15,3,0,1,0,0,0,0,0,0,0,0,0,0,0,1,0,0
1.3762832282756067e-06,5,12,3,0,1,0,0,0,0,0,0,0,0,0,0,0,1,0,0
0.0008949050254099531,1,19,3,0,0,0,1,0,0,0,0,0,0,0,0,0,1,0,0
0.0018274449168558912,5,13,2,0,1,0,0,0,0,0,0,0,0,0,0,0,1,0,0
0.00047769988535869293,3,30,3,0,0,0,0,0,0,0,0,0,0,0,0,0,1,0,0
1.2960514705734414e-06,5,14,2,0,1,0,0,0,0,0,0,0,0,0,0,0,1,0,0
0.001010932490394623,4,26,4,0,0,0,0,0,0,0,0,0,0,0,0,0,1,0,0
1.1726179971854945e-06,5,11,2,0,1,0,0,0,0,0,0,0,0,0,0,0,1,0,0
0.000820844941377185,1,16,2,0,1,0,0,0,0,0,0,0,0,0,0,0,1,0,0
1.1232446078303157e-06,5,13,2,0,1,0,0,0,0,0,0,0,0,0,0,0,1,0,0
0.0006221170492225907,5,20,4,0,1,0,0,0,0,0,0,0,0,0,0,0,1,0,0
9.195793767402036e-07,5,22,3,0,1,0,0,0,0,0,0,0,0,0,0,0,1,0,0
1.2466780812182627e-06,3,35,4,0,0,0,0,0,0,0,0,0,0,0,0,0,1,0,0
8.640343137156275e-07,5,12,3,0,1,0,0,0,0,0,0,0,0,0,0,0,1,0,0
0.0007887522382963189,5,11,2,0,1,0,0,0,0,0,0,0,0,0,0,0,1,0,0
0.0041881100954003735,5,11,2,0,1,0,0,0,0,0,0,0,0,0,0,0,1,0,0
0.0011831221857708089,1,15,1,0,1,0,0,0,0,0,0,0,0,0,0,0,1,0,0
0.0008331882887159797,5,13,2,0,1,0,0,0,0,0,0,0,0,0,0,0,1,0,0
0.0005831151574688341,4,18,3,0,1,0,0,0,0,0,0,0,0,0,0,0,1,0,0
1.2775364495652493e-06,5,17,3,0,1,0,0,0,0,0,0,0,0,0,0,0,1,0,0
0.001403450935768294,5,15,3,0,1,0,0,0,0,0,0,0,0,0,0,0,1,0,0
0.0010491968671448866,5,8,2,0,1,0,0,0,0,0,0,0,0,0,0,0,1,0,0
0.0005110269231734386,5,14,2,0,1,0,0,0,0,0,0,0,0,0,0,0,1,0,0
0.000999823477789708,5,82,15,0,1,0,1,0,0,0,0,0,0,0,0,0,1,0,0
9.25751050409601e-07,5,39,6,0,1,0,0,0,0,0,0,0,0,0,0,0,1,0,0
0.00111091360383886,5,68,11,0,1,0,1,0,0,0,0,0,0,0,0,0,1,0,0
0.00047769988535869293,5,12,2,0,1,0,0,0,0,0,0,0,0,0,0,0,1,0,0
0.001037507717215048,4,19,4,0,1,0,0,0,0,0,0,0,0,0,0,0,1,0,0
0.0017774543601337728,4,53,8,0,1,0,0,0,0,0,0,0,0,0,0,0,1,0,0
1.1849613445242893e-06,5,20,3,0,1,0,0,0,0,0,0,0,0,0,0,0,1,0,0
8.702059873850248e-07,3,14,2,0,1,0,0,0,0,0,0,0,0,0,0,0,1,0,0
0.0,1,21,3,0,0,0,0,0,0,0,0,0,0,0,0,0,1,0,0
0.0013748637433316454,4,19,4,0,1,0,0,0,0,0,0,0,0,0,0,0,1,0,0
2.59827461481628e-06,5,15,3,0,1,0,0,0,0,0,0,0,0,0,0,0,1,0,0
0.0005110269231734386,5,11,2,0,1,0,0,0,0,0,0,0,0,0,0,0,1,0,0
0.0015799608027130577,3,22,3,0,0,0,0,0,0,0,0,0,0,0,0,0,1,0,0
0.00042215482233411687,2,16,1,0,1,0,0,0,0,0,0,0,0,0,0,0,1,0,0
1.3022231442428387e-06,5,79,14,0,1,0,0,0,0,0,0,0,0,0,0,0,1,0,0
0.0011709948470104432,3,26,3,0,0,0,0,0,0,0,0,0,0,0,0,0,1,0,0
0.00042670951750213207,5,-86,26,0,1,0,0,0,0,0,0,0,0,0,0,0,1,0,0
0.0008702183307323638,3,15,2,0,0,0,0,0,0,0,0,0,0,0,0,0,1,0,0
8.146609243604488e-07,5,10,2,0,1,0,0,0,0,0,0,0,0,0,0,0,1,0,0
0.0013084071612595749,5,14,2,0,1,0,0,0,0,0,0,0,0,0,0,0,1,0,0
1.3947982492837987e-06,5,13,2,0,1,0,0,0,0,0,0,0,0,0,0,0,1,0,0
1.1541029761773025e-06,5,12,3,0,1,0,0,0,0,0,0,0,0,0,0,0,1,0,0
0.0,5,16,3,0,1,0,0,0,0,0,0,0,0,0,0,0,1,0,0
0.0004999179105685234,5,10,2,0,1,0,0,0,0,0,0,0,0,0,0,0,1,0,0
0.0006554440870373364,5,10,2,0,1,0,0,0,0,0,0,0,0,0,0,0,1,0,0
0.00047769988535869293,5,20,3,0,1,0,0,0,0,0,0,0,0,0,0,0,1,0,0
9.319227240789983e-07,5,16,2,0,1,0,0,0,0,0,0,0,0,0,0,0,1,0,0
0.0023251903982927863,5,58,10,0,1,0,0,0,0,0,0,0,0,0,0,0,1,0,0
5.677939775845552e-07,5,15,3,0,1,0,0,0,0,0,0,0,0,0,0,0,1,0,0
0.0006590277722146997,5,66,10,0,1,0,1,0,0,0,0,0,0,0,0,0,1,0,0
0.001166458666863436,5,50,8,0,1,0,0,0,0,0,0,0,0,0,0,0,1,0,0
1.4318282913001828e-06,5,37,6,0,1,0,0,0,0,0,0,0,0,0,0,0,1,0,0
8.763776610544222e-07,5,18,3,0,1,0,0,0,0,0,0,0,0,0,0,0,1,0,0
0.00039948317910958573,2,12,2,0,0,0,1,0,0,0,0,0,0,0,0,0,1,0,0
1.1787896708548918e-06,5,21,3,0,1,0,0,0,0,0,0,0,0,0,0,0,1,0,0
0.0004443728475439473,5,18,3,0,1,0,0,0,0,0,0,0,0,0,0,0,1,0,0
7.529441876664754e-07,5,14,2,0,1,0,0,0,0,0,0,0,0,0,0,0,1,0,0
2.59827461481628e-06,5,11,2,0,1,0,0,0,0,0,0,0,0,0,0,0,1,0,0
0.0004999179105685234,5,12,3,0,1,0,0,0,0,0,0,0,0,0,0,0,1,0,0
0.0004999179105685234,5,12,3,0,1,0,0,0,0,0,0,0,0,0,0,0,1,0,0
0.0004999179105685234,5,11,2,0,1,0,0,0,0,0,0,0,0,0,0,0,1,0,0
0.0004999179105685234,5,15,2,0,1,0,0,0,0,0,0,0,0,0,0,0,1,0,0
0.0004999179105685234,5,15,2,0,1,0,0,0,0,0,0,0,0,0,0,0,1,0,0
0.0004999179105685234,5,15,2,0,1,0,0,0,0,0,0,0,0,0,0,0,1,0,0
0.0004999179105685234,5,11,2,0,1,0,0,0,0,0,0,0,0,0,0,0,1,0,0
0.0017904148748395072,1,13,2,0,0,0,0,0,0,0,0,0,0,0,0,0,1,0,0
0.0014812140240027004,3,44,8,0,1,0,0,0,0,0,0,0,0,0,0,0,1,0,0
1.579948459365719e-06,5,12,3,0,1,0,0,0,0,0,0,0,0,0,0,0,1,0,0
0.0008893505191074955,5,16,3,0,1,0,0,0,0,0,0,0,0,0,0,0,1,0,0
9.99811134442369e-07,5,14,2,0,1,0,0,0,0,0,0,0,0,0,0,0,1,0,0
9.689527660953824e-07,5,11,2,0,1,0,0,0,0,0,0,0,0,0,0,0,1,0,0
1.2466780812182627e-06,5,14,2,0,1,0,0,0,0,0,0,0,0,0,0,0,1,0,0
0.0006542097523034568,5,10,2,0,1,0,0,0,0,0,0,0,0,0,0,0,1,0,0
0.0018900256878635802,5,13,3,0,1,0,0,0,0,0,0,0,0,0,0,0,1,0,0
0.00042215482233411687,5,17,2,0,1,0,0,0,0,0,0,0,0,0,0,0,1,0,0
0.0041881100954003735,5,11,2,0,1,0,0,0,0,0,0,0,0,0,0,0,1,0,0
1.9132188375131755e-06,5,11,2,0,1,0,0,0,0,0,0,0,0,0,0,0,1,0,0
0.0018243961100632088,5,14,3,0,1,0,0,0,0,0,0,0,0,0,0,0,1,0,0
0.0006443350744324211,5,11,2,0,1,0,0,0,0,0,0,0,0,0,0,0,1,0,0
0.0009504500884345292,5,10,2,0,1,0,0,0,0,0,0,0,0,0,0,0,1,0,0
0.0005332449483832689,5,19,2,0,1,0,0,0,0,0,0,0,0,0,0,0,1,0,0
1.1849613445242893e-06,5,15,3,0,1,0,0,0,0,0,0,0,0,0,0,0,1,0,0
1.6848669117454738e-06,5,13,2,0,1,0,0,0,0,0,0,0,0,0,0,0,1,0,0
1.0923862394833291e-06,5,74,11,0,1,0,0,0,0,0,0,0,0,0,0,0,1,0,0
0.0010706742915143894,1,5,2,0,0,0,0,0,0,0,0,0,0,0,0,0,1,0,0
0.0010491968671448866,5,15,3,0,1,0,0,0,0,0,0,0,0,0,0,0,1,0,0
0.0010269788419350562,3,23,3,0,0,0,0,0,0,0,0,0,0,0,0,0,1,0,0
1.944077205860162e-06,5,17,3,0,1,0,0,0,0,0,0,0,0,0,0,0,1,0,0
9.380943977483956e-07,1,14,3,0,0,0,0,0,0,0,0,0,0,0,0,0,1,0,0
6.91227450972502e-07,5,11,2,0,1,0,0,0,0,0,0,0,0,0,0,0,1,0,0
0.00136580372638497,3,13,3,0,1,0,0,0,0,0,0,0,0,0,0,0,1,0,0
1.3515965335980175e-06,5,15,3,0,1,0,0,0,0,0,0,0,0,0,0,0,1,0,0
2.2403175419912343e-06,1,13,2,0,0,0,0,0,0,0,0,0,0,0,0,0,1,0,0
0.0006443350744324211,1,20,2,0,0,0,0,0,0,0,0,0,0,0,0,0,1,0,0
0.00111091360383886,5,10,2,0,1,0,0,0,0,0,0,0,0,0,0,0,1,0,0
1.1232446078303157e-06,1,13,2,0,0,0,0,0,0,0,0,0,0,0,0,0,1,0,0
1.2343347338794678e-06,1,13,2,0,0,0,0,0,0,0,0,0,0,0,0,0,1,0,0
0.0018329994231583487,1,13,2,0,0,0,0,0,0,0,0,0,0,0,0,0,1,0,0
0.000744316187876658,5,13,2,0,1,0,0,0,0,0,0,0,0,0,0,0,1,0,0
0.0012096603825492173,5,19,3,0,1,0,0,0,0,0,0,0,0,0,0,0,1,0,0
0.0008498518076233525,5,31,5,0,1,0,0,0,0,0,0,0,0,0,0,0,1,0,0
9.319227240789983e-07,5,13,2,0,1,0,0,0,0,0,0,0,0,0,0,0,1,0,0
1.6293218487208977e-06,5,12,2,0,1,0,0,0,0,0,0,0,0,0,0,0,1,0,0
1.2219913865406732e-06,5,19,3,0,1,0,0,0,0,0,0,0,0,0,0,0,1,0,0
0.0012960638139207802,5,10,2,0,1,0,0,0,0,0,0,0,0,0,0,0,1,0,0
1.3701115546062094e-06,5,10,2,0,1,0,0,0,0,0,0,0,0,0,0,0,1,0,0
1.962592226868354e-06,5,13,3,0,1,0,0,0,0,0,0,0,0,0,0,0,1,0,0
1.308394817912236e-06,5,10,2,0,1,0,0,0,0,0,0,0,0,0,0,0,1,0,0
0.0041881100954003735,5,11,2,0,1,0,0,0,0,0,0,0,0,0,0,0,1,0,0
6.91227450972502e-07,5,10,2,0,1,0,0,0,0,0,0,0,0,0,0,0,1,0,0
0.0006110080366176755,5,12,2,0,1,0,0,0,0,0,0,0,0,0,0,0,1,0,0
1.92556218485197e-06,5,17,3,0,1,0,0,0,0,0,0,0,0,0,0,0,1,0,0
0.0009504500884345292,5,10,2,0,1,0,0,0,0,0,0,0,0,0,0,0,1,0,0
1.4071415966225935e-06,5,13,2,0,1,0,0,0,0,0,0,0,0,0,0,0,1,0,0
0.0010491968671448866,5,15,3,0,1,0,0,0,0,0,0,0,0,0,0,0,1,0,0
1.962592226868354e-06,5,13,3,0,1,0,0,0,0,0,0,0,0,0,0,0,1,0,0
1.0615278711363424e-06,5,15,3,0,1,0,0,0,0,0,0,0,0,0,0,0,1,0,0
1.4071415966225935e-06,5,17,3,0,1,0,0,0,0,0,0,0,0,0,0,0,1,0,0
1.036841176458753e-06,5,11,2,0,1,0,0,0,0,0,0,0,0,0,0,0,1,0,0
2.2032874999748504e-06,5,40,7,0,1,0,0,0,0,0,0,0,0,0,0,0,1,0,0
1.3392531862592226e-06,5,13,2,0,1,0,0,0,0,0,0,0,0,0,0,0,1,0,0
0.001888544486182925,5,12,3,0,1,0,0,0,0,0,0,0,0,0,0,0,1,0,0
1.2590214285570573e-06,1,13,2,0,0,0,0,0,0,0,0,0,0,0,0,0,1,0,0
9.81296113434177e-07,5,43,8,0,1,0,0,0,0,0,0,0,0,0,0,0,1,0,0
6.603690826255153e-07,1,13,2,0,0,0,0,0,0,0,0,0,0,0,0,0,1,0,0
0.0005998990240127603,5,14,2,0,1,0,0,0,0,0,0,0,0,0,0,0,1,0,0
0.0005554629735930994,5,11,2,0,1,0,0,0,0,0,0,0,0,0,0,0,1,0,0
9.936394607729717e-07,5,56,11,0,1,0,0,0,0,0,0,0,0,0,0,0,1,0,0
0.002098381390942434,5,12,2,0,1,0,0,0,0,0,0,0,0,0,0,0,1,0,0
1.1232446078303157e-06,5,12,3,0,1,0,0,0,0,0,0,0,0,0,0,0,1,0,0
1.4318282913001828e-06,5,10,2,0,1,0,0,0,0,0,0,0,0,0,0,0,1,0,0
0.0,3,33,6,0,0,0,0,0,0,0,0,0,0,0,0,0,1,0,0
0.00013332049460632132,3,45,6,0,0,0,0,0,0,0,0,0,0,0,0,0,1,0,0
1.9008754901743807e-06,5,12,3,0,1,0,0,0,0,0,0,0,0,0,0,0,1,0,0
0.0012466904245656014,4,17,3,0,1,0,0,0,0,0,0,0,0,0,0,0,1,0,0
2.4810128150977307e-06,5,12,3,0,1,0,0,0,0,0,0,0,0,0,0,0,1,0,0
1.0615278711363424e-06,5,11,2,0,1,0,0,0,0,0,0,0,0,0,0,0,1,0,0
1.4935450279941562e-06,5,17,3,0,1,0,0,0,0,0,0,0,0,0,0,0,1,0,0
1.9008754901743807e-06,5,12,3,0,1,0,0,0,0,0,0,0,0,0,0,0,1,0,0
0.0014528243251234725,5,13,3,0,1,0,0,0,0,0,0,0,0,0,0,0,1,0,0
0.00017775654502598216,3,22,3,0,0,0,0,0,0,0,0,0,0,0,0,0,1,0,0
1.43799996496958e-06,5,12,3,0,1,0,0,0,0,0,0,0,0,0,0,0,1,0,0
6.850557773031047e-07,5,22,3,0,1,0,0,0,0,0,0,0,0,0,0,0,1,0,0
0.0006887711248520819,5,43,6,0,1,0,0,0,0,0,0,0,0,0,0,0,1,0,0
1.0059828081117663e-06,5,14,2,0,1,0,0,0,0,0,0,0,0,0,0,0,1,0,0
0.0015256500744223612,5,13,3,0,1,0,0,0,0,0,0,0,0,0,0,0,1,0,0
0.0,5,14,3,0,1,0,0,0,0,0,0,0,0,0,0,0,1,0,0
9.072360294014089e-07,5,12,2,0,1,0,0,0,0,0,0,0,0,0,0,0,1,0,0
1.3577682072674148e-06,5,12,3,0,1,0,0,0,0,0,0,0,0,0,0,0,1,0,0
0.0020366646542484606,5,12,2,0,1,0,0,0,0,0,0,0,0,0,0,0,1,0,0
0.00011727414306588825,5,45,6,0,1,0,0,0,0,0,0,0,0,0,0,0,1,0,0
6.35682387947926e-07,5,50,9,0,1,0,0,0,0,0,0,0,0,0,0,0,1,0,0
9.99811134442369e-07,5,12,2,0,1,0,0,0,0,0,0,0,0,0,0,0,1,0,0
1.6293218487208977e-06,5,14,2,0,1,0,0,0,0,0,0,0,0,0,0,0,1,0,0
1.3207381652510307e-06,5,14,2,0,1,0,0,0,0,0,0,0,0,0,0,0,1,0,0
0.0004999179105685234,5,15,2,0,1,0,0,0,0,0,0,0,0,0,0,0,1,0,0
1.1664463235160971e-06,5,14,2,0,1,0,0,0,0,0,0,0,0,0,0,0,1,0,0
1.4935450279941562e-06,5,10,2,0,1,0,0,0,0,0,0,0,0,0,0,0,1,0,0
0.0004999179105685234,5,15,2,0,1,0,0,0,0,0,0,0,0,0,0,0,1,0,0
0.0009566217621039265,3,66,8,0,0,0,0,0,0,0,0,0,0,0,0,0,1,0,0
1.1047295868221238e-06,5,12,3,0,1,0,0,0,0,0,0,0,0,0,0,0,1,0,0
2.345235994370989e-06,5,12,3,0,1,0,0,0,0,0,0,0,0,0,0,0,1,0,0
1.1787896708548918e-06,5,17,3,0,1,0,0,0,0,0,0,0,0,0,0,0,1,0,0
1.6416651960596924e-06,5,12,3,0,1,0,0,0,0,0,0,0,0,0,0,0,1,0,0
0.00034439173409971037,5,10,2,0,1,0,0,0,0,0,0,0,0,0,0,0,1,0,0
8.146609243604488e-07,1,13,2,0,0,0,0,0,0,0,0,0,0,0,0,0,1,0,0
1.3392531862592226e-06,5,12,3,0,1,0,0,0,0,0,0,0,0,0,0,0,1,0,0
1.0244978291199585e-06,5,53,8,0,1,0,0,0,0,0,0,0,0,0,0,0,1,0,0
1.728068627431255e-06,5,13,3,0,1,0,0,0,0,0,0,0,0,0,0,0,1,0,0
0.0,5,14,2,0,1,0,0,0,0,0,0,0,0,0,0,0,1,0,0
0.0007776432256914037,1,51,7,0,0,0,0,0,0,0,0,0,0,0,0,0,1,0,0
1.4133132702919908e-06,5,8,2,0,1,0,0,0,0,0,0,0,0,0,0,0,1,0,0
0.0006887711248520819,5,16,3,0,1,1,0,0,0,0,0,0,0,0,0,0,1,0,0
1.1232446078303157e-06,5,11,2,0,1,0,0,0,0,0,0,0,0,0,0,0,1,0,0
0.0,1,18,2,0,0,0,0,0,0,0,0,0,0,0,0,0,1,0,0
0.0008640466570629664,5,12,3,0,1,0,0,0,0,0,0,0,0,0,0,0,1,0,0
0.0004999179105685234,5,15,2,0,1,0,0,0,0,0,0,0,0,0,0,0,1,0,0
0.0004999179105685234,5,12,3,0,1,0,0,0,0,0,0,0,0,0,0,0,1,0,0
0.0004999179105685234,5,15,2,0,1,0,0,0,0,0,0,0,0,0,0,0,1,0,0
0.0004999179105685234,5,15,2,0,1,0,0,0,0,0,0,0,0,0,0,0,1,0,0
0.0004999179105685234,5,12,3,0,1,0,0,0,0,0,0,0,0,0,0,0,1,0,0
0.001586132476382455,5,12,2,0,1,0,0,0,0,0,0,0,0,0,0,0,1,0,0
0.00042215482233411687,5,9,2,0,1,0,0,0,0,0,0,0,0,0,0,0,1,0,0
0.0018329994231583487,1,14,2,0,0,0,0,0,0,0,0,0,0,0,0,0,1,0,0
6.184017016736135e-06,4,17,3,0,1,0,0,0,0,0,0,0,0,0,0,0,1,0,0
3.0796651610292727e-06,5,12,3,0,1,0,0,0,0,0,0,0,0,0,0,0,1,0,0
8.887210083932169e-07,1,16,3,0,0,0,0,0,0,0,0,0,0,0,0,0,1,0,0
1.6478368697290897e-06,5,13,2,0,1,0,0,0,0,0,0,0,0,0,0,0,1,0,0
0.0005776809988029298,5,12,2,0,1,0,0,0,0,0,0,0,0,0,0,0,1,0,0
0.00046905954222153663,1,10,2,0,0,0,0,0,0,0,0,0,0,0,0,0,1,0,0
0.0,1,10,2,0,0,0,0,0,0,0,0,0,0,0,0,0,1,0,0
0.0006171797102870728,3,35,4,0,0,0,0,0,0,0,0,0,0,0,0,0,1,0,0
1.3515965335980175e-06,5,11,2,0,1,0,0,0,0,0,0,0,0,0,0,0,1,0,0
3.703004201638404e-08,1,9,2,0,0,0,0,0,0,0,0,0,0,0,0,0,1,0,0
0.0,1,10,2,0,0,0,0,0,0,0,0,0,0,0,0,0,1,0,0
0.0,5,15,2,0,1,0,0,0,0,0,0,0,0,0,0,0,1,0,0
1.1479313025079052e-06,5,12,2,0,1,0,0,0,0,0,0,0,0,0,0,0,1,0,0
0.0,5,12,2,0,1,0,0,0,0,0,0,0,0,0,0,0,1,0,0
1.3022231442428387e-06,5,12,2,0,1,0,0,0,0,0,0,0,0,0,0,0,1,0,0
0.000987480130450913,3,33,6,0,0,0,0,0,0,0,0,0,0,0,0,0,1,0,0
9.072360294014089e-07,3,23,4,0,0,0,0,0,0,0,0,0,0,0,0,0,1,0,0
9.319227240789983e-07,5,13,2,0,1,0,0,0,0,0,0,0,0,0,0,0,1,0,0
6.91227450972502e-07,1,13,2,0,0,0,0,0,0,0,0,0,0,0,0,0,1,0,0
0.0015429307606966737,5,13,2,0,1,0,0,0,0,0,0,0,0,0,0,0,1,0,0
1.8329870798110098e-06,5,14,3,0,1,0,0,0,0,0,0,0,0,0,0,0,1,0,0
0.001419497287308727,5,17,3,0,1,0,0,0,0,0,0,0,0,0,0,0,1,0,0
1.2466780812182627e-06,5,17,3,0,1,0,0,0,0,0,0,0,0,0,0,0,1,0,0
2.487184488767128e-06,5,16,3,0,1,0,0,0,0,0,0,0,0,0,0,0,1,0,0
0.0004665908727537777,5,13,2,0,1,0,0,0,0,0,0,0,0,0,0,0,1,0,0
1.1294162814997132e-06,5,10,2,0,1,0,0,0,0,0,0,0,0,0,0,0,1,0,0
0.000799861250901234,1,17,1,0,1,0,0,0,0,0,0,0,0,0,0,0,1,0,0
1.1849613445242893e-06,5,37,6,0,1,0,0,0,0,0,0,0,0,0,0,0,1,0,0
1.1787896708548918e-06,5,17,3,0,1,0,0,0,0,0,0,0,0,0,0,0,1,0,0
1.1232446078303157e-06,5,11,2,0,1,0,0,0,0,0,0,0,0,0,0,0,1,0,0
2.073682352917506e-06,5,15,3,0,1,0,0,0,0,0,0,0,0,0,0,0,1,0,0
0.0005554629735930994,5,13,2,0,1,0,0,0,0,0,0,0,0,0,0,0,1,0,0
0.0,5,12,2,0,1,0,0,0,0,0,0,0,0,0,0,0,1,0,0
8.763776610544222e-07,1,13,2,0,0,0,0,0,0,0,0,0,0,0,0,0,1,0,0
0.0005221359357783537,5,42,7,0,1,0,0,0,0,0,0,0,0,0,0,0,1,0,0
1.0059828081117663e-06,5,11,2,0,1,0,0,0,0,0,0,0,0,0,0,0,1,0,0
9.380943977483956e-07,5,11,2,0,1,0,0,0,0,0,0,0,0,0,0,0,1,0,0
2.59827461481628e-06,5,15,3,0,1,0,0,0,0,0,0,0,0,0,0,0,1,0,0
0.00034562606883358984,5,12,2,0,1,0,0,0,0,0,0,0,0,0,0,0,1,0,0
0.0,5,14,2,0,1,0,0,0,0,0,0,0,0,0,0,0,1,0,0
0.0008424457992200757,5,11,2,0,1,0,0,0,0,0,0,0,0,0,0,0,1,0,0
0.0007174694074147795,3,34,4,0,0,0,0,0,0,0,0,0,0,0,0,0,1,0,0
0.0,5,14,2,0,1,0,0,0,0,0,0,0,0,0,0,0,1,0,0
0.002221814864330381,3,88,11,0,0,0,0,0,0,0,0,0,0,0,0,0,1,0,0
0.0005998990240127603,5,17,3,0,1,0,0,0,0,0,0,0,0,0,0,0,1,0,0
0.0011726303405328333,1,22,3,0,0,0,0,0,0,0,0,0,0,0,0,0,1,0,0
0.0005776809988029298,5,11,2,0,1,0,0,0,0,0,0,0,0,0,0,0,1,0,0
6.91227450972502e-07,5,15,3,0,1,0,0,0,0,0,0,0,0,0,0,0,1,0,0
1.2343347338794678e-06,1,13,2,0,0,0,0,0,0,0,0,0,0,0,0,0,1,0,0
0.0004443728475439473,1,13,2,0,0,0,0,0,0,0,0,0,0,0,0,0,1,0,0
0.0005665719861980146,5,17,3,0,1,0,0,0,0,0,0,0,0,0,0,0,1,0,0
0.000422910852358618,3,23,3,0,0,0,0,0,0,0,0,0,0,0,0,0,1,0,0
0.0006110080366176755,5,21,4,0,1,0,0,0,0,0,0,0,0,0,0,0,1,0,0
0.0012343470772268068,1,6,1,0,0,0,0,0,0,0,0,0,0,0,0,0,1,0,0
2.234145868321837e-06,5,39,7,0,1,0,0,0,0,0,0,0,0,0,0,0,1,0,0
2.326720973362797e-06,3,23,4,0,0,0,0,0,0,0,0,0,0,0,0,0,1,0,0
1.1664463235160971e-06,1,13,2,0,0,0,0,0,0,0,0,0,0,0,0,0,1,0,0
0.0005998990240127603,5,14,2,0,1,0,0,0,0,0,0,0,0,0,0,0,1,0,0
0.0006665530996422515,5,13,2,0,1,0,0,0,0,0,0,0,0,0,0,0,1,0,0
0.0015126895597166268,3,14,2,0,1,0,0,0,0,0,0,0,0,0,0,0,1,0,0
0.0005554629735930994,1,13,2,0,0,0,0,0,0,0,0,0,0,0,0,0,1,0,0
1.616978501382103e-06,5,15,3,0,1,0,0,0,0,0,0,0,0,0,0,0,1,0,0
0.0014528243251234725,5,13,3,0,1,0,0,0,0,0,0,0,0,0,0,0,1,0,0
0.001310875830727334,5,11,2,0,1,0,0,0,0,0,0,0,0,0,0,0,1,0,0
0.0011609041605609785,3,28,4,0,0,0,0,0,0,0,0,0,0,0,0,0,1,0,0
0.0013911075884294993,3,14,2,0,1,0,0,0,0,0,0,0,0,0,0,0,1,0,0
0.0005443539609881842,4,-107,27,0,1,0,0,0,0,0,0,0,0,0,0,0,1,0,0
8.578626400462302e-07,5,17,3,0,1,1,0,0,0,0,0,0,0,0,0,0,1,0,0
8.455192927074356e-07,5,18,3,0,1,0,0,0,0,0,0,0,0,0,0,0,1,0,0
0.000802329920368993,1,13,2,0,0,0,0,0,0,0,0,0,0,0,0,0,1,0,0
0.0014812140240027004,5,41,6,0,1,0,0,0,0,0,0,0,0,0,0,0,1,0,0
0.0011532759719056034,5,11,2,0,1,0,0,0,0,0,0,0,0,0,0,0,1,0,0
8.640343137156275e-07,5,39,6,0,1,0,0,0,0,0,0,0,0,0,0,0,1,0,0
1.6231501750515004e-06,5,11,2,0,1,0,0,0,0,0,0,0,0,0,0,0,1,0,0
0.0008949050254099531,3,23,4,0,0,0,0,0,0,0,0,0,0,0,0,0,1,0,0
0.0005665719861980146,5,13,2,0,1,0,0,0,0,0,0,0,0,0,0,0,1,0,0
0.000802329920368993,4,18,4,0,1,0,0,0,0,0,0,0,0,0,0,0,1,0,0
0.0007776432256914037,3,24,3,0,0,0,0,0,0,0,0,0,0,0,0,0,1,0,0
0.000899842364345471,5,11,2,0,1,0,0,0,0,0,0,0,0,0,0,0,1,0,0
2.647648004171459e-06,5,24,4,0,1,0,0,0,0,0,0,0,0,0,0,0,1,0,0
4.381888305272111e-07,5,16,3,0,1,0,0,0,0,0,0,0,0,0,0,0,1,0,0
0.0006665530996422515,3,23,3,0,0,0,0,0,0,0,0,0,0,0,0,0,1,0,0
0.0005776809988029298,5,9,2,0,1,0,0,0,0,0,0,0,0,0,0,0,1,0,0
5.184205882293765e-07,5,10,2,0,1,0,0,0,0,0,0,0,0,0,0,0,1,0,0
1.43799996496958e-06,5,13,3,0,1,0,0,0,0,0,0,0,0,0,0,0,1,0,0
0.0004999179105685234,4,20,3,0,1,0,0,0,0,0,0,0,0,0,0,0,1,0,0
1.2651931022264546e-06,5,12,3,0,1,0,0,0,0,0,0,0,0,0,0,0,1,0,0
0.0003332827214947952,5,42,7,0,1,0,0,0,0,0,0,0,0,0,0,0,1,0,0
0.0011763333447344718,1,29,2,0,0,0,0,0,0,0,0,0,0,0,0,0,1,0,0
9.134077030708062e-07,5,13,2,0,1,0,0,0,0,0,0,0,0,0,0,0,1,0,0
8.887210083932169e-07,5,12,2,0,1,0,0,0,0,0,0,0,0,0,0,0,1,0,0
0.0006887711248520819,5,74,12,0,1,0,0,0,0,0,0,0,0,0,0,0,1,0,0
0.0011763333447344718,1,30,2,0,0,0,0,0,0,0,0,0,0,0,0,0,1,0,0
0.001288855299074924,5,12,2,0,1,0,0,0,0,0,0,0,0,0,0,0,1,0,0
0.0004443728475439473,5,14,3,0,1,0,0,0,0,0,0,0,0,0,0,0,1,0,0
1.2960514705734414e-06,5,10,2,0,1,0,0,0,0,0,0,0,0,0,0,0,1,0,0
2.6785063725184452e-06,5,13,3,0,1,0,0,0,0,0,0,0,0,0,0,0,1,0,0
0.0012195350604202531,2,12,3,0,0,0,0,0,0,0,0,0,0,0,0,0,1,0,0
0.001240518750896204,3,53,7,0,0,0,0,0,0,0,0,0,0,0,0,0,1,0,0
0.0004443728475439473,5,15,3,0,1,0,0,0,0,0,0,0,0,0,0,0,1,0,0
0.0008331882887159797,5,13,2,0,1,0,0,0,0,0,0,0,0,0,0,0,1,0,0
0.0011195539469760162,2,107,20,0,0,0,0,0,0,0,0,0,0,0,0,0,1,0,0
4.875622198823899e-07,5,14,2,0,1,0,0,0,0,0,0,0,0,0,0,0,1,0,0
0.0,5,61,11,0,1,0,0,0,0,0,0,0,0,0,0,0,1,0,0
0.0014275204630789435,5,13,3,0,1,0,0,0,0,0,0,0,0,0,0,0,1,0,0
0.000588790011407845,4,12,3,0,1,0,0,0,0,0,0,0,0,0,0,0,1,0,0
7.591158613358727e-07,1,13,2,0,0,0,0,0,0,0,0,0,0,0,0,0,1,0,0
0.0013454372032759589,5,12,2,0,1,0,0,0,0,0,0,0,0,0,0,0,1,0,0
0.0005776809988029298,5,11,2,0,1,0,0,0,0,0,0,0,0,0,0,0,1,0,0
0.0005776809988029298,3,17,4,0,1,0,0,0,0,0,0,0,0,0,0,0,1,0,0
0.0010393221892738508,1,38,3,0,0,0,0,0,0,0,0,0,0,0,0,0,1,0,0
9.380943977483956e-07,5,19,4,0,1,1,0,0,0,0,0,0,0,0,0,0,1,0,0
0.0012652054455737935,1,13,2,0,0,0,0,0,0,0,0,0,0,0,0,0,1,0,0
1.2651931022264546e-06,5,12,3,0,1,0,0,0,0,0,0,0,0,0,0,0,1,0,0
1.0430128501281504e-06,5,14,3,0,1,0,0,0,0,0,0,0,0,0,0,0,1,0,0
7.714592086746674e-07,5,11,2,0,1,0,0,0,0,0,0,0,0,0,0,0,1,0,0
0.0013330938559371643,5,13,2,0,1,0,0,0,0,0,0,0,0,0,0,0,1,0,0
8.455192927074356e-07,5,11,2,0,1,0,0,0,0,0,0,0,0,0,0,0,1,0,0
0.0013562376321974042,5,11,2,0,1,0,0,0,0,0,0,0,0,0,0,0,1,0,0
2.4810128150977307e-06,1,22,4,0,0,0,0,0,0,0,0,0,0,0,0,0,1,0,0
0.0013133445001950927,3,14,2,0,1,0,0,0,0,0,0,0,0,0,0,0,1,0,0
0.0008331882887159797,5,11,2,0,1,0,0,0,0,0,0,0,0,0,0,0,1,0,0
0.0005776809988029298,3,17,4,0,1,0,0,0,0,0,0,0,0,0,0,0,1,0,0
0.0009887082935111232,1,17,1,0,1,0,0,0,0,0,0,0,0,0,0,0,1,0,0
0.0006332260618275059,5,10,2,0,1,0,0,0,0,0,0,0,0,0,0,0,1,0,0
0.0010491968671448866,5,13,2,0,1,0,0,0,0,0,0,0,0,0,0,0,1,0,0
1.400969922953196e-06,1,13,2,0,0,0,0,0,0,0,0,0,0,0,0,0,1,0,0
0.0012855719686828047,3,101,12,0,0,0,0,0,0,0,0,0,0,0,0,0,1,0,0
0.0009257633937569398,4,15,3,0,1,0,0,0,0,0,0,0,0,0,0,0,1,0,0
0.0004621256668539687,1,13,1,0,1,0,0,0,0,0,0,0,0,0,0,0,1,0,0
5.863089985927472e-07,5,14,3,0,1,0,0,0,0,0,0,0,0,0,0,0,1,0,0
0.0020619129712299653,5,15,3,0,1,0,0,0,0,0,0,0,0,0,0,0,1,0,0
9.072360294014089e-07,5,19,3,0,1,0,0,0,0,0,0,0,0,0,0,0,1,0,0
0.0006665530996422515,5,14,2,0,1,0,0,0,0,0,0,0,0,0,0,0,1,0,0
0.000493746236899126,3,14,2,0,1,0,0,0,0,0,0,0,0,0,0,0,1,0,0
1.3392531862592226e-06,3,23,4,0,0,0,0,0,0,0,0,0,0,0,0,0,1,0,0
7.529441876664754e-07,3,33,4,0,0,0,0,0,0,0,0,0,0,0,0,0,1,0,0
0.0008949050254099531,4,18,3,0,1,0,0,0,0,0,0,0,0,0,0,0,1,0,0
0.00042215482233411687,5,15,2,0,1,0,0,0,0,0,0,0,0,0,0,0,1,0,0
0.0009010766990793504,1,14,2,0,0,1,0,0,0,0,0,0,0,0,0,0,1,0,0
0.0010747105660941752,5,11,2,0,1,0,0,0,0,0,0,0,0,0,0,0,1,0,0
6.91227450972502e-07,5,15,3,0,1,0,0,0,0,0,0,0,0,0,0,0,1,0,0
1.5737767856963217e-06,5,13,2,0,1,0,0,0,0,0,0,0,0,0,0,0,1,0,0
1.2898797969040439e-06,5,22,88,0,1,0,0,0,0,0,0,0,0,0,0,0,1,0,0
0.0011047419301694627,1,13,1,0,1,0,0,0,0,0,0,0,0,0,0,0,1,0,0
0.0013330938559371643,5,-41,37,0,1,0,1,0,0,0,0,0,0,0,0,0,1,0,0
1.2219913865406732e-06,5,16,3,0,1,0,0,0,0,0,0,0,0,0,0,0,1,0,0
7.838025560134621e-07,5,12,3,0,1,0,0,0,0,0,0,0,0,0,0,0,1,0,0
0.0008455316360547743,5,39,7,0,1,1,0,0,0,0,0,0,0,0,0,0,1,0,0
0.001178184846835291,5,101,16,0,1,0,0,0,0,0,0,0,0,0,0,0,1,0,0
0.0009381067410957344,3,28,3,0,0,0,0,0,0,0,0,0,0,0,0,0,1,0,0
0.0007973925814334751,5,10,2,0,1,0,0,0,0,0,0,0,0,0,0,0,1,0,0
9.072360294014089e-07,5,12,2,0,1,0,0,0,0,0,0,0,0,0,0,0,1,0,0
0.0006480380786340595,1,13,2,0,0,0,0,0,0,0,0,0,0,0,0,0,1,0,0
0.002584400692407475,3,19,4,1,1,0,0,0,0,0,0,0,0,0,0,0,1,0,0
1.0059828081117663e-06,5,47,8,0,1,0,0,0,0,0,0,0,0,0,0,0,1,0,0
0.0,3,68,9,0,0,0,0,0,0,0,0,0,0,0,0,0,1,0,0
0.0004665908727537777,5,9,2,0,1,0,0,0,0,0,0,0,0,0,0,0,1,0,0
0.0005554629735930994,3,-58,-70,0,0,0,0,0,0,0,0,0,0,0,0,0,1,0,0
0.0016108191710600445,1,13,2,0,0,0,0,0,0,0,0,0,0,0,0,0,1,0,0
0.0005924930156094835,5,21,4,0,1,0,0,0,0,0,0,0,0,0,0,0,1,0,0
0.0020675230225954476,4,14,3,0,1,0,0,0,0,0,0,0,0,0,0,0,1,0,0
5.060772408905818e-07,5,12,2,0,1,0,0,0,0,0,0,0,0,0,0,0,1,0,0
6.603690826255153e-07,1,15,2,0,0,0,0,0,0,0,0,0,0,0,0,0,1,0,0
0.00035550074670462556,5,45,6,0,1,0,0,0,0,0,0,0,0,0,0,0,1,0,0
3.221613655425411e-06,5,12,3,0,1,0,0,0,0,0,0,0,0,0,0,0,1,0,0
0.0008887333517405558,3,14,2,0,1,0,0,0,0,0,0,0,0,0,0,0,1,0,0
0.0006443350744324211,5,49,8,0,1,0,1,0,0,0,0,0,0,0,0,0,1,0,0
0.0,5,14,2,0,1,0,0,0,0,0,0,0,0,0,0,0,1,0,0
0.0005110269231734386,4,6,2,0,1,0,0,0,0,0,0,0,0,0,0,0,1,0,0
1.8083003851334205e-06,5,11,2,0,1,0,0,0,0,0,0,0,0,0,0,0,1,0,0
2.3328926470321943e-06,5,11,2,0,1,0,0,0,0,0,0,0,0,0,0,0,1,0,0
1.5737767856963217e-06,5,13,2,0,1,0,0,0,0,0,0,0,0,0,0,0,1,0,0
7.961459033522568e-07,5,10,2,0,1,0,0,0,0,0,0,0,0,0,0,0,1,0,0
1.9008754901743807e-06,5,12,3,0,1,0,0,0,0,0,0,0,0,0,0,0,1,0,0
8.887210083932169e-07,3,14,2,0,1,0,0,0,0,0,0,0,0,0,0,0,1,0,0
2.456326120420141e-06,5,12,3,0,1,0,0,0,0,0,0,0,0,0,0,0,1,0,0
0.0005110269231734386,3,23,3,0,0,0,0,0,0,0,0,0,0,0,0,0,1,0,0
0.0,3,31,4,0,0,0,0,0,0,0,0,0,0,0,0,0,1,0,0
3.0796651610292727e-06,5,12,3,0,1,0,0,0,0,0,0,0,0,0,0,0,1,0,0
1.8083003851334205e-06,5,11,2,0,1,0,0,0,0,0,0,0,0,0,0,0,1,0,0
1.9008754901743807e-06,5,12,3,0,1,0,0,0,0,0,0,0,0,0,0,0,1,0,0
1.9008754901743807e-06,5,12,3,0,1,0,0,0,0,0,0,0,0,0,0,0,1,0,0
1.1726179971854945e-06,5,11,2,0,1,0,0,0,0,0,0,0,0,0,0,0,1,0,0
1.2343347338794678e-06,3,23,4,0,0,0,0,0,0,0,0,0,0,0,0,0,1,0,0
2.345235994370989e-06,5,12,3,0,1,0,0,0,0,0,0,0,0,0,0,0,1,0,0
0.0009257633937569398,3,23,4,0,0,0,0,0,0,0,0,0,0,0,0,0,1,0,0
0.0009658792726080225,3,86,10,0,0,0,0,0,0,0,0,0,0,0,0,0,1,0,0
0.0006293996241524795,3,24,4,0,1,0,0,0,0,0,0,0,0,0,0,0,1,0,0
2.141570763280877e-06,5,11,2,0,1,0,0,0,0,0,0,0,0,0,0,0,1,0,0
7.838025560134621e-07,5,20,3,0,1,0,0,0,0,0,0,0,0,0,0,0,1,0,0
0.0010697485404639797,1,54,7,0,0,0,0,0,0,0,0,0,0,0,0,0,1,0,0
0.0,1,14,1,0,1,0,0,0,0,0,0,0,0,0,0,0,1,0,0
5.924806722621445e-07,5,9,2,0,1,0,0,0,0,0,0,0,0,0,0,0,1,0,0
0.000802329920368993,3,21,4,0,1,0,0,0,0,0,0,0,0,0,0,0,1,0,0
0.0003666097593095408,5,41,7,0,1,0,0,0,0,0,0,0,0,0,0,0,1,0,0
0.0006887711248520819,1,45,6,0,0,0,0,0,0,0,0,0,0,0,0,0,1,0,0
0.0012054080993910026,4,19,4,0,1,0,0,0,0,0,0,0,0,0,0,0,1,0,0
1.326909838920428e-06,5,12,3,0,1,0,0,0,0,0,0,0,0,0,0,0,1,0,0
0.00042215482233411687,5,11,2,0,1,0,0,0,0,0,0,0,0,0,0,0,1,0,0
2.11071239493389e-06,1,13,2,0,0,0,0,0,0,0,0,0,0,0,0,0,1,0,0
1.1232446078303157e-06,5,51,8,0,1,0,0,0,0,0,0,0,0,0,0,0,1,0,0
0.0007665342130864884,5,12,3,0,1,0,0,0,0,0,0,0,0,0,0,0,1,0,0
0.0,1,8,2,0,0,0,0,0,0,0,0,0,0,0,0,0,1,0,0
1.9008754901743807e-06,5,12,3,0,1,0,0,0,0,0,0,0,0,0,0,0,1,0,0
1.8083003851334205e-06,5,11,2,0,1,0,0,0,0,0,0,0,0,0,0,0,1,0,0
1.9008754901743807e-06,5,12,3,0,1,0,0,0,0,0,0,0,0,0,0,0,1,0,0
2.3328926470321943e-06,5,11,2,0,1,0,0,0,0,0,0,0,0,0,0,0,1,0,0
2.3328926470321943e-06,5,11,2,0,1,0,0,0,0,0,0,0,0,0,0,0,1,0,0
1.9008754901743807e-06,5,12,3,0,1,0,0,0,0,0,0,0,0,0,0,0,1,0,0
2.456326120420141e-06,5,12,3,0,1,0,0,0,0,0,0,0,0,0,0,0,1,0,0
1.8083003851334205e-06,5,11,2,0,1,0,0,0,0,0,0,0,0,0,0,0,1,0,0
0.0,5,9,2,0,1,0,0,0,0,0,0,0,0,0,0,0,1,0,0
1.9008754901743807e-06,5,12,3,0,1,0,0,0,0,0,0,0,0,0,0,0,1,0,0
0.0004665908727537777,5,9,2,0,1,0,0,0,0,0,0,0,0,0,0,0,1,0,0
2.345235994370989e-06,5,12,3,0,1,0,0,0,0,0,0,0,0,0,0,0,1,0,0
1.7404119747700498e-06,5,13,2,0,1,0,0,0,0,0,0,0,0,0,0,0,1,0,0
1.8083003851334205e-06,5,11,2,0,1,0,0,0,0,0,0,0,0,0,0,0,1,0,0
0.0005789153335368093,5,79,13,0,1,0,0,0,0,0,0,0,0,0,0,0,1,0,0
6.295107142785287e-07,5,11,2,0,1,0,0,0,0,0,0,0,0,0,0,0,1,0,0
1.9008754901743807e-06,5,12,3,0,1,0,0,0,0,0,0,0,0,0,0,0,1,0,0
0.00042215482233411687,5,10,2,0,1,0,0,0,0,0,0,0,0,0,0,0,1,0,0
0.0010430251934754893,4,18,3,0,1,0,0,0,0,0,0,0,0,0,0,0,1,0,0
7.652875350052701e-07,5,13,2,0,1,0,0,0,0,0,0,0,0,0,0,0,1,0,0
7.838025560134621e-07,5,11,2,0,1,0,0,0,0,0,0,0,0,0,0,0,1,0,0
0.0003332827214947952,4,22,4,0,1,0,0,0,0,0,0,0,0,0,0,0,1,0,0
9.072360294014089e-07,5,10,2,0,1,0,0,0,0,0,0,0,0,0,0,0,1,0,0
9.072360294014089e-07,5,13,3,0,1,0,0,0,0,0,0,0,0,0,0,0,1,0,0
9.319227240789983e-07,5,10,2,0,1,0,0,0,0,0,0,0,0,0,0,0,1,0,0
0.0002888466710751343,3,22,3,0,0,0,0,0,0,0,0,0,0,0,0,0,1,0,0
1.3701115546062094e-06,5,11,2,0,1,0,0,0,0,0,0,0,0,0,0,0,1,0,0
0.0016108191710600445,1,13,2,0,0,0,0,0,0,0,0,0,0,0,0,0,1,0,0
0.0,3,36,4,0,0,0,0,0,0,0,0,0,0,0,0,0,1,0,0
0.0009229737972583722,5,10,2,0,1,0,0,0,0,0,0,0,0,0,0,0,1,0,0
0.0012775487929125881,5,41,7,0,1,0,0,0,0,0,0,0,0,0,0,0,1,0,0
0.0007109891500619123,5,38,7,0,1,0,0,0,0,0,0,0,0,0,0,0,1,0,0
1.7527553221088445e-06,1,13,2,0,0,0,0,0,0,0,0,0,0,0,0,0,1,0,0
1.8329870798110098e-06,5,13,2,0,1,0,0,0,0,0,0,0,0,0,0,0,1,0,0
0.0009195917200875424,1,37,4,0,1,0,0,0,0,0,0,0,0,0,0,0,1,0,0
0.0008312339253873373,1,14,1,0,1,0,0,0,0,0,0,0,0,0,0,0,1,0,0
0.0008220792761110644,1,49,4,0,1,0,0,0,0,0,0,0,0,0,0,0,1,0,0
6.418540616173233e-07,5,11,2,0,1,0,0,0,0,0,0,0,0,0,0,0,1,0,0
0.000588790011407845,3,25,4,0,1,0,0,0,0,0,0,0,0,0,0,0,1,0,0
0.0012645882782068537,5,83,12,0,1,0,1,0,0,0,0,0,0,0,0,0,1,0,0
0.0012608852740052154,1,12,1,0,1,0,0,0,0,0,0,0,0,0,0,0,1,0,0
0.0,1,43,4,0,1,0,0,0,0,0,0,0,0,0,0,0,1,0,0
0.0007714715520220063,3,18,4,0,0,0,0,0,0,0,0,0,0,0,0,0,1,0,0
3.209270308086617e-07,1,13,1,0,1,0,0,0,0,0,0,0,0,0,0,0,1,0,0
1.1787896708548918e-06,5,9,2,0,1,0,0,0,0,0,0,0,0,0,0,0,1,0,0
1.0244978291199585e-06,5,40,7,0,1,0,0,0,0,0,0,0,0,0,0,0,1,0,0
0.0010059951514591052,1,36,4,0,1,0,0,0,0,0,0,0,0,0,0,0,1,0,0
6.511115721214193e-07,1,14,1,0,1,0,0,0,0,0,0,0,0,0,0,0,1,0,0
0.0,5,15,2,0,1,0,0,0,0,0,0,0,0,0,0,0,1,0,0
1.34542485992862e-06,5,10,2,0,1,0,0,0,0,0,0,0,0,0,0,0,1,0,0
0.0005110269231734386,5,11,2,0,1,0,0,0,0,0,0,0,0,0,0,0,1,0,0
1.1787896708548918e-06,5,10,2,0,1,0,0,0,0,0,0,0,0,0,0,0,1,0,0
0.0004110458097292016,5,9,2,0,1,0,0,0,0,0,0,0,0,0,0,0,1,0,0
7.529441876664754e-07,5,9,2,0,1,0,0,0,0,0,0,0,0,0,0,0,1,0,0
0.0012491097206440052,5,15,3,0,1,0,0,0,0,0,0,0,0,0,0,0,1,0,0
8.270042716992435e-07,5,42,6,0,1,0,0,0,0,0,0,0,0,0,0,0,1,0,0
1.0676995448057397e-06,5,58,7,0,1,0,0,0,0,0,0,0,0,0,0,0,1,0,0
7.838025560134621e-07,5,51,7,0,1,0,0,0,0,0,0,0,0,0,0,0,1,0,0
4.875622198823899e-07,5,14,2,0,1,0,0,0,0,0,0,0,0,0,0,0,1,0,0
9.442660714177929e-07,5,10,2,0,1,0,0,0,0,0,0,0,0,0,0,0,1,0,0
1.2590214285570573e-06,5,13,2,0,1,0,0,0,0,0,0,0,0,0,0,0,1,0,0
1.5676051120269244e-06,5,13,3,0,1,0,0,0,0,0,0,0,0,0,0,0,1,0,0
0.0009518263716628047,3,23,3,0,0,0,0,0,0,0,0,0,0,0,0,0,1,0,0
1.6108068277127056e-06,5,10,2,0,1,0,0,0,0,0,0,0,0,0,0,0,1,0,0
0.0015429307606966737,1,22,4,0,0,0,0,0,0,0,0,0,0,0,0,0,1,0,0
1.036841176458753e-06,5,12,3,0,1,0,0,0,0,0,0,0,0,0,0,0,1,0,0
2.1477424369502744e-06,5,13,3,0,1,0,0,0,0,0,0,0,0,0,0,0,1,0,0
1.4565149859777723e-06,5,10,2,0,1,0,0,0,0,0,0,0,0,0,0,0,1,0,0
1.3392531862592226e-06,5,15,2,0,1,0,0,0,0,0,0,0,0,0,0,0,1,0,0
1.0244978291199585e-06,5,16,3,0,1,0,0,0,0,0,0,0,0,0,0,0,1,0,0
1.1294162814997132e-06,5,8,2,0,1,0,0,0,0,0,0,0,0,0,0,0,1,0,0
5.554506302457605e-07,5,11,2,0,1,0,0,0,0,0,0,0,0,0,0,0,1,0,0
2.1909441526360554e-06,5,46,7,0,1,0,0,0,0,0,0,0,0,0,0,0,1,0,0
1.055356197466945e-06,5,12,2,0,1,0,0,0,0,0,0,0,0,0,0,0,1,0,0
5.924806722621445e-07,5,56,9,0,1,0,0,0,0,0,0,0,0,0,0,0,1,0,0
9.504377450871902e-07,3,34,5,0,0,0,0,0,0,0,0,0,0,0,0,0,1,0,0
6.603690826255153e-07,1,13,2,0,0,0,0,0,0,0,0,0,0,0,0,0,1,0,0
1.036841176458753e-06,5,18,3,0,1,0,0,0,0,0,0,0,0,0,0,0,1,0,0
8.146609243604488e-07,5,10,2,0,1,0,0,0,0,0,0,0,0,0,0,0,1,0,0
0.0007109891500619123,5,11,2,0,1,0,0,0,0,0,0,0,0,0,0,0,1,0,0
8.516909663768329e-07,5,12,2,0,1,0,0,0,0,0,0,0,0,0,0,0,1,0,0
0.0004888088979636082,5,38,6,0,1,0,0,0,0,0,0,0,0,0,0,0,1,0,0
0.002005806285901474,3,33,6,0,0,0,0,0,0,0,0,0,0,0,0,0,1,0,0
0.0005554629735930994,1,13,2,0,0,0,0,0,0,0,0,0,0,0,0,0,1,0,0
0.0006665530996422515,1,13,2,0,0,0,0,0,0,0,0,0,0,0,0,0,1,0,0
8.146609243604488e-07,5,11,2,0,1,0,0,0,0,0,0,0,0,0,0,0,1,0,0
1.6293218487208977e-06,5,12,2,0,1,0,0,0,0,0,0,0,0,0,0,0,1,0,0
2.048995658239917e-06,5,17,3,0,1,0,0,0,0,0,0,0,0,0,0,0,1,0,0
0.0016200766815641404,3,59,13,0,1,0,0,0,0,0,0,0,0,0,0,0,1,0,0
7.961459033522568e-07,5,9,2,0,1,0,0,0,0,0,0,0,0,0,0,0,1,0,0
9.689527660953824e-07,1,13,2,0,0,0,0,0,0,0,0,0,0,0,0,0,1,0,0
1.1479313025079052e-06,5,40,7,0,1,0,0,0,0,0,0,0,0,0,0,0,1,0,0
1.036841176458753e-06,1,19,2,0,0,0,0,0,0,0,0,0,0,0,0,0,1,0,0
0.0011726303405328333,3,28,4,0,0,0,0,0,0,0,0,0,0,0,0,0,1,0,0
0.000377718771914456,5,8,2,0,1,0,0,0,0,0,0,0,0,0,0,0,1,0,0
0.0009566217621039265,3,75,9,0,0,0,0,0,0,0,0,0,0,0,0,0,1,0,0
0.0012756972908117689,5,13,2,0,1,0,0,0,0,0,0,0,0,0,0,0,1,0,0
9.380943977483956e-07,1,13,2,0,0,0,0,0,0,0,0,0,0,0,0,0,1,0,0
0.0005789153335368093,5,66,11,0,1,0,0,0,0,0,0,0,0,0,0,0,1,0,0
5.98652345931542e-07,5,18,2,0,1,0,0,0,0,0,0,0,0,0,0,0,1,0,0
0.0006443350744324211,4,22,4,0,1,0,1,0,0,0,0,0,0,0,0,0,1,0,0
0.0020366646542484606,4,11,2,0,0,0,0,0,0,0,0,0,0,0,0,0,1,0,0
8.763776610544222e-07,4,46,8,0,1,0,0,0,0,0,0,0,0,0,0,0,1,0,0
1.968763900537751e-06,5,17,3,0,1,0,0,0,0,0,0,0,0,0,0,0,1,0,0
1.1664463235160971e-06,5,13,2,0,1,0,0,0,0,0,0,0,0,0,0,0,1,0,0
1.3392531862592226e-06,5,10,2,0,1,0,0,0,0,0,0,0,0,0,0,0,1,0,0
0.002005806285901474,4,21,4,0,1,0,0,0,0,0,0,0,0,0,0,0,1,0,0
1.7033819327536657e-06,5,46,8,0,1,0,0,0,0,0,0,0,0,0,0,0,1,0,0
2.542729551791704e-06,5,13,3,0,1,0,0,0,0,0,0,0,0,0,0,0,1,0,0
0.0006171797102870728,1,7,1,0,0,0,0,0,0,0,0,0,0,0,0,0,1,0,0
1.2466780812182627e-06,5,50,9,0,1,0,0,0,0,0,0,0,0,0,0,0,1,0,0
0.0,1,13,2,0,0,0,0,0,0,0,0,0,0,0,0,0,1,0,0
1.616978501382103e-06,5,17,3,0,1,0,0,0,0,0,0,0,0,0,0,0,1,0,0
9.99811134442369e-07,1,13,2,0,0,0,0,0,0,0,0,0,0,0,0,0,1,0,0
0.0008887333517405558,5,14,3,0,1,0,0,0,0,0,0,0,0,0,0,0,1,0,0
1.308394817912236e-06,5,12,3,0,1,0,0,0,0,0,0,0,0,0,0,0,1,0,0
1.2960514705734414e-06,5,11,2,0,1,0,0,0,0,0,0,0,0,0,0,0,1,0,0
1.8021287114640232e-06,5,40,6,0,1,0,0,0,0,0,0,0,0,0,0,0,1,0,0
7.529441876664754e-07,5,17,4,0,1,0,0,0,0,0,0,0,0,0,0,0,1,0,0
2.1292274159420822e-06,5,108,18,0,1,0,0,0,0,0,0,0,0,0,0,0,1,0,0
1.1479313025079052e-06,5,10,2,0,1,0,0,0,0,0,0,0,0,0,0,0,1,0,0
1.2651931022264546e-06,5,41,6,0,1,0,0,0,0,0,0,0,0,0,0,0,1,0,0
1.6478368697290897e-06,5,15,3,0,1,0,0,0,0,0,0,0,0,0,0,0,1,0,0
2.1292274159420822e-06,5,112,19,0,1,0,0,0,0,0,0,0,0,0,0,0,1,0,0
1.2158197128712759e-06,5,11,2,0,1,0,0,0,0,0,0,0,0,0,0,0,1,0,0
7.961459033522568e-07,3,23,4,0,0,0,0,0,0,0,0,0,0,0,0,0,1,0,0
0.0016910509287622099,4,56,10,0,1,0,0,0,0,0,0,0,0,0,0,0,1,0,0
5.677939775845552e-07,1,13,2,0,0,0,0,0,0,0,0,0,0,0,0,0,1,0,0
2.1292274159420822e-06,5,110,18,0,1,0,0,0,0,0,0,0,0,0,0,0,1,0,0
2.1292274159420822e-06,5,40,6,0,1,0,0,0,0,0,0,0,0,0,0,0,1,0,0
8.208325980298462e-07,5,22,3,0,1,0,0,0,0,0,0,0,0,0,0,0,1,0,0
0.0012271015323389344,1,20,2,0,0,0,0,0,0,0,0,0,0,0,0,0,1,0,0
0.001073883561822476,3,58,7,0,0,0,0,0,0,0,0,0,0,0,0,0,1,0,0
0.0009664964399749622,5,22,3,0,1,0,0,0,0,0,0,0,0,0,0,0,1,0,0
1.4133132702919908e-06,5,40,6,0,1,0,0,0,0,0,0,0,0,0,0,0,1,0,0
1.524403396341143e-06,5,12,3,0,1,0,0,0,0,0,0,0,0,0,0,0,1,0,0
0.0010998045912339448,5,11,2,0,1,0,0,0,0,0,0,0,0,0,0,0,1,0,0
1.2034763655324813e-06,5,10,2,0,1,0,0,0,0,0,0,0,0,0,0,0,1,0,0
0.0012343470772268068,3,33,6,0,0,0,0,0,0,0,0,0,0,0,0,0,1,0,0
1.25284975488766e-06,5,13,2,0,1,0,0,0,0,0,0,0,0,0,0,0,1,0,0
0.0011220226164437752,5,11,2,0,1,0,0,0,0,0,0,0,0,0,0,0,1,0,0
8.146609243604488e-07,5,10,2,0,1,0,0,0,0,0,0,0,0,0,0,0,1,0,0
0.0016663642340846207,3,36,4,0,0,0,0,0,0,0,0,0,0,0,0,0,1,0,0
6.184017016736135e-06,4,17,3,0,1,0,0,0,0,0,0,0,0,0,0,0,1,0,0
9.874677871035743e-07,2,3,1,0,0,0,0,0,0,0,0,0,0,0,0,0,1,0,0
1.4071415966225935e-06,5,72,11,0,1,0,0,0,0,0,0,0,0,0,0,0,1,0,0
1.728068627431255e-06,1,13,2,0,0,0,0,0,0,0,0,0,0,0,0,0,1,0,0
7.529441876664754e-07,5,13,2,0,1,0,0,0,0,0,0,0,0,0,0,0,1,0,0
0.0,1,13,2,0,0,0,0,0,0,0,0,0,0,0,0,0,1,0,0
8.763776610544222e-07,4,46,8,0,1,0,0,0,0,0,0,0,0,0,0,0,1,0,0
0.000839359962385377,5,12,3,0,1,0,0,0,0,0,0,0,0,0,0,0,1,0,0
0.0015429307606966737,5,20,3,0,1,0,0,0,0,0,0,0,0,0,0,0,1,0,0
0.0025921152844942215,3,19,2,0,0,0,0,0,0,0,0,0,0,0,0,0,1,0,0
5.98652345931542e-07,5,15,3,0,1,0,0,0,0,0,0,0,0,0,0,0,1,0,0
1.8021287114640232e-06,1,15,2,0,0,0,0,0,0,0,0,0,0,0,0,0,1,0,0
0.001166458666863436,1,43,5,0,1,0,0,0,0,0,0,0,0,0,0,0,1,0,0
7.529441876664754e-07,5,10,2,0,1,0,0,0,0,0,0,0,0,0,0,0,1,0,0
8.146609243604488e-07,5,10,2,0,1,0,0,0,0,0,0,0,0,0,0,0,1,0,0
0.0006887711248520819,5,45,7,0,1,0,0,0,0,0,0,0,0,0,0,0,1,0,0
0.0006887711248520819,5,39,6,0,1,0,0,0,0,0,0,0,0,0,0,0,1,0,0
0.0007546845996412456,5,52,7,0,1,0,0,0,0,0,0,0,0,0,0,0,1,0,0
0.0,3,25,3,0,0,0,0,0,0,0,0,0,0,0,0,0,1,0,0
0.0,3,25,3,0,0,0,0,0,0,0,0,0,0,0,0,0,1,0,0
6.295107142785287e-07,5,12,2,0,1,0,0,0,0,0,0,0,0,0,0,0,1,0,0
0.001010932490394623,4,61,8,0,0,0,0,0,0,0,0,0,0,0,0,0,1,0,0
5.369356092375685e-07,5,13,2,0,1,0,0,0,0,0,0,0,0,0,0,0,1,0,0
0.00156119891475809,4,18,3,0,1,0,0,0,0,0,0,0,0,0,0,0,1,0,0
0.0006493012145117295,2,2,1,0,1,0,0,0,0,0,0,0,0,0,0,0,1,0,0
1.018326155450561e-06,5,12,3,0,1,0,0,0,0,0,0,0,0,0,0,0,1,0,0
9.380943977483956e-07,5,9,2,0,1,0,0,0,0,0,0,0,0,0,0,0,1,0,0
0.0011360940324100012,3,18,2,0,0,0,0,0,0,0,0,0,0,0,0,0,1,0,0
8.763776610544222e-07,5,14,2,0,1,0,0,0,0,0,0,0,0,0,0,0,1,0,0
0.0015120723923496872,5,13,3,0,1,0,0,0,0,0,0,0,0,0,0,0,1,0,0
7.529441876664754e-07,1,13,2,0,0,0,0,0,0,0,0,0,0,0,0,0,1,0,0
9.99811134442369e-07,5,19,3,0,1,1,0,0,0,0,0,0,0,0,0,0,1,0,0
0.0018515144441665409,3,2,62,0,1,0,0,0,0,0,0,0,0,0,0,0,1,0,0
0.0006788964469810462,1,7,1,0,0,0,0,0,0,0,0,0,0,0,0,0,1,0,0
0.0011331316290486904,3,57,8,0,0,0,0,0,0,0,0,0,0,0,0,0,1,0,0
0.0004888088979636082,5,13,2,0,1,0,0,0,0,0,0,0,0,0,0,0,1,0,0
1.524403396341143e-06,5,13,3,0,1,0,0,0,0,0,0,0,0,0,0,0,1,0,0
0.0009813084567815158,3,35,6,0,0,0,0,0,0,0,0,0,0,0,0,0,1,0,0
1.8823604691661885e-06,5,17,3,0,1,0,0,0,0,0,0,0,0,0,0,0,1,0,0
0.0,1,13,2,0,0,0,0,0,0,0,0,0,0,0,0,0,1,0,0
0.0005554629735930994,3,31,4,0,0,0,0,0,0,0,0,0,0,0,0,0,1,0,0
0.0009498329210675894,5,47,9,0,1,0,1,0,0,0,0,0,0,0,0,0,1,0,0
7.220858193194887e-07,5,12,2,0,1,0,0,0,0,0,0,0,0,0,0,0,1,0,0
0.0006171797102870728,3,32,5,0,0,0,0,0,0,0,0,0,0,0,0,0,1,0,0
0.0004665908727537777,5,13,2,0,1,0,0,0,0,0,0,0,0,0,0,0,1,0,0
9.010643557320116e-07,5,12,2,0,1,0,0,0,0,0,0,0,0,0,0,0,1,0,0
1.1849613445242893e-06,5,13,2,0,1,0,0,0,0,0,0,0,0,0,0,0,1,0,0
1.2219913865406732e-06,5,10,2,0,1,0,0,0,0,0,0,0,0,0,0,0,1,0,0
0.0005554629735930994,5,12,2,0,1,0,0,0,0,0,0,0,0,0,0,0,1,0,0
8.455192927074356e-07,5,13,2,0,1,0,0,0,0,0,0,0,0,0,0,0,1,0,0
1.2775364495652493e-06,5,35,5,0,1,0,0,0,0,0,0,0,0,0,0,0,1,0,0
1.0244978291199585e-06,5,16,3,0,1,0,0,0,0,0,0,0,0,0,0,0,1,0,0
0.0004443728475439473,1,51,8,0,0,0,0,0,0,0,0,0,0,0,0,0,1,0,0
1.073871218475137e-06,1,13,2,0,0,0,0,0,0,0,0,0,0,0,0,0,1,0,0
0.0006171797102870728,1,-1,43,0,0,0,0,0,0,0,0,0,0,0,0,0,1,0,0
8.702059873850248e-07,5,17,3,0,1,0,0,0,0,0,0,0,0,0,0,0,1,0,0
0.001635505865737634,3,38,5,0,0,0,0,0,0,0,0,0,0,0,0,0,1,0,0
8.270042716992435e-07,5,11,2,0,1,0,0,0,0,0,0,0,0,0,0,0,1,0,0
0.00046905954222153663,1,13,2,0,0,0,0,0,0,0,0,0,0,0,0,0,1,0,0
0.0014664020071961468,1,20,3,0,0,0,0,0,0,0,0,0,0,0,0,0,1,0,0
0.0014435668146193766,4,24,3,0,0,0,0,0,0,0,0,0,0,0,0,0,1,0,0
0.0004888088979636082,5,11,2,0,1,0,0,0,0,0,0,0,0,0,0,0,1,0,0
0.0011553496542585208,3,19,3,0,1,0,0,0,0,0,0,0,0,0,0,0,1,0,0
0.0007887522382963189,5,15,2,0,1,0,0,0,0,0,0,0,0,0,0,0,1,0,0
8.146609243604488e-07,5,11,2,0,1,0,0,0,0,0,0,0,0,0,0,0,1,0,0
0.0,1,13,2,0,0,0,0,0,0,0,0,0,0,0,0,0,1,0,0
0.000802329920368993,5,11,2,0,1,0,0,0,0,0,0,0,0,0,0,0,1,0,0
9.072360294014089e-07,5,17,3,0,1,0,0,0,0,0,0,0,0,0,0,0,1,0,0
0.000605462787825722,5,11,2,0,1,0,0,0,0,0,0,0,0,0,0,0,1,0,0
0.0011170852775082573,4,18,3,0,0,0,0,0,0,0,0,0,0,0,0,0,1,0,0
1.0800428921445345e-06,5,14,2,0,1,0,0,0,0,0,0,0,0,0,0,0,1,0,0
1.0676995448057397e-06,5,12,2,0,1,0,0,0,0,0,0,0,0,0,0,0,1,0,0
0.0010214243356325985,3,-60,31,0,1,0,0,0,0,0,0,0,0,0,0,0,1,0,0
0.0,5,21,3,0,1,0,0,0,0,0,0,0,0,0,0,0,1,0,0
1.3886265756144014e-06,5,10,2,0,1,0,0,0,0,0,0,0,0,0,0,0,1,0,0
1.2775364495652493e-06,5,10,2,0,1,0,0,0,0,0,0,0,0,0,0,0,1,0,0
0.00043326383493903206,5,15,3,0,1,0,0,0,0,0,0,0,0,0,0,0,1,0,0
1.6478368697290897e-06,5,40,6,0,1,0,0,0,0,0,0,0,0,0,0,0,1,0,0
0.001324453512800008,3,22,2,0,0,0,0,0,0,0,0,0,0,0,0,0,1,0,0
0.0005554629735930994,5,10,2,0,1,0,0,0,0,0,0,0,0,0,0,0,1,0,0
0.0007554252004815732,5,44,5,0,1,0,0,0,0,0,0,0,0,0,0,0,1,0,0
1.1232446078303157e-06,5,15,3,0,1,0,0,0,0,0,0,0,0,0,0,0,1,0,0
0.0008640466570629664,4,14,3,0,1,0,0,0,0,0,0,0,0,0,0,0,1,0,0
1.3207381652510307e-06,5,11,2,0,1,0,0,0,0,0,0,0,0,0,0,0,1,0,0
6.603690826255153e-07,1,13,2,0,0,0,0,0,0,0,0,0,0,0,0,0,1,0,0
1.0306695027893558e-06,5,9,2,0,1,0,0,0,0,0,0,0,0,0,0,0,1,0,0
0.0005110269231734386,5,11,2,0,1,0,0,0,0,0,0,0,0,0,0,0,1,0,0
0.0008640466570629664,3,18,4,0,0,0,0,0,0,0,0,0,0,0,0,0,1,0,0
0.0004443728475439473,1,13,2,0,0,0,0,0,0,0,0,0,0,0,0,0,1,0,0
0.0007554252004815732,5,14,2,0,1,0,0,0,0,0,0,0,0,0,0,0,1,0,0
0.0,5,8,2,0,1,0,0,0,0,0,0,0,0,0,0,0,1,0,0
0.0015904526479510333,5,99,16,0,1,0,0,0,0,0,0,0,0,0,0,0,1,0,0
1.2960514705734414e-06,5,11,2,0,1,0,0,0,0,0,0,0,0,0,0,0,1,0,0
0.0013330938559371643,3,39,5,0,0,0,0,0,0,0,0,0,0,0,0,0,1,0,0
1.2466780812182627e-06,5,24,3,0,1,0,0,0,0,0,0,0,0,0,0,0,1,0,0
8.702059873850248e-07,5,17,3,0,1,0,0,0,0,0,0,0,0,0,0,0,1,0,0
1.6663518907372816e-06,5,45,8,0,1,0,0,0,0,0,0,0,0,0,0,0,1,0,0
0.0017897977074725674,5,13,2,0,1,0,0,0,0,0,0,0,0,0,0,0,1,0,0
2.1724291316278637e-06,5,12,3,0,1,0,0,0,0,0,0,0,0,0,0,0,1,0,0
8.763776610544222e-07,5,12,3,0,1,0,0,0,0,0,0,0,0,0,0,0,1,0,0
1.1232446078303157e-06,5,11,2,0,1,0,0,0,0,0,0,0,0,0,0,0,1,0,0
1.0306695027893558e-06,5,20,3,0,1,0,0,0,0,0,0,0,0,0,0,0,1,0,0
1.6478368697290897e-06,5,13,2,0,1,0,0,0,0,0,0,0,0,0,0,0,1,0,0
0.0019564328965462952,1,9,1,0,0,0,0,0,0,0,0,0,0,0,0,0,1,0,0
8.887210083932169e-07,5,11,2,0,1,0,0,0,0,0,0,0,0,0,0,0,1,0,0
1.4997167016635535e-06,5,37,6,0,1,0,0,0,0,0,0,0,0,0,0,0,1,0,0
9.442660714177929e-07,5,16,2,0,1,0,0,0,0,0,0,0,0,0,0,0,1,0,0
0.0,5,40,7,0,1,0,0,0,0,0,0,0,0,0,0,0,1,0,0
0.0010862269091612706,5,12,3,0,1,0,0,0,0,0,0,0,0,0,0,0,1,0,0
8.146609243604488e-07,5,14,2,0,1,0,0,0,0,0,0,0,0,0,0,0,1,0,0
1.34542485992862e-06,1,22,4,0,0,0,0,0,0,0,0,0,0,0,0,0,1,0,0
0.0004999179105685234,5,40,6,0,1,0,0,0,0,0,0,0,0,0,0,0,1,0,0
9.442660714177929e-07,5,16,2,0,1,0,0,0,0,0,0,0,0,0,0,0,1,0,0
1.6601802170678843e-06,5,11,2,0,1,0,0,0,0,0,0,0,0,0,0,0,1,0,0
0.0,5,19,3,0,1,1,0,0,0,0,0,0,0,0,0,0,1,0,0
0.0,1,17,1,0,1,0,0,0,0,0,0,0,0,0,0,0,1,0,0
1.4318282913001828e-06,5,22,3,0,1,0,0,0,0,0,0,0,0,0,0,0,1,0,0
0.0011356002985164493,5,17,3,0,1,0,0,0,0,0,0,0,0,0,0,0,1,0,0
7.838025560134621e-07,5,12,3,0,1,0,0,0,0,0,0,0,0,0,0,0,1,0,0
1.3886265756144014e-06,5,10,2,0,1,0,0,0,0,0,0,0,0,0,0,0,1,0,0
8.763776610544222e-07,5,15,3,0,1,0,0,0,0,0,0,0,0,0,0,0,1,0,0
0.000765299878352609,5,14,3,0,1,0,0,0,0,0,0,0,0,0,0,0,1,0,0
6.788841036337073e-07,5,14,2,0,1,0,0,0,0,0,0,0,0,0,0,0,1,0,0
0.0010553685408142839,5,12,2,0,1,0,0,0,0,0,0,0,0,0,0,0,1,0,0
6.295107142785287e-07,5,17,3,0,1,0,0,0,0,0,0,0,0,0,0,0,1,0,0
1.1232446078303157e-06,5,10,2,0,1,0,0,0,0,0,0,0,0,0,0,0,1,0,0
0.0005554629735930994,5,15,3,0,1,0,0,0,0,0,0,0,0,0,0,0,1,0,0
0.0005776809988029298,5,15,3,0,1,0,0,0,0,0,0,0,0,0,0,0,1,0,0
0.0005776809988029298,5,15,3,0,1,0,0,0,0,0,0,0,0,0,0,0,1,0,0
0.0013330938559371643,5,83,14,0,1,0,1,0,0,0,0,0,0,0,0,0,1,0,0
0.0021600981276364076,3,44,8,0,1,0,0,0,0,0,0,0,0,0,0,0,1,0,0
1.6478368697290897e-06,5,17,3,0,1,0,0,0,0,0,0,0,0,0,0,0,1,0,0
0.0012855719686828047,4,16,3,0,1,0,0,0,0,0,0,0,0,0,0,0,1,0,0
9.25751050409601e-07,5,12,2,0,1,0,0,0,0,0,0,0,0,0,0,0,1,0,0
0.0011536771306941143,1,21,4,0,0,0,0,0,0,0,0,0,0,0,0,0,1,0,0
0.0012164492235855545,1,32,5,0,1,0,0,0,0,0,0,0,0,0,0,0,1,0,0
7.776308823440648e-07,5,14,3,0,1,0,0,0,0,0,0,0,0,0,0,0,1,0,0
0.0018052268916460606,5,11,2,0,1,0,0,0,0,0,0,0,0,0,0,0,1,0,0
0.0013762955716229456,1,6,1,0,0,0,0,0,0,0,0,0,0,0,0,0,1,0,0
0.0016527865520119464,3,56,9,0,1,0,0,0,0,0,0,0,0,0,0,0,1,0,0
0.000802329920368993,3,35,4,0,0,0,0,0,0,0,0,0,0,0,0,0,1,0,0
0.0019132311808605141,3,13,2,0,1,0,0,0,0,0,0,0,0,0,0,0,1,0,0
0.001802141054811362,1,13,2,0,0,0,0,0,0,0,0,0,0,0,0,0,1,0,0
1.2837081232346466e-06,5,11,2,0,1,0,0,0,0,0,0,0,0,0,0,0,1,0,0
1.0676995448057397e-06,5,42,6,0,1,0,0,0,0,0,0,0,0,0,0,0,1,0,0
0.0005332449483832689,5,10,2,0,1,0,0,0,0,0,0,0,0,0,0,0,1,0,0
1.3947982492837987e-06,5,10,2,0,1,0,0,0,0,0,0,0,0,0,0,0,1,0,0
1.2837081232346466e-06,5,11,2,0,1,0,0,0,0,0,0,0,0,0,0,0,1,0,0
0.0003033192458298711,5,10,2,0,1,0,0,0,0,0,0,0,0,0,0,0,1,0,0
9.380943977483956e-07,5,14,2,0,1,0,0,0,0,0,0,0,0,0,0,0,1,0,0
0.001010932490394623,4,26,3,0,0,0,0,0,0,0,0,0,0,0,0,0,1,0,0
0.0021600981276364076,4,21,4,0,1,0,0,0,0,0,0,0,0,0,0,0,1,0,0
9.442660714177929e-07,5,16,2,0,1,0,0,0,0,0,0,0,0,0,0,0,1,0,0
0.0009331694021602166,5,9,2,0,1,0,0,0,0,0,0,0,0,0,0,0,1,0,0
0.000802329920368993,5,16,4,0,1,0,0,0,0,0,0,0,0,0,0,0,1,0,0
0.0005455882957220637,4,25,3,0,0,0,0,0,0,0,0,0,0,0,0,0,1,0,0
5.060772408905818e-07,5,14,2,0,1,0,0,0,0,0,0,0,0,0,0,0,1,0,0
0.0016200766815641404,3,45,9,0,1,0,0,0,0,0,0,0,0,0,0,0,1,0,0
0.0005332449483832689,1,25,4,0,0,0,0,0,0,0,0,0,0,0,0,0,1,0,0
0.00047769988535869293,5,11,2,0,1,0,0,0,0,0,0,0,0,0,0,0,1,0,0
0.000567806320931894,1,9,1,0,0,0,0,0,0,0,0,0,0,0,0,0,1,0,0
0.000999823477789708,5,10,2,0,1,0,0,0,0,0,0,0,0,0,0,0,1,0,0
0.0008640466570629664,3,33,6,0,0,0,0,0,0,0,0,0,0,0,0,0,1,0,0
0.0,5,21,3,0,1,0,0,0,0,0,0,0,0,0,0,0,1,0,0
1.1787896708548918e-06,5,10,2,0,1,0,0,0,0,0,0,0,0,0,0,0,1,0,0
0.0014873856976720978,3,76,10,0,0,0,0,0,0,0,0,0,0,0,0,0,1,0,0
0.0017249951339438953,3,14,2,0,1,0,0,0,0,0,0,0,0,0,0,0,1,0,0
0.0008640466570629664,1,11,2,0,0,0,0,0,0,0,0,0,0,0,0,0,1,0,0
0.0005776809988029298,1,7,1,0,0,0,0,0,0,0,0,0,0,0,0,0,1,0,0
0.000999823477789708,1,9,2,0,1,0,0,0,0,0,0,0,0,0,0,0,1,0,0
0.0008640466570629664,4,22,5,0,1,0,0,0,0,0,0,0,0,0,0,0,1,0,0
0.0004554818601488625,5,10,2,0,1,0,0,0,0,0,0,0,0,0,0,0,1,0,0
9.81296113434177e-07,5,10,2,0,1,0,0,0,0,0,0,0,0,0,0,0,1,0,0
1.4935450279941562e-06,5,17,3,0,1,0,0,0,0,0,0,0,0,0,0,0,1,0,0
0.001693211014546499,5,97,20,0,1,0,0,0,0,0,0,0,0,0,0,0,1,0,0
9.99811134442369e-07,3,29,4,0,0,1,0,0,0,0,0,0,0,0,0,0,1,0,0
0.0005665719861980146,5,14,3,0,1,0,0,0,0,0,0,0,0,0,0,0,1,0,0
0.0006221170492225907,3,24,2,0,0,0,0,0,0,0,0,0,0,0,0,0,1,0,0
1.4256566176307855e-06,5,22,3,0,1,0,0,0,0,0,0,0,0,0,0,0,1,0,0
0.0012343470772268068,1,13,2,0,0,0,0,0,0,0,0,0,0,0,0,0,1,0,0
2.2230368557169215e-05,3,22,3,0,0,0,0,0,0,0,0,0,0,0,0,0,1,0,0
1.308394817912236e-06,5,42,6,0,1,0,0,0,0,0,0,0,0,0,0,0,1,0,0
0.0,3,23,3,0,0,0,0,0,0,0,0,0,0,0,0,0,1,0,0
1.400969922953196e-06,5,13,3,0,1,0,0,0,0,0,0,0,0,0,0,0,1,0,0
8.146609243604488e-07,5,14,2,0,1,0,0,0,0,0,0,0,0,0,0,0,1,0,0
1.9564205531989565e-06,5,23,4,0,1,1,0,0,0,0,0,0,0,0,0,0,1,0,0
0.0005332449483832689,3,13,3,0,1,0,0,0,0,0,0,0,0,0,0,0,1,0,0
0.0007554252004815732,5,11,2,0,1,0,0,0,0,0,0,0,0,0,0,0,1,0,0
9.134077030708062e-07,5,17,3,0,1,0,0,0,0,0,0,0,0,0,0,0,1,0,0
9.195793767402036e-07,5,20,3,0,1,0,0,0,0,0,0,0,0,0,0,0,1,0,0
8.146609243604488e-07,5,17,3,0,1,0,0,0,0,0,0,0,0,0,0,0,1,0,0
1.0676995448057397e-06,5,53,8,0,1,0,0,0,0,0,0,0,0,0,0,0,1,0,0
8.763776610544222e-07,3,14,2,0,1,0,0,0,0,0,0,0,0,0,0,0,1,0,0
0.0004443728475439473,5,12,2,0,1,0,0,0,0,0,0,0,0,0,0,0,1,0,0
1.2158197128712759e-06,5,48,8,0,1,0,0,0,0,0,0,0,0,0,0,0,1,0,0
1.6786952380760765e-06,5,13,2,0,1,0,0,0,0,0,0,0,0,0,0,0,1,0,0
0.0010800552354918733,1,15,1,0,1,0,0,0,0,0,0,0,0,0,0,0,1,0,0
0.0006665530996422515,5,16,3,0,1,0,0,0,0,0,0,0,0,0,0,0,1,0,0
1.036841176458753e-06,5,11,2,0,1,0,0,0,0,0,0,0,0,0,0,0,1,0,0
1.9872789215459433e-06,5,10,2,0,1,0,0,0,0,0,0,0,0,0,0,0,1,0,0
9.380943977483956e-07,5,14,2,0,1,0,0,0,0,0,0,0,0,0,0,0,1,0,0
0.0007776432256914037,5,20,3,0,1,0,0,0,0,0,0,0,0,0,0,0,1,0,0
0.000802329920368993,3,24,3,0,0,0,0,0,0,0,0,0,0,0,0,0,1,0,0
0.0,3,25,3,0,0,0,0,0,0,0,0,0,0,0,0,0,1,0,0
1.0862145658139318e-06,5,13,3,0,1,0,0,0,0,0,0,0,0,0,0,0,1,0,0
0.0010615402144836812,3,47,8,0,0,0,0,0,0,0,0,0,0,0,0,0,1,0,0
0.0025078719389069475,1,52,9,0,0,0,0,0,0,0,0,0,0,0,0,0,1,0,0
2.0983690475950954e-06,5,11,2,0,1,0,0,0,0,0,0,0,0,0,0,0,1,0,0
9.689527660953824e-07,5,13,2,0,1,0,0,0,0,0,0,0,0,0,0,0,1,0,0
9.504377450871902e-07,5,8,2,0,1,0,0,0,0,0,0,0,0,0,0,0,1,0,0
1.0862145658139318e-06,5,14,2,0,1,0,0,0,0,0,0,0,0,0,0,0,1,0,0
9.134077030708062e-07,5,15,3,0,1,0,0,0,0,0,0,0,0,0,0,0,1,0,0
0.0004665908727537777,5,52,8,0,1,0,0,0,0,0,0,0,0,0,0,0,1,0,0
1.2590214285570573e-06,5,15,3,0,1,0,0,0,0,0,0,0,0,0,0,0,1,0,0
1.0615278711363424e-06,1,22,4,0,0,0,0,0,0,0,0,0,0,0,0,0,1,0,0
1.1170729341609184e-06,1,13,2,0,0,0,0,0,0,0,0,0,0,0,0,0,1,0,0
1.4194849439613882e-06,5,16,3,0,1,0,0,0,0,0,0,0,0,0,0,0,1,0,0
0.0005221359357783537,5,13,2,0,1,0,0,0,0,0,0,0,0,0,0,0,1,0,0
6.665407562949127e-07,5,14,2,0,1,0,0,0,0,0,0,0,0,0,0,0,1,0,0
0.0005998990240127603,5,12,2,0,1,0,0,0,0,0,0,0,0,0,0,0,1,0,0
1.8638454481579966e-06,5,17,3,0,1,0,0,0,0,0,0,0,0,0,0,0,1,0,0
1.3022231442428387e-06,5,14,2,0,1,0,0,0,0,0,0,0,0,0,0,0,1,0,0
0.0005221359357783537,5,12,2,0,1,0,0,0,0,0,0,0,0,0,0,0,1,0,0
5.245922618987739e-07,5,46,7,0,1,0,0,0,0,0,0,0,0,0,0,0,1,0,0
2.4624977940895386e-06,5,11,2,0,1,0,0,0,0,0,0,0,0,0,0,0,1,0,0
2.7525664565512135e-06,5,14,3,0,1,0,0,0,0,0,0,0,0,0,0,0,1,0,0
0.0018515144441665409,5,17,3,0,1,0,0,0,0,0,0,0,0,0,0,0,1,0,0
0.00047769988535869293,5,16,3,0,1,0,0,0,0,0,0,0,0,0,0,0,1,0,0
6.418540616173233e-07,5,12,3,0,1,0,0,0,0,0,0,0,0,0,0,0,1,0,0
0.0006480380786340595,3,35,4,0,0,0,0,0,0,0,0,0,0,0,0,0,1,0,0
0.0019324744593616952,5,46,10,0,1,0,1,0,0,0,0,0,0,0,0,0,1,0,0
0.0,1,34,4,0,0,0,0,0,0,0,0,0,0,0,0,0,1,0,0
0.0015126895597166268,3,14,2,0,1,0,0,0,0,0,0,0,0,0,0,0,1,0,0
1.2651931022264546e-06,1,14,3,0,0,0,0,0,0,0,0,0,0,0,0,0,1,0,0
1.0306695027893558e-06,5,10,2,0,1,0,0,0,0,0,0,0,0,0,0,0,1,0,0
1.110901260491521e-06,5,10,2,0,1,0,0,0,0,0,0,0,0,0,0,0,1,0,0
0.0010220415029995383,5,8,2,0,1,0,0,0,0,0,0,0,0,0,0,0,1,0,0
0.0,5,13,3,0,1,0,0,0,0,0,0,0,0,0,0,0,1,0,0
1.3701115546062094e-06,5,12,3,0,1,0,0,0,0,0,0,0,0,0,0,0,1,0,0
0.0009257633937569398,3,24,3,0,0,0,0,0,0,0,0,0,0,0,0,0,1,0,0
6.603690826255153e-07,5,13,3,0,1,0,0,0,0,0,0,0,0,0,0,0,1,0,0
0.0006887711248520819,5,12,2,0,1,0,0,0,0,0,0,0,0,0,0,0,1,0,0
1.8638454481579966e-06,5,17,3,0,1,0,0,0,0,0,0,0,0,0,0,0,1,0,0
1.1849613445242893e-06,5,10,2,0,1,0,0,0,0,0,0,0,0,0,0,0,1,0,0
0.0008220792761110644,5,11,2,0,1,0,0,0,0,0,0,0,0,0,0,0,1,0,0
1.400969922953196e-06,5,12,3,0,1,0,0,0,0,0,0,0,0,0,0,0,1,0,0
0.002098381390942434,1,13,2,0,0,0,0,0,0,0,0,0,0,0,0,0,1,0,0
2.456326120420141e-06,5,12,3,0,1,0,0,0,0,0,0,0,0,0,0,0,1,0,0
9.380943977483956e-07,5,9,2,0,1,0,0,0,0,0,0,0,0,0,0,0,1,0,0
2.6044462884856775e-06,5,13,2,0,1,0,0,0,0,0,0,0,0,0,0,0,1,0,0
1.8083003851334205e-06,5,11,2,0,1,0,0,0,0,0,0,0,0,0,0,0,1,0,0
2.345235994370989e-06,5,12,3,0,1,0,0,0,0,0,0,0,0,0,0,0,1,0,0
4.443605041966085e-07,5,12,2,0,1,0,0,0,0,0,0,0,0,0,0,0,1,0,0
1.0923862394833291e-06,5,12,2,0,1,0,0,0,0,0,0,0,0,0,0,0,1,0,0
1.2651931022264546e-06,5,18,3,0,1,0,0,0,0,0,0,0,0,0,0,0,1,0,0
3.8017509803487614e-06,5,11,2,0,1,0,0,0,0,0,0,0,0,0,0,0,1,0,0
0.0005221359357783537,5,20,4,0,1,0,0,0,0,0,0,0,0,0,0,0,1,0,0
1.9008754901743807e-06,5,12,3,0,1,0,0,0,0,0,0,0,0,0,0,0,1,0,0
9.99811134442369e-07,5,15,3,0,1,0,0,0,0,0,0,0,0,0,0,0,1,0,0
2.3328926470321943e-06,5,11,2,0,1,0,0,0,0,0,0,0,0,0,0,0,1,0,0
2.6353046568326642e-06,5,17,3,0,1,0,0,0,0,0,0,0,0,0,0,0,1,0,0
0.001321984843332249,3,14,2,0,1,0,0,0,0,0,0,0,0,0,0,0,1,0,0
1.7836136904558313e-06,5,11,2,0,1,0,0,0,0,0,0,0,0,0,0,0,1,0,0
1.7218969537618577e-06,5,11,2,0,1,0,0,0,0,0,0,0,0,0,0,0,1,0,0
1.4133132702919908e-06,5,16,2,0,1,0,0,0,0,0,0,0,0,0,0,0,1,0,0
9.99811134442369e-07,5,13,2,0,1,0,0,0,0,0,0,0,0,0,0,0,1,0,0
9.319227240789983e-07,5,13,2,0,1,0,0,0,0,0,0,0,0,0,0,0,1,0,0
0.0008220792761110644,5,11,2,0,1,0,0,0,0,0,0,0,0,0,0,0,1,0,0
6.91227450972502e-07,5,10,2,0,1,0,0,0,0,0,0,0,0,0,0,0,1,0,0
1.3577682072674148e-06,5,13,2,0,1,0,0,0,0,0,0,0,0,0,0,0,1,0,0
0.0006480380786340595,3,30,4,0,0,0,0,0,0,0,0,0,0,0,0,0,1,0,0
0.0006110080366176755,5,9,2,0,1,0,0,0,0,0,0,0,0,0,0,0,1,0,0
7.776308823440648e-07,3,37,5,0,0,0,0,0,0,0,0,0,0,0,0,0,1,0,0
7.961459033522568e-07,5,10,2,0,1,0,0,0,0,0,0,0,0,0,0,0,1,0,0
1.1232446078303157e-06,1,13,2,0,0,0,0,0,0,0,0,0,0,0,0,0,1,0,0
6.184017016736135e-06,4,17,3,0,1,0,0,0,0,0,0,0,0,0,0,0,1,0,0
1.0491845237975477e-06,5,13,3,0,1,0,0,0,0,0,0,0,0,0,0,0,1,0,0
1.2651931022264546e-06,5,15,2,0,1,0,0,0,0,0,0,0,0,0,0,0,1,0,0
0.0005332449483832689,4,16,3,0,1,0,0,0,0,0,0,0,0,0,0,0,1,0,0
0.0005665719861980146,5,11,2,0,1,0,0,0,0,0,0,0,0,0,0,0,1,0,0
0.0004554818601488625,5,55,7,0,1,0,0,0,0,0,0,0,0,0,0,0,1,0,0
0.0008887333517405558,5,12,3,0,1,0,0,0,0,0,0,0,0,0,0,0,1,0,0
0.000756042367848513,3,19,2,0,0,0,0,0,0,0,0,0,0,0,0,0,1,0,0
0.0006816613567849362,5,16,2,0,1,0,0,0,0,0,0,0,0,0,0,0,1,0,0
0.0005554629735930994,1,14,1,0,1,0,0,0,0,0,0,0,0,0,0,0,1,0,0
0.0009776054525798775,3,23,3,0,0,0,0,0,0,0,0,0,0,0,0,0,1,0,0
0.002273039755786379,1,22,4,0,0,0,0,0,0,0,0,0,0,0,0,0,1,0,0
0.000999823477789708,1,14,2,0,1,0,0,0,0,0,0,0,0,0,0,0,1,0,0
1.018326155450561e-06,5,12,2,0,1,0,0,0,0,0,0,0,0,0,0,0,1,0,0
0.0010356191850722125,5,20,3,0,1,0,0,0,0,0,0,0,0,0,0,0,1,0,0
0.0005110269231734386,4,20,3,0,1,0,0,0,0,0,0,0,0,0,0,0,1,0,0
1.8083003851334205e-06,5,13,3,0,1,0,0,0,0,0,0,0,0,0,0,0,1,0,0
0.0,3,10,1,0,1,0,0,0,0,0,0,0,0,0,0,0,1,0,0
0.0,2,12,1,0,1,0,0,0,0,0,0,0,0,0,0,0,1,0,0
0.0,2,13,1,0,1,0,0,0,0,0,0,0,0,0,0,0,1,0,0
0.0,2,13,1,0,1,0,0,0,0,0,0,0,0,0,0,0,1,0,0
0.0,2,13,1,0,1,0,0,0,0,0,0,0,0,0,0,0,1,0,0
0.0,2,12,1,0,1,0,0,0,0,0,0,0,0,0,0,0,1,0,0
0.0007665342130864884,1,17,2,0,1,0,0,0,0,0,0,0,0,0,0,0,1,0,0
0.00111091360383886,1,6,1,0,0,0,0,0,0,0,0,0,0,0,0,0,1,0,0
0.0010961015870323064,5,15,3,0,1,0,0,0,0,0,0,0,0,0,0,0,1,0,0
0.0,3,16,2,0,0,0,0,0,0,0,0,0,0,0,0,0,1,0,0
1.0923862394833291e-06,5,14,2,0,1,0,0,0,0,0,0,0,0,0,0,0,1,0,0
1.0059828081117663e-06,5,9,2,0,1,0,0,0,0,0,0,0,0,0,0,0,1,0,0
8.146609243604488e-07,5,10,2,0,1,0,0,0,0,0,0,0,0,0,0,0,1,0,0
1.3207381652510307e-06,3,14,2,0,1,0,0,0,0,0,0,0,0,0,0,0,1,0,0
0.0004443728475439473,5,10,2,0,1,0,0,0,0,0,0,0,0,0,0,0,1,0,0
0.0007887522382963189,4,17,4,0,1,0,0,0,0,0,0,0,0,0,0,0,1,0,0
0.0011974034386417942,3,19,3,0,0,0,0,0,0,0,0,0,0,0,0,0,1,0,0
9.99811134442369e-07,1,22,4,0,0,0,0,0,0,0,0,0,0,0,0,0,1,0,0
0.0005332449483832689,5,54,7,0,1,0,0,0,0,0,0,0,0,0,0,0,1,0,0
9.99811134442369e-07,1,22,4,0,0,0,0,0,0,0,0,0,0,0,0,0,1,0,0
1.1787896708548918e-06,5,10,2,0,1,0,0,0,0,0,0,0,0,0,0,0,1,0,0
9.380943977483956e-07,5,14,2,0,1,0,0,0,0,0,0,0,0,0,0,0,1,0,0
0.00047769988535869293,5,16,3,0,1,0,0,0,0,0,0,0,0,0,0,0,1,0,0
1.0985579131527265e-06,5,12,3,0,1,0,0,0,0,0,0,0,0,0,0,0,1,0,0
1.4935450279941562e-06,5,13,2,0,1,0,0,0,0,0,0,0,0,0,0,0,1,0,0
0.0009658792726080225,3,35,4,0,0,0,0,0,0,0,0,0,0,0,0,0,1,0,0
1.4935450279941562e-06,5,12,3,0,1,0,0,0,0,0,0,0,0,0,0,0,1,0,0
1.2775364495652493e-06,5,11,2,0,1,0,0,0,0,0,0,0,0,0,0,0,1,0,0
0.00047769988535869293,5,16,3,0,1,0,0,0,0,0,0,0,0,0,0,0,1,0,0
6.91227450972502e-07,5,10,2,0,1,0,0,0,0,0,0,0,0,0,0,0,1,0,0
0.00047769988535869293,5,16,3,0,1,0,0,0,0,0,0,0,0,0,0,0,1,0,0
0.0006887711248520819,1,19,2,0,0,0,0,0,0,0,0,0,0,0,0,0,1,0,0
1.0306695027893558e-06,5,12,2,0,1,0,0,0,0,0,0,0,0,0,0,0,1,0,0
1.1294162814997132e-06,5,10,2,0,1,0,0,0,0,0,0,0,0,0,0,0,1,0,0
1.3947982492837987e-06,5,13,3,0,1,0,0,0,0,0,0,0,0,0,0,0,1,0,0
1.6416651960596924e-06,5,11,2,0,1,0,0,0,0,0,0,0,0,0,0,0,1,0,0
8.331759453686408e-07,3,23,3,0,0,0,0,0,0,0,0,0,0,0,0,0,1,0,0
0.0008665153265307253,5,48,7,0,1,0,0,0,0,0,0,0,0,0,0,0,1,0,0
2.11071239493389e-06,5,17,3,0,1,0,0,0,0,0,0,0,0,0,0,0,1,0,0
0.0010331505156044535,1,24,3,0,0,0,0,0,0,0,0,0,0,0,0,0,1,0,0
